$MeshFormat
4.1 0 8
$EndMeshFormat
$PhysicalNames
6
1 1 "bottom"
1 2 "right"
1 3 "top"
1 4 "left"
1 5 "hole_boundary"
2 6 "domain"
$EndPhysicalNames
$Entities
12 12 1 0
1 0 0 0 0 
2 1 0 0 0 
3 1 -1 0 0 
4 2 -1 0 0 
5 2 0 0 0 
6 2 1 0 0 
7 1 1 0 0 
8 0 1 0 0 
9 0.25 0.25 0 0 
10 0.75 0.25 0 0 
11 0.75 0.75 0 0 
12 0.25 0.75 0 0 
1 0 0 0 1 0 0 1 1 2 1 -2 
2 1 -1 0 1 0 0 1 4 2 2 -3 
3 1 -1 0 2 -1 0 1 1 2 3 -4 
4 2 -1 0 2 0 0 1 2 2 4 -5 
5 2 0 0 2 1 0 1 2 2 5 -6 
6 1 1 0 2 1 0 1 3 2 6 -7 
7 0 1 0 1 1 0 1 3 2 7 -8 
8 0 0 0 0 1 0 1 4 2 8 -1 
9 0.25 0.25 0 0.75 0.25 0 1 5 2 9 -10 
10 0.75 0.25 0 0.75 0.75 0 1 5 2 10 -11 
11 0.25 0.75 0 0.75 0.75 0 1 5 2 11 -12 
12 0.25 0.25 0 0.25 0.75 0 1 5 2 12 -9 
1 0 -1 0 2 1 0 1 6 12 1 2 3 4 5 6 7 8 -12 -11 -10 -9 
$EndEntities
$Nodes
25 3943 1 3943
0 1 0 1
1
0 0 0
0 2 0 1
2
1 0 0
0 3 0 1
3
1 -1 0
0 4 0 1
4
2 -1 0
0 5 0 1
5
2 0 0
0 6 0 1
6
2 1 0
0 7 0 1
7
1 1 0
0 8 0 1
8
0 1 0
0 9 0 1
9
0.25 0.25 0
0 10 0 1
10
0.75 0.25 0
0 11 0 1
11
0.75 0.75 0
0 12 0 1
12
0.25 0.75 0
1 1 0 33
13
14
15
16
17
18
19
20
21
22
23
24
25
26
27
28
29
30
31
32
33
34
35
36
37
38
39
40
41
42
43
44
45
0.02941176470582653 0 0
0.0588235294116454 0 0
0.08823529411747953 0 0
0.1176470588233168 0 0
0.1470588235291237 0 0
0.1764705882349203 0 0
0.2058823529407169 0 0
0.2352941176465135 0 0
0.26470588235231 0 0
0.2941176470581066 0 0
0.3235294117639032 0 0
0.3529411764696997 0 0
0.3823529411754963 0 0
0.4117647058812929 0 0
0.4411764705870895 0 0
0.4705882352928861 0 0
0.4999999999986935 0 0
0.5294117647046425 0 0
0.5588235294106024 0 0
0.5882352941165623 0 0
0.6176470588225221 0 0
0.6470588235284821 0 0
0.6764705882344419 0 0
0.7058823529404019 0 0
0.7352941176463618 0 0
0.7647058823523216 0 0
0.7941176470582816 0 0
0.8235294117642414 0 0
0.8529411764702013 0 0
0.8823529411761613 0 0
0.9117647058821211 0 0
0.941176470588081 0 0
0.9705882352940406 0 0
1 2 0 33
46
47
48
49
50
51
52
53
54
55
56
57
58
59
60
61
62
63
64
65
66
67
68
69
70
71
72
73
74
75
76
77
78
1 -0.02941176470582653 0
1 -0.0588235294116454 0
1 -0.08823529411747953 0
1 -0.1176470588233168 0
1 -0.1470588235291237 0
1 -0.1764705882349203 0
1 -0.2058823529407169 0
1 -0.2352941176465135 0
1 -0.26470588235231 0
1 -0.2941176470581066 0
1 -0.3235294117639032 0
1 -0.3529411764696997 0
1 -0.3823529411754963 0
1 -0.4117647058812929 0
1 -0.4411764705870895 0
1 -0.4705882352928861 0
1 -0.4999999999986935 0
1 -0.5294117647046425 0
1 -0.5588235294106024 0
1 -0.5882352941165623 0
1 -0.6176470588225221 0
1 -0.6470588235284821 0
1 -0.6764705882344419 0
1 -0.7058823529404019 0
1 -0.7352941176463618 0
1 -0.7647058823523216 0
1 -0.7941176470582816 0
1 -0.8235294117642414 0
1 -0.8529411764702013 0
1 -0.8823529411761613 0
1 -0.9117647058821211 0
1 -0.941176470588081 0
1 -0.9705882352940406 0
1 3 0 33
79
80
81
82
83
84
85
86
87
88
89
90
91
92
93
94
95
96
97
98
99
100
101
102
103
104
105
106
107
108
109
110
111
1.029411764705882 -1 0
1.058823529411765 -1 0
1.088235294117647 -1 0
1.117647058823529 -1 0
1.147058823529412 -1 0
1.176470588235294 -1 0
1.205882352941177 -1 0
1.235294117647059 -1 0
1.264705882352942 -1 0
1.294117647058824 -1 0
1.323529411764706 -1 0
1.352941176470588 -1 0
1.382352941176471 -1 0
1.411764705882353 -1 0
1.441176470588235 -1 0
1.470588235294118 -1 0
1.5 -1 0
1.529411764705882 -1 0
1.558823529411764 -1 0
1.588235294117647 -1 0
1.617647058823529 -1 0
1.647058823529412 -1 0
1.676470588235294 -1 0
1.705882352941176 -1 0
1.735294117647058 -1 0
1.764705882352941 -1 0
1.794117647058823 -1 0
1.823529411764705 -1 0
1.852941176470588 -1 0
1.88235294117647 -1 0
1.911764705882352 -1 0
1.941176470588235 -1 0
1.970588235294117 -1 0
1 4 0 33
112
113
114
115
116
117
118
119
120
121
122
123
124
125
126
127
128
129
130
131
132
133
134
135
136
137
138
139
140
141
142
143
144
2 -0.9705882352939952 0
2 -0.9411764705879904 0
2 -0.9117647058819855 0
2 -0.882352941175982 0
2 -0.8529411764702208 0
2 -0.8235294117645424 0
2 -0.7941176470588641 0
2 -0.7647058823531858 0
2 -0.7352941176475076 0
2 -0.7058823529418293 0
2 -0.6764705882361511 0
2 -0.6470588235304728 0
2 -0.6176470588247946 0
2 -0.5882352941191165 0
2 -0.5588235294134382 0
2 -0.52941176470776 0
2 -0.50000000000206 0
2 -0.470588235296077 0
2 -0.441176470590072 0
2 -0.4117647058840672 0
2 -0.3823529411780624 0
2 -0.3529411764720576 0
2 -0.3235294117660528 0
2 -0.2941176470600478 0
2 -0.264705882354043 0
2 -0.2352941176480381 0
2 -0.2058823529420333 0
2 -0.1764705882360285 0
2 -0.1470588235300236 0
2 -0.1176470588240188 0
2 -0.08823529411801401 0
2 -0.05882352941200919 0
2 -0.02941176470600448 0
1 5 0 33
145
146
147
148
149
150
151
152
153
154
155
156
157
158
159
160
161
162
163
164
165
166
167
168
169
170
171
172
173
174
175
176
177
2 0.02941176470582653 0
2 0.0588235294116454 0
2 0.08823529411747953 0
2 0.1176470588233168 0
2 0.1470588235291237 0
2 0.1764705882349203 0
2 0.2058823529407169 0
2 0.2352941176465135 0
2 0.26470588235231 0
2 0.2941176470581066 0
2 0.3235294117639032 0
2 0.3529411764696997 0
2 0.3823529411754963 0
2 0.4117647058812929 0
2 0.4411764705870895 0
2 0.4705882352928861 0
2 0.4999999999986935 0
2 0.5294117647046425 0
2 0.5588235294106024 0
2 0.5882352941165623 0
2 0.6176470588225221 0
2 0.6470588235284821 0
2 0.6764705882344419 0
2 0.7058823529404019 0
2 0.7352941176463618 0
2 0.7647058823523216 0
2 0.7941176470582816 0
2 0.8235294117642414 0
2 0.8529411764702013 0
2 0.8823529411761613 0
2 0.9117647058821211 0
2 0.941176470588081 0
2 0.9705882352940406 0
1 6 0 33
178
179
180
181
182
183
184
185
186
187
188
189
190
191
192
193
194
195
196
197
198
199
200
201
202
203
204
205
206
207
208
209
210
1.970588235294118 1 0
1.941176470588235 1 0
1.911764705882353 1 0
1.882352941176471 1 0
1.852941176470588 1 0
1.823529411764706 1 0
1.794117647058823 1 0
1.764705882352941 1 0
1.735294117647058 1 0
1.705882352941176 1 0
1.676470588235294 1 0
1.647058823529412 1 0
1.617647058823529 1 0
1.588235294117647 1 0
1.558823529411765 1 0
1.529411764705882 1 0
1.5 1 0
1.470588235294118 1 0
1.441176470588236 1 0
1.411764705882353 1 0
1.382352941176471 1 0
1.352941176470588 1 0
1.323529411764706 1 0
1.294117647058824 1 0
1.264705882352942 1 0
1.235294117647059 1 0
1.205882352941177 1 0
1.176470588235295 1 0
1.147058823529412 1 0
1.11764705882353 1 0
1.088235294117648 1 0
1.058823529411765 1 0
1.029411764705883 1 0
1 7 0 33
211
212
213
214
215
216
217
218
219
220
221
222
223
224
225
226
227
228
229
230
231
232
233
234
235
236
237
238
239
240
241
242
243
0.9705882352939952 1 0
0.9411764705879904 1 0
0.9117647058819855 1 0
0.882352941175982 1 0
0.8529411764702208 1 0
0.8235294117645424 1 0
0.7941176470588641 1 0
0.7647058823531858 1 0
0.7352941176475076 1 0
0.7058823529418293 1 0
0.6764705882361511 1 0
0.6470588235304728 1 0
0.6176470588247946 1 0
0.5882352941191165 1 0
0.5588235294134382 1 0
0.52941176470776 1 0
0.50000000000206 1 0
0.470588235296077 1 0
0.441176470590072 1 0
0.4117647058840672 1 0
0.3823529411780624 1 0
0.3529411764720576 1 0
0.3235294117660528 1 0
0.2941176470600478 1 0
0.264705882354043 1 0
0.2352941176480381 1 0
0.2058823529420333 1 0
0.1764705882360285 1 0
0.1470588235300236 1 0
0.1176470588240188 1 0
0.08823529411801401 1 0
0.05882352941200919 1 0
0.02941176470600448 1 0
1 8 0 33
244
245
246
247
248
249
250
251
252
253
254
255
256
257
258
259
260
261
262
263
264
265
266
267
268
269
270
271
272
273
274
275
276
0 0.9705882352939952 0
0 0.9411764705879904 0
0 0.9117647058819855 0
0 0.882352941175982 0
0 0.8529411764702208 0
0 0.8235294117645424 0
0 0.7941176470588641 0
0 0.7647058823531858 0
0 0.7352941176475076 0
0 0.7058823529418293 0
0 0.6764705882361511 0
0 0.6470588235304728 0
0 0.6176470588247946 0
0 0.5882352941191165 0
0 0.5588235294134382 0
0 0.52941176470776 0
0 0.50000000000206 0
0 0.470588235296077 0
0 0.441176470590072 0
0 0.4117647058840672 0
0 0.3823529411780624 0
0 0.3529411764720576 0
0 0.3235294117660528 0
0 0.2941176470600478 0
0 0.264705882354043 0
0 0.2352941176480381 0
0 0.2058823529420333 0
0 0.1764705882360285 0
0 0.1470588235300236 0
0 0.1176470588240188 0
0 0.08823529411801401 0
0 0.05882352941200919 0
0 0.02941176470600448 0
1 9 0 16
277
278
279
280
281
282
283
284
285
286
287
288
289
290
291
292
0.2794117647061681 0.25 0
0.3088235294123356 0.25 0
0.3382352941182186 0.25 0
0.3676470588240602 0.25 0
0.3970588235299017 0.25 0
0.4264705882357432 0.25 0
0.4558823529415847 0.25 0
0.4852941176474262 0.25 0
0.5147058823532678 0.25 0
0.5441176470591091 0.25 0
0.5735294117649508 0.25 0
0.6029411764707922 0.25 0
0.6323529411766338 0.25 0
0.6617647058824752 0.25 0
0.6911764705883168 0.25 0
0.7205882352941582 0.25 0
1 10 0 16
293
294
295
296
297
298
299
300
301
302
303
304
305
306
307
308
0.75 0.2794117647061681 0
0.75 0.3088235294123356 0
0.75 0.3382352941182186 0
0.75 0.3676470588240602 0
0.75 0.3970588235299017 0
0.75 0.4264705882357432 0
0.75 0.4558823529415847 0
0.75 0.4852941176474262 0
0.75 0.5147058823532678 0
0.75 0.5441176470591091 0
0.75 0.5735294117649508 0
0.75 0.6029411764707922 0
0.75 0.6323529411766338 0
0.75 0.6617647058824752 0
0.75 0.6911764705883168 0
0.75 0.7205882352941582 0
1 11 0 16
309
310
311
312
313
314
315
316
317
318
319
320
321
322
323
324
0.720588235294281 0.75 0
0.6911764705885618 0.75 0
0.6617647058828426 0.75 0
0.6323529411771236 0.75 0
0.6029411764714045 0.75 0
0.5735294117656855 0.75 0
0.5441176470599665 0.75 0
0.5147058823542474 0.75 0
0.4852941176483649 0.75 0
0.4558823529423193 0.75 0
0.4264705882362737 0.75 0
0.397058823530228 0.75 0
0.3676470588241824 0.75 0
0.3382352941181367 0.75 0
0.3088235294120911 0.75 0
0.2794117647060454 0.75 0
1 12 0 16
325
326
327
328
329
330
331
332
333
334
335
336
337
338
339
340
0.25 0.720588235294281 0
0.25 0.6911764705885618 0
0.25 0.6617647058828426 0
0.25 0.6323529411771236 0
0.25 0.6029411764714045 0
0.25 0.5735294117656855 0
0.25 0.5441176470599665 0
0.25 0.5147058823542474 0
0.25 0.4852941176483649 0
0.25 0.4558823529423193 0
0.25 0.4264705882362737 0
0.25 0.397058823530228 0
0.25 0.3676470588241824 0
0.25 0.3382352941181367 0
0.25 0.3088235294120911 0
0.25 0.2794117647060454 0
2 1 0 3603
341
342
343
344
345
346
347
348
349
350
351
352
353
354
355
356
357
358
359
360
361
362
363
364
365
366
367
368
369
370
371
372
373
374
375
376
377
378
379
380
381
382
383
384
385
386
387
388
389
390
391
392
393
394
395
396
397
398
399
400
401
402
403
404
405
406
407
408
409
410
411
412
413
414
415
416
417
418
419
420
421
422
423
424
425
426
427
428
429
430
431
432
433
434
435
436
437
438
439
440
441
442
443
444
445
446
447
448
449
450
451
452
453
454
455
456
457
458
459
460
461
462
463
464
465
466
467
468
469
470
471
472
473
474
475
476
477
478
479
480
481
482
483
484
485
486
487
488
489
490
491
492
493
494
495
496
497
498
499
500
501
502
503
504
505
506
507
508
509
510
511
512
513
514
515
516
517
518
519
520
521
522
523
524
525
526
527
528
529
530
531
532
533
534
535
536
537
538
539
540
541
542
543
544
545
546
547
548
549
550
551
552
553
554
555
556
557
558
559
560
561
562
563
564
565
566
567
568
569
570
571
572
573
574
575
576
577
578
579
580
581
582
583
584
585
586
587
588
589
590
591
592
593
594
595
596
597
598
599
600
601
602
603
604
605
606
607
608
609
610
611
612
613
614
615
616
617
618
619
620
621
622
623
624
625
626
627
628
629
630
631
632
633
634
635
636
637
638
639
640
641
642
643
644
645
646
647
648
649
650
651
652
653
654
655
656
657
658
659
660
661
662
663
664
665
666
667
668
669
670
671
672
673
674
675
676
677
678
679
680
681
682
683
684
685
686
687
688
689
690
691
692
693
694
695
696
697
698
699
700
701
702
703
704
705
706
707
708
709
710
711
712
713
714
715
716
717
718
719
720
721
722
723
724
725
726
727
728
729
730
731
732
733
734
735
736
737
738
739
740
741
742
743
744
745
746
747
748
749
750
751
752
753
754
755
756
757
758
759
760
761
762
763
764
765
766
767
768
769
770
771
772
773
774
775
776
777
778
779
780
781
782
783
784
785
786
787
788
789
790
791
792
793
794
795
796
797
798
799
800
801
802
803
804
805
806
807
808
809
810
811
812
813
814
815
816
817
818
819
820
821
822
823
824
825
826
827
828
829
830
831
832
833
834
835
836
837
838
839
840
841
842
843
844
845
846
847
848
849
850
851
852
853
854
855
856
857
858
859
860
861
862
863
864
865
866
867
868
869
870
871
872
873
874
875
876
877
878
879
880
881
882
883
884
885
886
887
888
889
890
891
892
893
894
895
896
897
898
899
900
901
902
903
904
905
906
907
908
909
910
911
912
913
914
915
916
917
918
919
920
921
922
923
924
925
926
927
928
929
930
931
932
933
934
935
936
937
938
939
940
941
942
943
944
945
946
947
948
949
950
951
952
953
954
955
956
957
958
959
960
961
962
963
964
965
966
967
968
969
970
971
972
973
974
975
976
977
978
979
980
981
982
983
984
985
986
987
988
989
990
991
992
993
994
995
996
997
998
999
1000
1001
1002
1003
1004
1005
1006
1007
1008
1009
1010
1011
1012
1013
1014
1015
1016
1017
1018
1019
1020
1021
1022
1023
1024
1025
1026
1027
1028
1029
1030
1031
1032
1033
1034
1035
1036
1037
1038
1039
1040
1041
1042
1043
1044
1045
1046
1047
1048
1049
1050
1051
1052
1053
1054
1055
1056
1057
1058
1059
1060
1061
1062
1063
1064
1065
1066
1067
1068
1069
1070
1071
1072
1073
1074
1075
1076
1077
1078
1079
1080
1081
1082
1083
1084
1085
1086
1087
1088
1089
1090
1091
1092
1093
1094
1095
1096
1097
1098
1099
1100
1101
1102
1103
1104
1105
1106
1107
1108
1109
1110
1111
1112
1113
1114
1115
1116
1117
1118
1119
1120
1121
1122
1123
1124
1125
1126
1127
1128
1129
1130
1131
1132
1133
1134
1135
1136
1137
1138
1139
1140
1141
1142
1143
1144
1145
1146
1147
1148
1149
1150
1151
1152
1153
1154
1155
1156
1157
1158
1159
1160
1161
1162
1163
1164
1165
1166
1167
1168
1169
1170
1171
1172
1173
1174
1175
1176
1177
1178
1179
1180
1181
1182
1183
1184
1185
1186
1187
1188
1189
1190
1191
1192
1193
1194
1195
1196
1197
1198
1199
1200
1201
1202
1203
1204
1205
1206
1207
1208
1209
1210
1211
1212
1213
1214
1215
1216
1217
1218
1219
1220
1221
1222
1223
1224
1225
1226
1227
1228
1229
1230
1231
1232
1233
1234
1235
1236
1237
1238
1239
1240
1241
1242
1243
1244
1245
1246
1247
1248
1249
1250
1251
1252
1253
1254
1255
1256
1257
1258
1259
1260
1261
1262
1263
1264
1265
1266
1267
1268
1269
1270
1271
1272
1273
1274
1275
1276
1277
1278
1279
1280
1281
1282
1283
1284
1285
1286
1287
1288
1289
1290
1291
1292
1293
1294
1295
1296
1297
1298
1299
1300
1301
1302
1303
1304
1305
1306
1307
1308
1309
1310
1311
1312
1313
1314
1315
1316
1317
1318
1319
1320
1321
1322
1323
1324
1325
1326
1327
1328
1329
1330
1331
1332
1333
1334
1335
1336
1337
1338
1339
1340
1341
1342
1343
1344
1345
1346
1347
1348
1349
1350
1351
1352
1353
1354
1355
1356
1357
1358
1359
1360
1361
1362
1363
1364
1365
1366
1367
1368
1369
1370
1371
1372
1373
1374
1375
1376
1377
1378
1379
1380
1381
1382
1383
1384
1385
1386
1387
1388
1389
1390
1391
1392
1393
1394
1395
1396
1397
1398
1399
1400
1401
1402
1403
1404
1405
1406
1407
1408
1409
1410
1411
1412
1413
1414
1415
1416
1417
1418
1419
1420
1421
1422
1423
1424
1425
1426
1427
1428
1429
1430
1431
1432
1433
1434
1435
1436
1437
1438
1439
1440
1441
1442
1443
1444
1445
1446
1447
1448
1449
1450
1451
1452
1453
1454
1455
1456
1457
1458
1459
1460
1461
1462
1463
1464
1465
1466
1467
1468
1469
1470
1471
1472
1473
1474
1475
1476
1477
1478
1479
1480
1481
1482
1483
1484
1485
1486
1487
1488
1489
1490
1491
1492
1493
1494
1495
1496
1497
1498
1499
1500
1501
1502
1503
1504
1505
1506
1507
1508
1509
1510
1511
1512
1513
1514
1515
1516
1517
1518
1519
1520
1521
1522
1523
1524
1525
1526
1527
1528
1529
1530
1531
1532
1533
1534
1535
1536
1537
1538
1539
1540
1541
1542
1543
1544
1545
1546
1547
1548
1549
1550
1551
1552
1553
1554
1555
1556
1557
1558
1559
1560
1561
1562
1563
1564
1565
1566
1567
1568
1569
1570
1571
1572
1573
1574
1575
1576
1577
1578
1579
1580
1581
1582
1583
1584
1585
1586
1587
1588
1589
1590
1591
1592
1593
1594
1595
1596
1597
1598
1599
1600
1601
1602
1603
1604
1605
1606
1607
1608
1609
1610
1611
1612
1613
1614
1615
1616
1617
1618
1619
1620
1621
1622
1623
1624
1625
1626
1627
1628
1629
1630
1631
1632
1633
1634
1635
1636
1637
1638
1639
1640
1641
1642
1643
1644
1645
1646
1647
1648
1649
1650
1651
1652
1653
1654
1655
1656
1657
1658
1659
1660
1661
1662
1663
1664
1665
1666
1667
1668
1669
1670
1671
1672
1673
1674
1675
1676
1677
1678
1679
1680
1681
1682
1683
1684
1685
1686
1687
1688
1689
1690
1691
1692
1693
1694
1695
1696
1697
1698
1699
1700
1701
1702
1703
1704
1705
1706
1707
1708
1709
1710
1711
1712
1713
1714
1715
1716
1717
1718
1719
1720
1721
1722
1723
1724
1725
1726
1727
1728
1729
1730
1731
1732
1733
1734
1735
1736
1737
1738
1739
1740
1741
1742
1743
1744
1745
1746
1747
1748
1749
1750
1751
1752
1753
1754
1755
1756
1757
1758
1759
1760
1761
1762
1763
1764
1765
1766
1767
1768
1769
1770
1771
1772
1773
1774
1775
1776
1777
1778
1779
1780
1781
1782
1783
1784
1785
1786
1787
1788
1789
1790
1791
1792
1793
1794
1795
1796
1797
1798
1799
1800
1801
1802
1803
1804
1805
1806
1807
1808
1809
1810
1811
1812
1813
1814
1815
1816
1817
1818
1819
1820
1821
1822
1823
1824
1825
1826
1827
1828
1829
1830
1831
1832
1833
1834
1835
1836
1837
1838
1839
1840
1841
1842
1843
1844
1845
1846
1847
1848
1849
1850
1851
1852
1853
1854
1855
1856
1857
1858
1859
1860
1861
1862
1863
1864
1865
1866
1867
1868
1869
1870
1871
1872
1873
1874
1875
1876
1877
1878
1879
1880
1881
1882
1883
1884
1885
1886
1887
1888
1889
1890
1891
1892
1893
1894
1895
1896
1897
1898
1899
1900
1901
1902
1903
1904
1905
1906
1907
1908
1909
1910
1911
1912
1913
1914
1915
1916
1917
1918
1919
1920
1921
1922
1923
1924
1925
1926
1927
1928
1929
1930
1931
1932
1933
1934
1935
1936
1937
1938
1939
1940
1941
1942
1943
1944
1945
1946
1947
1948
1949
1950
1951
1952
1953
1954
1955
1956
1957
1958
1959
1960
1961
1962
1963
1964
1965
1966
1967
1968
1969
1970
1971
1972
1973
1974
1975
1976
1977
1978
1979
1980
1981
1982
1983
1984
1985
1986
1987
1988
1989
1990
1991
1992
1993
1994
1995
1996
1997
1998
1999
2000
2001
2002
2003
2004
2005
2006
2007
2008
2009
2010
2011
2012
2013
2014
2015
2016
2017
2018
2019
2020
2021
2022
2023
2024
2025
2026
2027
2028
2029
2030
2031
2032
2033
2034
2035
2036
2037
2038
2039
2040
2041
2042
2043
2044
2045
2046
2047
2048
2049
2050
2051
2052
2053
2054
2055
2056
2057
2058
2059
2060
2061
2062
2063
2064
2065
2066
2067
2068
2069
2070
2071
2072
2073
2074
2075
2076
2077
2078
2079
2080
2081
2082
2083
2084
2085
2086
2087
2088
2089
2090
2091
2092
2093
2094
2095
2096
2097
2098
2099
2100
2101
2102
2103
2104
2105
2106
2107
2108
2109
2110
2111
2112
2113
2114
2115
2116
2117
2118
2119
2120
2121
2122
2123
2124
2125
2126
2127
2128
2129
2130
2131
2132
2133
2134
2135
2136
2137
2138
2139
2140
2141
2142
2143
2144
2145
2146
2147
2148
2149
2150
2151
2152
2153
2154
2155
2156
2157
2158
2159
2160
2161
2162
2163
2164
2165
2166
2167
2168
2169
2170
2171
2172
2173
2174
2175
2176
2177
2178
2179
2180
2181
2182
2183
2184
2185
2186
2187
2188
2189
2190
2191
2192
2193
2194
2195
2196
2197
2198
2199
2200
2201
2202
2203
2204
2205
2206
2207
2208
2209
2210
2211
2212
2213
2214
2215
2216
2217
2218
2219
2220
2221
2222
2223
2224
2225
2226
2227
2228
2229
2230
2231
2232
2233
2234
2235
2236
2237
2238
2239
2240
2241
2242
2243
2244
2245
2246
2247
2248
2249
2250
2251
2252
2253
2254
2255
2256
2257
2258
2259
2260
2261
2262
2263
2264
2265
2266
2267
2268
2269
2270
2271
2272
2273
2274
2275
2276
2277
2278
2279
2280
2281
2282
2283
2284
2285
2286
2287
2288
2289
2290
2291
2292
2293
2294
2295
2296
2297
2298
2299
2300
2301
2302
2303
2304
2305
2306
2307
2308
2309
2310
2311
2312
2313
2314
2315
2316
2317
2318
2319
2320
2321
2322
2323
2324
2325
2326
2327
2328
2329
2330
2331
2332
2333
2334
2335
2336
2337
2338
2339
2340
2341
2342
2343
2344
2345
2346
2347
2348
2349
2350
2351
2352
2353
2354
2355
2356
2357
2358
2359
2360
2361
2362
2363
2364
2365
2366
2367
2368
2369
2370
2371
2372
2373
2374
2375
2376
2377
2378
2379
2380
2381
2382
2383
2384
2385
2386
2387
2388
2389
2390
2391
2392
2393
2394
2395
2396
2397
2398
2399
2400
2401
2402
2403
2404
2405
2406
2407
2408
2409
2410
2411
2412
2413
2414
2415
2416
2417
2418
2419
2420
2421
2422
2423
2424
2425
2426
2427
2428
2429
2430
2431
2432
2433
2434
2435
2436
2437
2438
2439
2440
2441
2442
2443
2444
2445
2446
2447
2448
2449
2450
2451
2452
2453
2454
2455
2456
2457
2458
2459
2460
2461
2462
2463
2464
2465
2466
2467
2468
2469
2470
2471
2472
2473
2474
2475
2476
2477
2478
2479
2480
2481
2482
2483
2484
2485
2486
2487
2488
2489
2490
2491
2492
2493
2494
2495
2496
2497
2498
2499
2500
2501
2502
2503
2504
2505
2506
2507
2508
2509
2510
2511
2512
2513
2514
2515
2516
2517
2518
2519
2520
2521
2522
2523
2524
2525
2526
2527
2528
2529
2530
2531
2532
2533
2534
2535
2536
2537
2538
2539
2540
2541
2542
2543
2544
2545
2546
2547
2548
2549
2550
2551
2552
2553
2554
2555
2556
2557
2558
2559
2560
2561
2562
2563
2564
2565
2566
2567
2568
2569
2570
2571
2572
2573
2574
2575
2576
2577
2578
2579
2580
2581
2582
2583
2584
2585
2586
2587
2588
2589
2590
2591
2592
2593
2594
2595
2596
2597
2598
2599
2600
2601
2602
2603
2604
2605
2606
2607
2608
2609
2610
2611
2612
2613
2614
2615
2616
2617
2618
2619
2620
2621
2622
2623
2624
2625
2626
2627
2628
2629
2630
2631
2632
2633
2634
2635
2636
2637
2638
2639
2640
2641
2642
2643
2644
2645
2646
2647
2648
2649
2650
2651
2652
2653
2654
2655
2656
2657
2658
2659
2660
2661
2662
2663
2664
2665
2666
2667
2668
2669
2670
2671
2672
2673
2674
2675
2676
2677
2678
2679
2680
2681
2682
2683
2684
2685
2686
2687
2688
2689
2690
2691
2692
2693
2694
2695
2696
2697
2698
2699
2700
2701
2702
2703
2704
2705
2706
2707
2708
2709
2710
2711
2712
2713
2714
2715
2716
2717
2718
2719
2720
2721
2722
2723
2724
2725
2726
2727
2728
2729
2730
2731
2732
2733
2734
2735
2736
2737
2738
2739
2740
2741
2742
2743
2744
2745
2746
2747
2748
2749
2750
2751
2752
2753
2754
2755
2756
2757
2758
2759
2760
2761
2762
2763
2764
2765
2766
2767
2768
2769
2770
2771
2772
2773
2774
2775
2776
2777
2778
2779
2780
2781
2782
2783
2784
2785
2786
2787
2788
2789
2790
2791
2792
2793
2794
2795
2796
2797
2798
2799
2800
2801
2802
2803
2804
2805
2806
2807
2808
2809
2810
2811
2812
2813
2814
2815
2816
2817
2818
2819
2820
2821
2822
2823
2824
2825
2826
2827
2828
2829
2830
2831
2832
2833
2834
2835
2836
2837
2838
2839
2840
2841
2842
2843
2844
2845
2846
2847
2848
2849
2850
2851
2852
2853
2854
2855
2856
2857
2858
2859
2860
2861
2862
2863
2864
2865
2866
2867
2868
2869
2870
2871
2872
2873
2874
2875
2876
2877
2878
2879
2880
2881
2882
2883
2884
2885
2886
2887
2888
2889
2890
2891
2892
2893
2894
2895
2896
2897
2898
2899
2900
2901
2902
2903
2904
2905
2906
2907
2908
2909
2910
2911
2912
2913
2914
2915
2916
2917
2918
2919
2920
2921
2922
2923
2924
2925
2926
2927
2928
2929
2930
2931
2932
2933
2934
2935
2936
2937
2938
2939
2940
2941
2942
2943
2944
2945
2946
2947
2948
2949
2950
2951
2952
2953
2954
2955
2956
2957
2958
2959
2960
2961
2962
2963
2964
2965
2966
2967
2968
2969
2970
2971
2972
2973
2974
2975
2976
2977
2978
2979
2980
2981
2982
2983
2984
2985
2986
2987
2988
2989
2990
2991
2992
2993
2994
2995
2996
2997
2998
2999
3000
3001
3002
3003
3004
3005
3006
3007
3008
3009
3010
3011
3012
3013
3014
3015
3016
3017
3018
3019
3020
3021
3022
3023
3024
3025
3026
3027
3028
3029
3030
3031
3032
3033
3034
3035
3036
3037
3038
3039
3040
3041
3042
3043
3044
3045
3046
3047
3048
3049
3050
3051
3052
3053
3054
3055
3056
3057
3058
3059
3060
3061
3062
3063
3064
3065
3066
3067
3068
3069
3070
3071
3072
3073
3074
3075
3076
3077
3078
3079
3080
3081
3082
3083
3084
3085
3086
3087
3088
3089
3090
3091
3092
3093
3094
3095
3096
3097
3098
3099
3100
3101
3102
3103
3104
3105
3106
3107
3108
3109
3110
3111
3112
3113
3114
3115
3116
3117
3118
3119
3120
3121
3122
3123
3124
3125
3126
3127
3128
3129
3130
3131
3132
3133
3134
3135
3136
3137
3138
3139
3140
3141
3142
3143
3144
3145
3146
3147
3148
3149
3150
3151
3152
3153
3154
3155
3156
3157
3158
3159
3160
3161
3162
3163
3164
3165
3166
3167
3168
3169
3170
3171
3172
3173
3174
3175
3176
3177
3178
3179
3180
3181
3182
3183
3184
3185
3186
3187
3188
3189
3190
3191
3192
3193
3194
3195
3196
3197
3198
3199
3200
3201
3202
3203
3204
3205
3206
3207
3208
3209
3210
3211
3212
3213
3214
3215
3216
3217
3218
3219
3220
3221
3222
3223
3224
3225
3226
3227
3228
3229
3230
3231
3232
3233
3234
3235
3236
3237
3238
3239
3240
3241
3242
3243
3244
3245
3246
3247
3248
3249
3250
3251
3252
3253
3254
3255
3256
3257
3258
3259
3260
3261
3262
3263
3264
3265
3266
3267
3268
3269
3270
3271
3272
3273
3274
3275
3276
3277
3278
3279
3280
3281
3282
3283
3284
3285
3286
3287
3288
3289
3290
3291
3292
3293
3294
3295
3296
3297
3298
3299
3300
3301
3302
3303
3304
3305
3306
3307
3308
3309
3310
3311
3312
3313
3314
3315
3316
3317
3318
3319
3320
3321
3322
3323
3324
3325
3326
3327
3328
3329
3330
3331
3332
3333
3334
3335
3336
3337
3338
3339
3340
3341
3342
3343
3344
3345
3346
3347
3348
3349
3350
3351
3352
3353
3354
3355
3356
3357
3358
3359
3360
3361
3362
3363
3364
3365
3366
3367
3368
3369
3370
3371
3372
3373
3374
3375
3376
3377
3378
3379
3380
3381
3382
3383
3384
3385
3386
3387
3388
3389
3390
3391
3392
3393
3394
3395
3396
3397
3398
3399
3400
3401
3402
3403
3404
3405
3406
3407
3408
3409
3410
3411
3412
3413
3414
3415
3416
3417
3418
3419
3420
3421
3422
3423
3424
3425
3426
3427
3428
3429
3430
3431
3432
3433
3434
3435
3436
3437
3438
3439
3440
3441
3442
3443
3444
3445
3446
3447
3448
3449
3450
3451
3452
3453
3454
3455
3456
3457
3458
3459
3460
3461
3462
3463
3464
3465
3466
3467
3468
3469
3470
3471
3472
3473
3474
3475
3476
3477
3478
3479
3480
3481
3482
3483
3484
3485
3486
3487
3488
3489
3490
3491
3492
3493
3494
3495
3496
3497
3498
3499
3500
3501
3502
3503
3504
3505
3506
3507
3508
3509
3510
3511
3512
3513
3514
3515
3516
3517
3518
3519
3520
3521
3522
3523
3524
3525
3526
3527
3528
3529
3530
3531
3532
3533
3534
3535
3536
3537
3538
3539
3540
3541
3542
3543
3544
3545
3546
3547
3548
3549
3550
3551
3552
3553
3554
3555
3556
3557
3558
3559
3560
3561
3562
3563
3564
3565
3566
3567
3568
3569
3570
3571
3572
3573
3574
3575
3576
3577
3578
3579
3580
3581
3582
3583
3584
3585
3586
3587
3588
3589
3590
3591
3592
3593
3594
3595
3596
3597
3598
3599
3600
3601
3602
3603
3604
3605
3606
3607
3608
3609
3610
3611
3612
3613
3614
3615
3616
3617
3618
3619
3620
3621
3622
3623
3624
3625
3626
3627
3628
3629
3630
3631
3632
3633
3634
3635
3636
3637
3638
3639
3640
3641
3642
3643
3644
3645
3646
3647
3648
3649
3650
3651
3652
3653
3654
3655
3656
3657
3658
3659
3660
3661
3662
3663
3664
3665
3666
3667
3668
3669
3670
3671
3672
3673
3674
3675
3676
3677
3678
3679
3680
3681
3682
3683
3684
3685
3686
3687
3688
3689
3690
3691
3692
3693
3694
3695
3696
3697
3698
3699
3700
3701
3702
3703
3704
3705
3706
3707
3708
3709
3710
3711
3712
3713
3714
3715
3716
3717
3718
3719
3720
3721
3722
3723
3724
3725
3726
3727
3728
3729
3730
3731
3732
3733
3734
3735
3736
3737
3738
3739
3740
3741
3742
3743
3744
3745
3746
3747
3748
3749
3750
3751
3752
3753
3754
3755
3756
3757
3758
3759
3760
3761
3762
3763
3764
3765
3766
3767
3768
3769
3770
3771
3772
3773
3774
3775
3776
3777
3778
3779
3780
3781
3782
3783
3784
3785
3786
3787
3788
3789
3790
3791
3792
3793
3794
3795
3796
3797
3798
3799
3800
3801
3802
3803
3804
3805
3806
3807
3808
3809
3810
3811
3812
3813
3814
3815
3816
3817
3818
3819
3820
3821
3822
3823
3824
3825
3826
3827
3828
3829
3830
3831
3832
3833
3834
3835
3836
3837
3838
3839
3840
3841
3842
3843
3844
3845
3846
3847
3848
3849
3850
3851
3852
3853
3854
3855
3856
3857
3858
3859
3860
3861
3862
3863
3864
3865
3866
3867
3868
3869
3870
3871
3872
3873
3874
3875
3876
3877
3878
3879
3880
3881
3882
3883
3884
3885
3886
3887
3888
3889
3890
3891
3892
3893
3894
3895
3896
3897
3898
3899
3900
3901
3902
3903
3904
3905
3906
3907
3908
3909
3910
3911
3912
3913
3914
3915
3916
3917
3918
3919
3920
3921
3922
3923
3924
3925
3926
3927
3928
3929
3930
3931
3932
3933
3934
3935
3936
3937
3938
3939
3940
3941
3942
3943
1.97452866459465 0.3970588235283946 0
1.397058823529411 0.9751439115084959 0
1.97718084481976 0.2198370347023723 0
0.7754713354053893 0.4705882352945055 0
1.97452866459463 0.04411764705873596 0
1.977180844819823 -0.4845429170574698 0
1.025471335405308 -0.1617647058821455 0
1.025471335405226 -0.3382352941169405 0
1.974528664594144 -0.25000000000087 0
1.025471335405421 -0.514705882351668 0
1.515230569074789 -0.9767753936703862 0
1.220588235294118 0.9745286645945754 0
1.025471335405375 -0.01470588235291471 0
1.025471335405376 0.01470588235291092 0
1.05094267081075 -3.074508240589561e-15 0
1.050942670810752 0.02941176470582189 0
1.076414006216126 0.01470588235290719 0
1.076414006216142 0.04411764705870894 0
1.101885341621505 0.02941176470581356 0
1.101885341621526 0.05882352941160835 0
1.127356677026884 0.04411764705872118 0
1.127356677026891 0.07352941176454132 0
1.97452866459438 -0.1029411764709389 0
1.544117647058823 0.9745286645945754 0
1.974528664594523 0.5441176470575867 0
1.15282801243226 0.05882352941163532 0
1.152828012432268 0.08823529411745563 0
1.178299347837639 0.07352941176454852 0
1.178299347837644 0.1029411764703721 0
1.203770683243018 0.08823529411746153 0
1.203770683243024 0.1176470588232825 0
1.229242018648398 0.1029411764703733 0
1.2292420186484 0.1323529411762029 0
1.229242018648394 0.07352941176454632 0
1.254713354053777 0.1176470588232878 0
1.25471335405378 0.1470588235291178 0
0.7754713354053892 0.617647058823713 0
1.280184689459158 0.1323529411762015 0
1.28018468945916 0.1617647058820325 0
1.974528664594752 -0.6323529411776337 0
1.367647058823529 -0.975143911508523 0
1.305656024864539 0.1470588235291157 0
1.305656024864537 0.1764705882349401 0
1.28018468945916 0.1911764705878633 0
1.305656024864565 0.2058823529407565 0
1.280184689459165 0.2205882352936933 0
1.305656024864576 0.2352941176465947 0
1.280184689459168 0.2499999999995285 0
1.305656024864553 0.2647058823524462 0
1.280184689459165 0.2794117647053661 0
1.30565602486455 0.2941176470582865 0
1.280184689459154 0.308823529411201 0
1.305656024864611 0.3235294117641255 0
1.280184689459164 0.3382352941170478 0
1.305656024864624 0.3529411764699675 0
1.280184689459176 0.3676470588228898 0
1.331127360270104 0.3088235294111575 0
1.331127360269916 0.1617647058820219 0
1.305656024864569 0.382352941175809 0
1.280184689459166 0.397058823528733 0
1.661558232390722 -0.9717985698448942 0
1.025471335405421 -0.6617647058814662 0
1.30565602486456 0.411764705881653 0
1.280184689459166 0.4264705882345782 0
1.977180844819684 0.6919276711786273 0
1.076214926141114 0.9718029227652556 0
1.305656024864561 0.4411764705875003 0
1.280184689459166 0.4558823529404253 0
1.693785661872559 0.9735111006367819 0
1.305656024864565 0.4705882352933433 0
1.331127360269956 0.4558823529404224 0
1.331127360269917 0.1323529411761967 0
1.356598695675292 0.1470588235290976 0
1.35659869567527 0.117647058823228 0
1.38207003108067 0.1323529411761692 0
1.382070031080648 0.1029411764702948 0
1.407541366486056 0.1176470588232429 0
1.407541366486061 0.08823529411741454 0
1.433012701891458 0.1029411764703394 0
1.433012701891455 0.07352941176449507 0
1.974528664594059 -0.3676470588249338 0
1.280184689459167 0.485294117646263 0
1.331127360269967 0.4852941176462551 0
1.35659869567536 0.4705882352933333 0
1.45848403729685 0.08823529411740355 0
1.458484037296851 0.05882352941156025 0
1.356598695675364 0.4999999999991803 0
1.38207003108076 0.4852941176462543 0
1.254713354053759 0.3529411764699584 0
1.382070031080754 0.5147058823521206 0
1.407541366486159 0.499999999999184 0
1.483955372702258 0.07352941176448745 0
1.483955372702259 0.04411764705862914 0
1.458484037296846 0.02941176470569786 0
1.483955372702259 0.01470588235276309 0
1.458484037296848 -1.803999657989941e-13 0
1.483955372702258 -0.01470588235310979 0
1.458484037296846 -0.02941176470605403 0
1.483955372702254 -0.04411764705898287 0
1.458484037296839 -0.05882352941192392 0
1.48395537270225 -0.07352941176485323 0
1.458484037296838 -0.08823529411779669 0
1.483955372702198 -0.1029411764707255 0
1.458484037296826 -0.117647058823659 0
1.483955372702181 -0.1323529411765966 0
1.458484037296828 -0.1470588235295213 0
1.483955372702222 -0.1617647058824608 0
1.458484037296835 -0.1764705882353852 0
1.483955372702184 -0.191176470588319 0
1.458484037296798 -0.2058823529412439 0
1.483955372702164 -0.2205882352941838 0
1.458484037296787 -0.2352941176471009 0
1.483955372702199 -0.2500000000000394 0
1.458484037296817 -0.2647058823529532 0
1.483955372702205 -0.2794117647058832 0
1.45848403729679 -0.2941176470588266 0
1.483955372702196 -0.3088235294117308 0
1.45848403729681 -0.323529411764654 0
1.483955372702192 -0.3382352941175666 0
1.458484037296806 -0.3529411764704778 0
1.483955372702186 -0.3676470588233989 0
1.4584840372968 -0.3823529411763085 0
1.483955372702181 -0.3970588235292327 0
1.458484037296793 -0.4117647058821446 0
1.483955372702177 -0.4264705882350693 0
1.458484037296764 -0.4411764705879843 0
1.483955372702169 -0.4558823529409085 0
1.458484037296754 -0.4705882352938254 0
1.483955372702164 -0.4852941176467508 0
1.483955372702262 0.1029411764703461 0
1.45848403729677 -0.4999999999996714 0
1.483955372702166 -0.5147058823525948 0
0.7744807041529855 0.3252452354260358 0
1.254713354053771 0.4705882352933498 0
1.254713354053768 0.4999999999991927 0
1.407541366486158 0.5294117647050485 0
1.433012701891565 0.5147058823521112 0
1.458484037296755 -0.5294117647055301 0
1.509426708107506 -0.1764705882353708 0
1.509426708107668 -0.0294117647058987 0
0.775471335405354 0.7352941176470498 0
1.483955372702163 -0.5441176470584449 0
1.509426708107541 -0.4411764705879915 0
1.509426708107661 0.08823529411741998 0
1.509426708107697 0.1176470588232717 0
1.509426708107581 -0.3235294117646534 0
1.127356677026883 0.1029411764703425 0
1.977180844819754 -0.7492487994089925 0
1.249355858417006 -0.9767227092259155 0
1.433012701891558 0.5441176470579882 0
1.458484037296969 0.5294117647050471 0
1.407541366486156 0.5588235294109096 0
1.229242018648373 0.4852941176462744 0
1.229242018648371 0.5147058823521189 0
1.534898043513066 0.1029411764703484 0
1.534898043513067 0.1323529411761994 0
1.458484037296965 0.5588235294109227 0
1.48395537270238 0.5441176470579783 0
1.458484037296766 -0.5588235294113709 0
1.48395537270216 -0.5735294117642907 0
1.50942670810756 -0.5588235294113708 0
1.483955372702382 0.5735294117638455 0
1.509426708107795 0.5588235294109075 0
1.509426708107793 0.5294117647050379 0
1.53489804351321 0.5441176470579696 0
1.534898043513213 0.5735294117638434 0
1.534898043513208 0.5147058823520966 0
1.203770683242973 0.4999999999991968 0
1.203770683242975 0.5294117647050478 0
1.560369378918459 0.1176470588232735 0
1.560369378918459 0.1470588235291243 0
1.433012701891331 -0.2500000000000723 0
1.433012701891309 -0.426470588235096 0
1.509426708107555 -0.5882352941172178 0
1.534898043512952 -0.5735294117642981 0
1.560369378918632 0.5588235294109043 0
1.560369378918634 0.5882352941167832 0
1.458484037296763 -0.5882352941172135 0
1.43301270189137 -0.5735294117642898 0
1.585840714323854 0.1323529411762004 0
1.585840714323855 0.1617647058820471 0
1.178299347837571 0.5147058823521171 0
1.178299347837574 0.5441176470579698 0
1.534898043512954 -0.6029411764701555 0
1.56036937891834 -0.5882352941172282 0
1.433012701891365 -0.6029411764701353 0
1.407541366485968 -0.5882352941172032 0
1.585840714324055 0.5735294117638414 0
1.585840714324057 0.6029411764697232 0
1.433012701891395 -0.1323529411766236 0
1.407541366485962 -0.6176470588230581 0
1.152828012432175 0.5294117647050438 0
1.152828012432181 0.5588235294109036 0
1.178299347837586 0.5735294117638121 0
1.152828012432181 0.5882352941167552 0
1.178299347837593 0.6029411764696705 0
1.560369378918351 -0.6176470588230782 0
1.585840714323724 -0.6029411764701547 0
1.152828012432181 0.6176470588226117 0
1.611312049729248 0.1470588235291268 0
1.611312049729255 0.1764705882349707 0
1.778935052365513 -0.9737142017151073 0
1.025471335405289 -0.7794117647051216 0
1.178299347837586 0.6323529411755395 0
1.61131204972948 0.5882352941167791 0
1.611312049729482 0.6176470588226627 0
1.585840714324057 0.6323529411756056 0
1.127356677026781 0.5441176470579763 0
1.127356677026776 0.5147058823521162 0
1.382070031080559 -0.6029411764701198 0
1.382070031080556 -0.6323529411759835 0
1.585840714323726 -0.632352941175985 0
1.611312049729099 -0.617647058823076 0
0.9527003741487312 0.9722831938541798 0
1.977180844819723 0.8080723288198728 0
1.611312049729093 -0.6470588235289022 0
1.15282801243218 0.6470588235284719 0
1.611312049729483 0.6470588235285459 0
0.9288860132096632 0.02470630432638279 0
1.636783385134637 0.1617647058820446 0
1.636783385134666 0.1911764705878775 0
1.63678338513464 0.1323529411762047 0
1.636783385134909 0.6029411764697185 0
1.636783385134906 0.5735294117638335 0
1.127356677026877 0.014705882352902 0
1.6367833851345 -0.6323529411760533 0
1.636783385134481 -0.6029411764701824 0
1.636783385134534 -0.6617647058819212 0
1.585840714324056 0.6617647058814878 0
1.178299347837586 0.6617647058814008 0
1.35659869567515 -0.6176470588230439 0
1.356598695675145 -0.6470588235289106 0
1.382070031080552 -0.6617647058818475 0
1.101885341621383 0.5294117647050494 0
1.101885341621381 0.4999999999991951 0
1.585840714323727 -0.6617647058818339 0
1.585840714323854 0.1911764705878952 0
1.662254720540032 0.1470588235291168 0
1.662254720540033 0.1176470588232795 0
1.356598695675141 -0.6764705882347771 0
1.662254720540335 0.5882352941167724 0
1.66225472054033 0.5588235294108876 0
1.611312049729485 0.676470588234429 0
1.152828012432181 0.6764705882343323 0
1.127356677026774 0.6617647058814038 0
1.382070031080555 -0.6911764705877178 0
1.662254720539909 -0.6176470588232139 0
1.662254720539842 -0.5882352941173292 0
1.687726055945431 0.1323529411761975 0
1.687726055945427 0.1029411764703558 0
1.811822016029563 0.9719957313437743 0
1.331127360269739 -0.6323529411759728 0
1.331127360269744 -0.6029411764701031 0
1.076414006215986 0.514705882352124 0
1.076414006215986 0.4852941176462737 0
1.585840714324058 0.6911764705873724 0
1.178299347837587 0.6911764705872626 0
1.127356677026776 0.6911764705872644 0
1.101885341621369 0.6764705882343345 0
1.307096939052819 0.9719114668709427 0
1.97452866459465 0.3088235294110049 0
1.025471335405247 -0.2499999999995411 0
1.254713354053767 0.2647058823524393 0
1.433012701891379 -0.3382352941175858 0
1.025471335405359 -0.4264705882341867 0
1.050942670810786 0.05882352941157019 0
1.356598695675138 -0.7058823529406448 0
1.101885341621371 0.7058823529401956 0
1.076414006215961 0.6911764705872658 0
1.687726055945254 -0.6029411764702705 0
1.687726055945127 -0.5735294117644248 0
1.68772605594576 0.5735294117638277 0
1.687726055945756 0.5441176470579457 0
1.974642819121957 0.1320244277981158 0
1.611312049729484 0.705882352940314 0
1.382070031080556 -0.7205882352935886 0
1.305656024864331 -0.6176470588230252 0
1.305656024864335 -0.588235294117163 0
1.076414006215966 0.7205882352931285 0
1.974528664594752 -0.8382352941173818 0
1.157673443031798 -0.9720587976120894 0
1.050942670810554 0.7058823529401997 0
1.050942670810588 0.4999999999991992 0
1.050942670810588 0.4705882352933466 0
1.585840714324058 0.7205882352932559 0
0.8676470588231014 0.9745286645947161 0
1.407541366486164 0.4705882352933106 0
1.713197391350578 -0.5882352941173061 0
1.713197391350496 -0.5588235294114707 0
1.71319739135067 -0.6176470588232763 0
1.101885341621376 0.7352941176460601 0
1.280184689458923 -0.6029411764700833 0
1.280184689458927 -0.5735294117642236 0
1.43301270189142 -0.04411764705900153 0
1.203770683242993 0.6764705882343304 0
1.203770683242994 0.7058823529401921 0
1.229242018648406 0.6911764705872525 0
1.229242018648404 0.7205882352931219 0
1.254713354053817 0.705882352940181 0
1.356598695675136 -0.735294117646515 0
1.713197391350826 0.1176470588232786 0
1.713197391350821 0.08823529411742972 0
1.713197391350855 0.1470588235291072 0
1.713197391351185 0.5588235294108822 0
1.713197391351181 0.5294117647050036 0
1.71319739135119 0.5882352941167693 0
1.382070031080551 -0.7499999999994549 0
1.050942670810558 0.7352941176460667 0
1.611312049729484 0.735294117646198 0
0.0218816548757396 0.8378660904541327 0
0.1659663865545887 0.02776951905140578 0
0.8371846317337046 0.02648348851574848 0
1.254713354053814 0.7352941176460532 0
1.280184689459224 0.7205882352931186 0
1.025471335405145 0.7205882352931339 0
1.025471335405188 0.4852941176462738 0
1.025471335405186 0.4558823529404222 0
1.050942670810588 0.4411764705874928 0
1.025471335405187 0.4264705882345673 0
1.050942670810588 0.4117647058816398 0
1.02547133540518 0.3970588235287127 0
1.050942670810584 0.3823529411757862 0
1.025471335405179 0.3676470588228596 0
1.050942670810584 0.3529411764699337 0
1.025471335405187 0.3382352941170094 0
0.1605011206259476 0.9753447947976911 0
0.02667948938599062 0.1627909543655784 0
1.254713354053515 -0.5882352941171481 0
1.254713354053532 -0.6176470588230132 0
1.254713354053522 -0.5588235294112902 0
1.738668726755947 -0.5735294117643825 0
1.738668726755957 -0.5441176470585521 0
1.713197391350494 -0.5294117647056251 0
1.738668726755967 -0.5147058823527121 0
1.713197391350574 -0.4999999999997806 0
1.738668726755994 -0.4852941176468647 0
1.713197391350601 -0.4705882352939315 0
1.738668726756005 -0.4558823529410097 0
1.713197391350587 -0.4411764705880581 0
1.738668726756006 -0.4264705882351545 0
1.713197391350601 -0.4117647058821999 0
1.738668726756018 -0.3970588235292874 0
1.713197391350611 -0.3823529411763338 0
1.738668726756028 -0.367647058823418 0
1.713197391350617 -0.3529411764704545 0
1.738668726756039 -0.3382352941175347 0
1.713197391350627 -0.3235294117645634 0
1.738668726756039 -0.3088235294116282 0
1.71319739135063 -0.2941176470586693 0
1.73866872675606 -0.2794117647057326 0
1.713197391350641 -0.2647058823527776 0
1.738668726756057 -0.2499999999998407 0
1.713197391350649 -0.2352941176468858 0
1.738668726756065 -0.2205882352939498 0
1.713197391350658 -0.2058823529409925 0
1.738668726756074 -0.1911764705880583 0
1.713197391350668 -0.1764705882351014 0
1.738668726756103 -0.1617647058821673 0
1.713197391350682 -0.1470588235292145 0
1.738668726756115 -0.1323529411762798 0
1.687726055945764 0.5147058823520713 0
1.713197391351174 0.499999999999136 0
1.687726055945766 0.4852941176462081 0
1.713197391351169 0.4705882352932745 0
1.687726055945764 0.4558823529403478 0
1.713197391351203 0.4411764705874164 0
1.687726055945769 0.42647058823449 0
1.713197391351207 0.4117647058815592 0
1.738668726756699 0.4558823529403165 0
1.560369378918632 0.7058823529403143 0
1.560369378918632 0.735294117646196 0
1.534898043513208 0.7205882352932577 0
1.534898043513209 0.7499999999991371 0
1.636783385134911 0.7205882352932558 0
1.280184689459224 0.7499999999989877 0
1.025471335405145 0.7499999999990052 0
1.738668726756223 0.1029411764703517 0
1.738668726756618 0.5735294117638186 0
1.738668726756625 0.6029411764697131 0
1.636783385134911 0.7499999999991421 0
1.662254720540342 0.7352941176461989 0
0.9999999999997728 0.4117647058816462 0
1.050942670810584 0.3235294117640828 0
1.025471335405188 0.3088235294111588 0
1.356598695675132 -0.7647058823523851 0
1.331127360269717 -0.7499999999994462 0
1.76414006216149 -0.1764705882351869 0
1.764140062161343 -0.5588235294114762 0
0.7754713354053689 0.7647058823528643 0
1.407541366486152 0.1470588235290294 0
1.025471335405144 0.6911764705872688 0
1.2292420186484 0.7499999999989886 0
1.687726055945404 0.07352941176455807 0
1.305656024864636 0.7352941176460518 0
1.738668726756218 0.07352941176450301 0
1.305656024864637 0.7647058823519219 0
0.999999999999736 0.7058823529401992 0
0.9999999999997368 0.6764705882343369 0
1.382070031080546 -0.7794117647053227 0
1.407541366485963 -0.7647058823523936 0
1.662254720540339 0.7647058823520905 0
1.687726055945771 0.7499999999991451 0
0.02188165487585028 0.6621339095465026 0
0.01998796097684651 0.7493784562785635 0
0.6617647058833119 0.9745286645947522 0
0.5735294117662771 0.9745286645947522 0
0.02547133540528086 0.5441176470606177 0
0.3637645622775888 0.02777771165954172 0
0.4558823529399878 0.02547133540535035 0
0.4852941176490264 0.974528664594619 0
0.2460260444966157 0.0278312352367047 0
0.5588235294120298 0.2245286645946108 0
0.6463338028760748 0.2240152685043465 0
0.7352941176470711 0.2245286645946112 0
0.7647058823529282 0.224528664594609 0
0.2500000000010406 0.9745286645944693 0
0.02547133540551363 0.4558823529430732 0
0.02597346892481768 0.2501265167917232 0
0.02547133540553072 0.3382352941190552 0
0.3970588235310648 0.9745286645944693 0
0.9999999999997873 0.3235294117640833 0
0.9999999999997876 0.2941176470582292 0
0.3235294117651176 0.7754713354055145 0
1.229242018648112 -0.573529411764212 0
1.229242018648121 -0.5441176470583502 0
1.254713354053524 -0.5294117647054375 0
1.229242018648132 -0.5147058823524968 0
1.254713354053522 -0.4999999999995918 0
1.229242018648138 -0.4852941176466625 0
1.254713354053515 -0.4705882352937528 0
1.229242018648139 -0.4558823529408311 0
1.254713354053521 -0.4411764705879175 0
1.229242018648144 -0.4264705882349963 0
1.25471335405352 -0.4117647058820844 0
1.229242018648149 -0.3970588235291643 0
1.254713354053526 -0.382352941176254 0
1.229242018648155 -0.3676470588233341 0
1.254713354053534 -0.3529411764704242 0
1.229242018648158 -0.3382352941175025 0
1.254713354053536 -0.323529411764595 0
1.229242018648165 -0.3088235294116752 0
1.254713354053544 -0.2941176470587664 0
1.229242018648171 -0.2794117647058473 0
1.25471335405355 -0.2647058823529378 0
1.229242018648171 -0.2500000000000179 0
1.254713354053556 -0.2352941176471083 0
1.229242018648175 -0.2205882352941881 0
1.254713354053562 -0.2058823529412779 0
1.229242018648182 -0.1911764705883543 0
1.254713354053571 -0.1764705882354466 0
1.687726055945769 0.3970588235286336 0
1.713197391351147 0.3823529411757044 0
1.764140062161456 -0.4411764705881517 0
1.764140062161492 -0.323529411764579 0
1.764140062161617 0.08823529411742403 0
1.764140062161614 0.05882352941157547 0
1.76414006216206 0.5882352941167555 0
1.764140062162066 0.6176470588226577 0
1.636783385134908 0.7794117647050292 0
1.687726055945772 0.7794117647050394 0
1.713197391351206 0.7647058823520914 0
1.331127360269713 -0.7794117647053218 0
1.305656024864295 -0.7647058823523791 0
0.7500000000003465 0.9745286645947522 0
1.407541366485958 -0.7941176470582589 0
1.433012701891372 -0.7794117647053286 0
0.2245286645947168 0.617647058824264 0
0.2232146724773039 0.7032665699185284 0
0.7047448489827578 0.7748145971885495 0
0.6176470588242673 0.7754713354052629 0
0.5294117647070901 0.7754713354053968 0
0.8009426708107132 0.7499999999999494 0
0.8009426708107208 0.7794117647057575 0
0.2941176470592258 0.2245286645944498 0
0.4122741116742956 0.2229701932535399 0
0.2245286645946417 0.5000000000013058 0
0.691176470587422 0.02547133540549178 0
0.6069151319731471 0.02783123523691299 0
0.2245286645944433 0.4117647058832368 0
0.4411764705893259 0.7754713354055555 0
0.224528664594434 0.2941176470590682 0
1.050942670810585 0.2941176470582335 0
1.866952063806133 -0.9735011509052472 0
1.025471335405232 -0.8676470588231731 0
1.713197391350693 -0.1176470588233313 0
1.713197391351207 0.7941176470579889 0
1.73866872675664 0.7794117647050405 0
1.229242018648187 -0.1617647058825195 0
1.254713354053579 -0.1470588235296145 0
1.33112736027005 0.7499999999989848 0
1.331127360270053 0.7794117647048548 0
1.687726055945214 -0.2499999999998106 0
1.789611397567506 0.6029411764696971 0
1.789611397567501 0.6323529411755877 0
0.9745286645943823 0.3088235294111563 0
0.9745286645943845 0.2794117647052926 0
1.305656024864638 0.7941176470577931 0
1.662254720540361 0.4117647058815621 0
1.66225472054036 0.3823529411757064 0
1.636783385134958 0.3970588235286335 0
1.254713354053791 0.5294117647050218 0
1.305656024864291 -0.7941176470582592 0
1.280184689458866 -0.7794117647053136 0
0.8264140062160754 0.7647058823528505 0
0.8264140062160791 0.7941176470586568 0
0.7499999999999905 0.199057329189208 0
0.7789863076127237 0.1993029669564538 0
1.789611397567009 0.07352941176450012 0
1.789611397567007 0.04411764705865208 0
1.789611397567014 0.102941176470345 0
1.07641400621598 0.3088235294111573 0
1.076414006215981 0.397058823528703 0
1.20377068324271 -0.5588235294112357 0
1.687726055945088 -0.4852941176467688 0
1.076414006215981 0.2794117647053104 0
1.280184689459226 0.6911764705872453 0
1.687726055945262 -0.1323529411762602 0
1.687726055945275 -0.1029411764703795 0
1.636783385134958 0.3676470588227789 0
1.611312049729556 0.3823529411757062 0
1.687726055945192 -0.3970588235292623 0
1.203770683242786 -0.2058823529412559 0
1.203770683242792 -0.2941176470587558 0
1.203770683242771 -0.382352941176242 0
1.203770683242766 -0.4705882352937231 0
1.43301270189137 -0.8088235294111953 0
1.458484037296781 -0.7941176470582623 0
1.815082732972952 0.617647058822645 0
1.815082732972945 0.5882352941167374 0
1.815082732972938 0.647058823528526 0
0.7940467375432658 0.2245696042224887 0
0.8073813384598547 0.1992674291553493 0
1.974528664594508 0.8970588235291411 0
1.738668726756643 0.8088235294109409 0
1.764140062162078 0.7941176470579825 0
1.33112736027005 0.8088235294107174 0
1.356598695675469 0.7941176470577871 0
1.229242018648198 -0.1323529411766886 0
1.254713354053587 -0.1176470588237808 0
1.382070031080599 0.07352941176433274 0
1.203770683243011 0.1470588235290909 0
1.560369378918458 0.08823529411742231 0
0.826013210803314 0.7365446178470231 0
0.8518853416214368 0.7794117647057505 0
0.8523503901358682 0.8080180417565852 0
0.9490573291889743 0.2941176470582239 0
0.9490573291889752 0.2647058823523576 0
0.9745286645943885 0.2499999999994249 0
0.9490573291889772 0.2352941176464895 0
0.9745286645943931 0.2205882352935539 0
0.9490573291889751 0.2058823529406198 0
0.800236261254395 0.8076897562308565 0
1.280184689458865 -0.8088235294111987 0
1.254713354053435 -0.7941176470582512 0
0.7642095157442703 0.1738725711789179 0
1.280184689458887 -0.4852941176466925 0
1.280184689458951 -0.1911764705883757 0
1.025471335405187 0.514705882352121 0
0.9999999999997895 0.4999999999991995 0
1.662254720539847 -0.1176470588233071 0
1.662254720539857 -0.08823529411743103 0
1.458484037296784 -0.764705882352399 0
1.48395537270219 -0.7794117647053348 0
1.48395537270219 -0.8088235294111938 0
1.509426708107595 -0.7941176470582669 0
1.611312049729556 0.3529411764698498 0
1.585840714324156 0.3676470588227767 0
1.509426708107786 0.7352941176461973 0
1.509426708107787 0.7647058823520774 0
1.8150827329724 0.08823529411742062 0
1.815082732972408 0.1176470588232586 0
1.305656024864635 0.8235294117636541 0
1.254713354053432 -0.823529411764144 0
1.229242018647998 -0.8088235294111958 0
1.229242018648003 -0.779411764705298 0
1.203770683242561 -0.7941176470582421 0
1.203770683242602 -0.764705882352356 0
1.509426708107597 -0.823529411764124 0
1.534898043513 -0.8088235294111945 0
1.305656024864288 -0.8235294117641381 0
1.203770683242961 0.4705882352933387 0
0.9999999999997874 0.5294117647050468 0
0.9745286645943901 0.5147058823521272 0
0.9745286645943863 0.5441176470579778 0
0.9490573291889912 0.5294117647050546 0
0.9490573291889872 0.5588235294109046 0
0.9235859937835946 0.5441176470579787 0
0.9235859937835925 0.5147058823521327 0
0.9235859937835951 0.5735294117638303 0
1.636783385134912 0.3382352941169298 0
1.560369378918347 -0.5588235294113859 0
1.585840714324155 0.3382352941169223 0
1.560369378918756 0.3529411764698496 0
1.560369378918756 0.3235294117639973 0
1.534898043513359 0.3382352941169232 0
1.534898043513359 0.3088235294110727 0
1.509426708107962 0.3235294117639975 0
1.509426708107962 0.2941176470581492 0
1.534898043513343 0.367647058822776 0
1.534898043513003 -0.8382352941170514 0
1.560369378918405 -0.8235294117641225 0
1.713197391351204 0.8235294117638798 0
1.764140062162084 0.8235294117638936 0
1.789611397567525 0.8088235294109298 0
1.203770683242558 -0.8235294117641441 0
1.356598695675424 0.8235294117636688 0
0.8774341851125401 0.7939833991161562 0
0.8779121516412604 0.82256730150992 0
0.9745286645943346 0.6911764705872471 0
1.280184689458893 -0.3970588235292052 0
1.280184689458918 -0.3088235294117103 0
1.229242018648207 -0.1029411764708568 0
1.254713354053595 -0.08823529411794447 0
1.20377068324282 -0.1176470588237653 0
1.101885341621375 0.2941176470582337 0
1.280184689458977 -0.1029411764708713 0
1.280184689458984 -0.07352941176503337 0
1.101885341621376 0.2647058823523884 0
1.738668726756123 -0.1029411764703986 0
1.178299347837117 -0.808823529411188 0
1.560369378918407 -0.8529411764699792 0
1.585840714323808 -0.8382352941170483 0
1.585840714323804 -0.8088235294111948 0
1.611312049729206 -0.823529411764117 0
1.840554068378398 0.6029411764696868 0
1.840554068378394 0.5735294117637788 0
1.483955372702567 0.3088235294110733 0
1.483955372702568 0.2794117647052263 0
0.9745286645943965 0.1911764705876799 0
0.9490573291889712 0.1764705882347432 0
1.636783385134434 -0.1029411764703575 0
1.636783385134447 -0.07352941176448305 0
1.636783385134417 -0.132352941176231 0
0.9490573291889746 0.3235294117640873 0
1.53489804351321 0.7794117647050189 0
1.509426708107787 0.794117647057959 0
1.534898043513208 0.8088235294109013 0
1.509426708107784 0.8235294117638403 0
1.407541366485953 -0.8235294117641266 0
0.7352113898789391 0.1736337566829866 0
0.9235859937835658 0.3088235294111566 0
0.9235859937835663 0.3382352941170194 0
1.534898043513205 0.8382352941167835 0
1.509426708107779 0.8529411764697234 0
0.8981146583781993 0.5588235294109037 0
0.8981146583781984 0.5882352941167519 0
0.9029335095488806 0.8086408030453831 0
0.9029381743873763 0.8380444880139449 0
0.7499034842705268 0.1481703817607608 0
0.7205583613778447 0.1481319060919768 0
1.178299347837111 -0.8382352941170953 0
1.78961139756753 0.8382352941168505 0
1.81508273297298 0.8235294117638979 0
1.815082732972969 0.7941176470579598 0
0.9283352910162332 0.8234671563528658 0
1.254713354053603 -0.05882352941210749 0
1.280184689458992 -0.04411764705919601 0
1.611312049729206 -0.7941176470582729 0
1.636783385134601 -0.808823529411191 0
1.636783385134605 -0.838235294117035 0
1.662254720539994 -0.8235294117641 0
1.662254720539988 -0.7941176470582645 0
1.687726055945373 -0.8088235294111695 0
1.687726055945366 -0.7794117647053391 0
1.713197391350745 -0.7941176470582471 0
1.713197391350755 -0.8235294117640708 0
1.738668726756116 -0.8088235294111508 0
1.738668726756109 -0.7794117647053366 0
1.76414006216147 -0.7941176470582374 0
1.764140062161464 -0.7647058823524386 0
1.789611397566818 -0.779411764705333 0
1.789611397566813 -0.7499999999995444 0
1.789611397566823 -0.8088235294111247 0
1.815082732972166 -0.794117647058224 0
1.815082732972173 -0.8235294117640093 0
1.509426708107785 0.7058823529403191 0
1.483955372702364 0.7205882352932581 0
1.483955372702192 -0.7499999999994695 0
1.305656024864367 -0.08823529411795961 0
1.509426708107759 0.1470588235290941 0
1.764140062161613 0.0294117647057234 0
1.789611397567012 0.01470588235279747 0
1.662254720539868 -0.05882352941155681 0
1.63678338513446 -0.04411764705861013 0
1.152828012431667 -0.8235294117641363 0
1.840554068377511 -0.8088235294111061 0
1.840554068377528 -0.8382352941168911 0
1.840554068377788 0.1029411764703341 0
1.840554068377795 0.1323529411761687 0
1.815082732972419 0.1470588235290927 0
1.840554068377802 0.1617647058820004 0
1.815082732972428 0.1764705882349224 0
1.840554068377923 0.1911764705878395 0
1.815082732972455 0.2058823529407535 0
1.840554068378064 0.2205882352936754 0
1.815082732972489 0.2352941176465846 0
1.840554068377987 0.249999999999496 0
1.815082732972488 0.264705882352412 0
1.840554068377971 0.2794117647053164 0
1.789611397567082 0.2499999999994973 0
1.815082732972492 0.2941176470582395 0
1.840554068378079 0.3088235294111398 0
1.152828012431662 -0.8529411764700484 0
1.815082732972977 0.8529411764698117 0
1.840554068378429 0.83823529411686 0
1.840554068378428 0.8676470588227746 0
1.5094267081076 -0.8529411764699841 0
0.8232772283534215 0.2251345140317401 0
1.899826249622286 0.9763178208666654 0
0.872673696912195 0.8528698102586961 0
1.815082732972186 -0.8529411764697969 0
0.2647058823530434 0.7754713354054108 0
0.2352941176471985 0.7754713354054261 0
0.2500000000001091 0.8009426708107612 0
0.2205882352943049 0.800942670810777 0
0.2352941176472283 0.8264140062161098 0
0.2058823529414269 0.8264140062161243 0
0.1911764705885043 0.8009426708107841 0
0.1764705882356323 0.8264140062161263 0
0.1617647058827437 0.8009426708107834 0
0.1470588235298538 0.8264140062161186 0
1.025471335405492 -0.5735294117635822 0
1.764140062161462 -0.7352941176466464 0
1.789611397566808 -0.720588235293751 0
1.458484037297175 0.2941176470581468 0
1.458484037297163 0.3235294117639764 0
1.97230087608642 0.4870969990649517 0
0.02643230756587394 0.8951898837088827 0
1.974528664594575 -0.8970588235289834 0
1.974528664594493 -0.04411764705897975 0
1.974528664594197 -0.1617647058828632 0
1.974528664594084 -0.308823529412906 0
1.975135852803279 -0.4254189074095488 0
1.662254720539999 -0.8529411764699302 0
1.611312049729544 0.4117647058815624 0
1.764140062161332 -0.5882352941172938 0
1.789611397566709 -0.5735294117643968 0
1.789611397566718 -0.6029411764702394 0
1.815082732972085 -0.5882352941173494 0
1.815082732972079 -0.5588235294115101 0
1.840554068377424 -0.5735294117644267 0
1.840554068377442 -0.6029411764702992 0
1.840554068377434 -0.5441176470586206 0
1.866025403782778 -0.5588235294115301 0
1.866025403782793 -0.5294117647057329 0
0.09975919767885091 0.9722831938544765 0
1.974528664594508 0.6029411764695425 0
0.3088235294130504 0.9745286645944693 0
1.483955372702362 0.6911764705873817 0
1.458484037296952 0.7058823529403219 0
1.12735667702677 0.2794117647053124 0
1.127356677026766 0.3088235294111569 0
1.687726055945195 -0.3382352941175007 0
1.509426708107585 -0.2647058823529666 0
1.585840714323809 -0.8676470588229079 0
0.5440279482591501 0.02566505058787157 0
1.458484037296961 0.6764705882344275 0
1.331127360269742 -0.5735294117642504 0
1.738668726756562 0.3970588235286263 0
1.722027091844236 -0.9737590293328502 0
0.02796114899655909 0.1074149378767042 0
1.840554068377501 -0.779411764705334 0
1.025471335405291 -0.1029411764704945 0
0.9999999999997673 0.5588235294109001 0
1.203770683242551 -0.8529411764700545 0
1.764140062162076 0.8529411764697891 0
1.025471335405442 -0.7205882352934673 0
1.50942670810757 -0.6176470588230931 0
1.764140062161535 -0.1176470588233608 0
1.433012701891411 -0.1911764705882781 0
1.203770683242829 -0.08823529411793404 0
1.178299347837445 -0.1029411764708437 0
1.738668726756602 0.5147058823520324 0
1.178299347837635 0.04411764705872316 0
0.2245286645944321 0.352941176471167 0
1.6367833851349 0.5441176470579532 0
0.3535563673361307 0.2232308358759265 0
0.4704680329148945 0.2226746296481931 0
1.974528664594508 0.7499999999993412 0
1.425652373368693 -0.9750010611680648 0
0.3823529411772791 0.7754713354055274 0
1.76414006216148 -0.2352941176470329 0
1.455882352941178 0.975028483318527 0
0.2245286645947168 0.5588235294128261 0
1.307486214634596 -0.9703627166861295 0
1.101885341621359 0.6470588235284717 0
1.331127360270049 0.7205882352931157 0
1.014705882352941 0.974528664594575 0
1.161764705882354 0.9745286645945754 0
1.280184689459155 0.102941176470371 0
1.076414006216063 -0.01470588235298569 0
1.534898043513 -0.7794117647053351 0
1.433012701891366 -0.6323529411759926 0
0.7754713354053893 0.4117647058828225 0
1.407541366485973 -0.5588235294113744 0
1.331127360270017 0.3676470588228533 0
1.606802146165126 0.9720463002046245 0
0.09859773403332545 0.02293400140915513 0
0.02499443577470719 0.6029411764719497 0
0.02547133540554224 0.3970588235310773 0
1.433012701891274 -0.4852941176467906 0
1.356598695675355 0.1764705882348798 0
1.127356677026771 0.2499999999994678 0
1.101885341621378 0.2352941176465453 0
1.331127360270064 0.2499999999994603 0
1.509426708107792 0.4999999999991652 0
1.331127360269742 -0.6911764705877076 0
1.509426708107565 -0.3823529411763197 0
1.636783385134912 0.6617647058814848 0
1.102488675820664 -0.9733354681048585 0
1.203770683243014 0.617647058822579 0
0.8088235294117031 0.9745286645947521 0
1.35659869567537 0.5294117647050256 0
1.840554068377785 0.07352941176449804 0
1.974528664594752 -0.6911764705889903 0
1.280184689458935 -0.2500000000000417 0
1.203770683242706 -0.588235294117132 0
1.178299347837298 -0.5735294117641688 0
1.178299347837295 -0.6029411764700635 0
1.152828012431681 -0.7941176470582345 0
1.28018468945888 -0.7499999999994345 0
1.687726055945773 0.7205882352932527 0
0.3132684792263306 0.02764303154173824 0
1.458484037297176 0.2647058823523032 0
1.050942670810557 0.7647058823519327 0
1.76414006216147 -0.3823529411764077 0
0.7794117647058703 0.148114658378376 0
1.738668726756617 0.7499999999991293 0
1.48395537270236 0.8382352941167779 0
0.974528664594398 0.1617647058818043 0
0.9999999999998166 0.1764705882347437 0
1.483955372702384 0.7794117647050008 0
1.585840714324114 0.3088235294110873 0
1.509426708107534 -0.08823529411775767 0
1.152828012431877 -0.5882352941170894 0
1.152828012431868 -0.6176470588229966 0
1.15282801243189 -0.5588235294111571 0
1.178299347837297 -0.6323529411759499 0
1.152828012431861 -0.6470588235288914 0
0.2647058823531181 0.826414006216014 0
0.9490573291889733 0.1470588235288583 0
0.2205882352943858 0.8518853416214436 0
0.7754713354053892 0.5294117647061887 0
0.9283236986932236 0.8528989995511611 0
0.9537807322487187 0.8382178887289349 0
0.8773566770267973 0.7647058823528387 0
0.9235859937835409 0.1617647058818033 0
1.749999999999998 0.9745286645945753 0
1.866025403782832 -0.7941176470582082 0
1.866025403782819 -0.7647058823524491 0
1.866025403783249 0.176470588234918 0
1.866025403783546 0.264705882352405 0
1.866025403783172 0.08823529411741324 0
1.866025403783169 0.05882352941157867 0
1.866025403783882 0.8529411764698189 0
1.866025403783886 0.8235294117639012 0
0.1617647058827515 0.8518853416214665 0
0.8981146583781578 0.32352941176409 0
0.8981146583781594 0.3529411764699518 0
0.7646897963980173 0.1226526102033404 0
0.7941149660663405 0.1220849521890826 0
0.1323529411769799 0.800942670810787 0
0.1470588235298508 0.7754713354054715 0
0.923585993783541 0.1323529411759084 0
0.1323529411769293 0.8518853416214531 0
0.9537764165532272 0.8676371284386796 0
0.9792446490344273 0.8529366205081623 0
1.534898043513202 0.8676470588226671 0
1.560369378918629 0.8529411764697256 0
0.9489012367802734 0.1190597375375646 0
0.9282993478375682 0.7941176470586181 0
1.483955372702353 0.8676470588226606 0
1.840554068377541 -0.867647058822681 0
0.872643322972797 0.5735294117638281 0
0.8726433229727811 0.544117647057982 0
0.8726433229728037 0.6029411764696737 0
0.9270380371141319 0.8826188665921522 0
1.974642819122041 -0.5732008983880362 0
1.866025403782882 -0.8529411764697722 0
1.866025403783836 0.5882352941167157 0
1.86602540378384 0.5588235294108188 0
1.840554068378393 0.5441176470578816 0
1.866025403783827 0.529411764704935 0
1.840554068378399 0.5147058823520004 0
1.866025403783812 0.4999999999990611 0
1.840554068378407 0.4852941176461303 0
1.866025403783805 0.4705882352932009 0
1.84055406837841 0.455882352940278 0
1.866025403783798 0.4411764705873557 0
1.866025403783833 0.6176470588225934 0
1.840554068378414 0.4264705882344345 0
1.866025403783801 0.4117647058815194 0
1.60680214616503 -0.9720463002046923 0
1.662254720539984 -0.7647058823524333 0
1.433012701891784 0.2794117647052216 0
1.534898043513205 0.485294117646226 0
1.509426708107792 0.470588235293293 0
1.254713354053611 -0.02941176470627089 0
1.280184689459001 -0.01470588235335914 0
1.305656024864383 -0.02941176470628552 0
1.305656024864392 -4.459312383639106e-13 0
1.152828012432163 0.2941176470582361 0
1.152828012432157 0.3235294117640805 0
1.127356677026767 0.2205882352936248 0
1.101885341621383 0.2058823529407043 0
1.152828012432169 0.2352941176465498 0
0.8981146583781952 0.617647058822598 0
0.8726433229728026 0.6323529411755184 0
1.840554068377438 -0.5147058823528077 0
1.866025403782815 -0.4999999999999097 0
1.331127360269778 -0.01470588235337396 0
1.76414006216206 0.6470588235285406 0
1.458484037296938 0.8529411764697234 0
1.433012701891786 0.2499999999993789 0
1.178299347837296 -0.6617647058818444 0
1.152828012431855 -0.6764705882347881 0
1.815082732972615 0.3235294117640667 0
1.789611397567116 0.3088235294111621 0
1.356598695675464 0.7352941176460492 0
1.356598695675464 0.7058823529401799 0
1.483955372702568 0.2499999999993827 0
1.764140062161624 -1.123655566740804e-13 0
1.789611397567021 -0.01470588235305892 0
1.662254720539881 -0.02941176470568546 0
1.636783385134475 -0.01470588235273939 0
1.611312049729038 -0.05882352941153525 0
1.611312049729008 -0.1176470588232792 0
1.611312049728987 -0.1470588235291523 0
1.127356677026461 -0.6029411764699933 0
1.127356677026216 -0.8382352941170877 0
1.127356677026212 -0.8676470588230002 0
0.8988204571205778 0.1470588235288562 0
0.8979294070780491 0.1173684050608586 0
0.924074883736546 0.2508467822372993 0
1.560369378918404 -0.8823529411758382 0
1.76414006216146 -0.7058823529408551 0
1.178299347837453 -0.07352941176501429 0
1.15282801243207 -0.08823529411792176 0
1.152828012432062 -0.1176470588237504 0
1.534898043513205 0.6029411764697281 0
0.949057329188976 0.5882352941167589 0
1.127356677026689 -0.1029411764708288 0
1.127356677026679 -0.1323529411766567 0
0.9999999999998217 0.1470588235288717 0
1.534898043513332 0.2794117647052251 0
1.127356677026415 -0.6617647058818334 0
1.127356677026407 -0.6911764705877395 0
1.560369378918625 0.8823529411756105 0
1.585840714324054 0.8676470588226723 0
1.922003153644504 -0.9723384591572953 0
1.025332550290063 -0.9262302053640374 0
1.815082732972218 -0.8823529411756048 0
0.9792434125978047 0.8823505267851074 0
1.004714024776436 0.8676458970977389 0
1.866025403782895 -0.8823529411755598 0
0.1470588235298494 0.8773566770268336 0
0.7461175034541984 0.02777771165935699 0
0.8734259398340126 0.3382352941170228 0
0.8735563759775592 0.367647058822882 0
0.8982668338789597 0.3823529411758091 0
0.8728208610570253 0.3970588235287383 0
0.898169610642337 0.4117647058816645 0
0.8726820713641678 0.4264705882345921 0
1.458484037296927 0.8823529411755966 0
1.484097343636307 0.8968129226577202 0
1.866025403783882 0.8823529411757361 0
1.815082732972972 0.8823529411757243 0
0.8727737591162918 0.308823529411161 0
1.152828012431658 -0.8823529411759582 0
0.1176470588240969 0.7754713354054834 0
0.1323529411769729 0.7500000000001765 0
0.1176470588239836 0.8773566770268151 0
1.789611397566805 -0.6911764705879598 0
1.815082732972148 -0.7058823529408508 0
1.076414006215999 0.2205882352936128 0
1.458484037296952 0.5882352941168079 0
1.789611397567055 0.191176470587842 0
1.636783385134396 -0.1617647058821071 0
1.611312049728968 -0.1764705882350273 0
1.458484037296788 -0.7352941176465384 0
1.483955372702193 -0.7205882352936068 0
1.509426708107516 -0.499999999999635 0
1.02547133540523 0.1617647058818253 0
1.560369378918627 0.4999999999991595 0
1.178299347837551 0.3088235294111615 0
1.178299347837545 0.3382352941170061 0
1.025471335405142 0.6617647058814076 0
1.101885341621374 0.4705882352933309 0
1.101885341621374 0.5588235294109014 0
0.974528664594388 0.4852941176462762 0
1.356598695675367 0.4411764705874579 0
1.254713354053772 0.4117647058816567 0
1.280184689459223 0.80882352941073 0
1.280184689459219 0.8382352941165905 0
1.254713354053808 0.8235294117636678 0
1.254713354053804 0.8529411764695289 0
1.229242018648391 0.8382352941166054 0
1.305656024864563 0.8529411764695635 0
1.229242018648386 0.8676470588224655 0
1.203770683242974 0.8529411764695431 0
1.254713354053725 0.8823529411754306 0
1.204332800528252 0.881379325477477 0
1.178393034051771 0.8674847895394948 0
1.178314962206592 0.8382082492361085 0
1.152846229196012 0.8529096241089649 0
1.152828012432139 0.8823529411754264 0
1.128087941329046 0.8663804718970911 0
1.127481590537752 0.8380189375689426 0
1.102810654784786 0.852694019224034 0
1.10178389641907 0.8828592188956041 0
1.636783385134377 -0.5735294117643759 0
1.433012701891367 -0.8382352941170643 0
1.40754136648595 -0.8529411764699985 0
1.433012701891365 -0.8676470588229359 0
1.407541366485947 -0.882352941175872 0
1.687726055945358 -0.7499999999995102 0
1.43301270189143 0.01470588235270502 0
1.662254720540334 0.4705882352932772 0
1.254713354053782 0.2058823529407766 0
1.713197391351193 0.6176470588226561 0
1.152828012432151 0.3529411764699251 0
1.178299347837541 0.3676470588228515 0
1.382070031080876 0.8088235294107161 0
1.636783385134588 0.1029411764704148 0
1.178299347837587 0.7205882352931219 0
1.30565602486436 -0.1176470588237999 0
1.331127360269754 -0.1029411764708871 0
1.331127360269747 -0.1323529411767297 0
1.50942670810765 0.02941176470579864 0
0.8981146583781918 0.647058823528441 0
1.382070031080529 -0.8676470588229319 0
1.433012701891514 0.8676470588226605 0
1.152828012432146 0.3823529411757712 0
1.815082732972423 -1.272200703942772e-13 0
1.815082732972429 -0.02941176470599486 0
1.840554068377844 -0.0147058823530545 0
1.840554068377849 -0.04411764705893134 0
1.86602540378327 -0.02941176470598316 0
1.866025403783279 -0.0588235294118668 0
1.840554068377852 -0.07352941176481725 0
1.86602540378329 -0.08823529411775917 0
1.840554068377865 -0.1029411764707003 0
1.8660254037833 -0.1176470588236538 0
1.534898043513202 0.4558823529403591 0
1.50942670810779 0.4411764705874249 0
0.7754713354053892 0.676470588235396 0
1.738668726756128 -0.8382352941169701 0
1.840554068377869 -0.1323529411766013 0
1.864417913835404 -0.1470588235295658 0
1.840286153386541 -0.1617647058825294 0
1.867752524264272 -0.1771144744565758 0
1.840554068377453 -0.485294117646977 0
1.866025403782839 -0.4705882352940689 0
1.840797269292799 -0.1912837849586378 0
1.865746602473615 -0.2070592338677514 0
1.840548134978737 -0.2208022678438023 0
1.865977947998528 -0.2355259365599692 0
1.840551752104099 -0.2500193431326038 0
1.866017108440241 -0.2647477426940928 0
1.840554068377875 -0.2794117647062414 0
1.866024021226156 -0.2941246237826704 0
1.840553837951683 -0.3088246921994048 0
1.866025134952775 -0.3235307683502384 0
1.84055406837789 -0.3382352941180805 0
1.866025358978243 -0.352941402568551 0
1.840554060910375 -0.3676470965069012 0
1.127356677026766 0.191176470587783 0
1.101885341621384 0.1764705882348637 0
1.687726055945289 -0.04411764705863151 0
1.840554068377474 -0.455882352941165 0
1.687726055945294 -0.01470588235276236 0
1.866025395071126 -0.3823529851402886 0
1.58584071432358 -0.1323529411761976 0
0.8981146583781071 0.1764705882347525 0
1.891496739188136 -0.5441176470586427 0
1.891496739188118 -0.5735294117644245 0
1.891496739188137 -0.7794117647053108 0
1.891496739188129 -0.7499999999995072 0
1.891496739188226 -0.8676470588226449 0
1.890889550979539 0.07458109259226341 0
1.891395541153718 0.1031164566082867 0
1.893375538068602 0.04486884764996224 0
1.887729310691059 -0.2218746994286588 0
1.89149673918918 0.4264705882344342 0
1.891496739189181 0.3970588235286031 0
1.891496739188721 -0.07352941176480519 0
1.891496739188763 -0.1323529411765982 0
1.891496739189338 0.8676470588227778 0
1.893437496049668 0.5140619961307805 0
1.891496739188789 -0.3382352941180782 0
1.893437496049676 0.5741732979847325 0
1.891496739188802 -0.279411764706239 0
0.8726433229728018 0.6617647058813598 0
0.8981146583781888 0.6764705882342814 0
0.9745286645943276 0.7205882352931018 0
1.025471335405146 0.7794117647048823 0
1.000294230854592 0.03117714983382179 0
0.1029411764712069 0.800942670810774 0
1.433012701891503 0.8970588235285312 0
1.407541366486085 0.8823529411755862 0
1.433012701891364 -0.8970588235288102 0
1.89149673918825 -0.8970588235284317 0
0.8087696805905891 0.2501077981775268 0
1.891496739188198 -0.4852941176470168 0
1.891496739188241 -0.4558823529411614 0
0.1029411764712342 0.750000000000189 0
0.1176470588241041 0.724528664594896 0
0.08823529411839151 0.7245286645948981 0
0.102941176471245 0.6990573291896194 0
0.132352941176957 0.6990573291896134 0
0.1176470588240954 0.6735859937843418 0
0.1470588235298065 0.6735859937843349 0
0.1323529411769472 0.648114658379064 0
0.1029411764712375 0.6481146583790709 0
0.1176470588240895 0.6226433229737925 0
1.127356677026212 -0.8970588235289094 0
0.1471404926396319 0.622596171291246 0
0.1323665526952579 0.5971641289547527 0
0.1029434450576132 0.5971706777995609 0
0.1176497055081905 0.5716991240994335 0
1.891496739189334 0.8970588235286976 0
1.866025403783878 0.911764705881652 0
1.585840714324048 0.8970588235285577 0
1.611312049729479 0.8823529411756202 0
1.585840714323809 -0.8970588235287705 0
1.005006203993962 0.896551592553963 0
1.382070031080527 -0.8970588235288083 0
1.356598695675109 -0.8823529411758676 0
0.1470615332302325 0.5716990877169519 0
0.1323538339076974 0.5462288013395515 0
0.1044541924158991 0.5466178368797349 0
0.1191824899638928 0.5215634544548321 0
0.1498571777139713 0.5178884179396152 0
0.1323529411769152 0.4952866459471729 0
0.1004955023989453 0.4980542232825012 0
0.1172394464786069 0.4702765734309596 0
0.1454347635553185 0.4692514003272813 0
0.1320143291235836 0.4443268672487291 0
0.1000656892805313 0.4421426820336083 0
0.1176470588239091 0.418872639730798 0
0.1466903819537229 0.4187222023032504 0
0.1312356993985866 0.3939858179549448 0
0.1056779685898313 0.3942471409183982 0
0.1193769119139652 0.3690112504666104 0
0.1478906443599521 0.3680028793975748 0
0.1316952874585088 0.3420248051124775 0
0.1007717583209088 0.3466088697685235 0
0.117175880179109 0.3176066994174794 0
0.144032147756899 0.318327153073768 0
0.1303067850187851 0.292687273025859 0
0.1025216206703403 0.2918144146417825 0
0.1172361068307018 0.2662895876745376 0
0.1486606540365225 0.2700632229139869 0
0.1325514209290433 0.2412838845576545 0
0.1614629243112997 0.2410100809324166 0
0.147041606559883 0.2152931867708924 0
0.1766298845592993 0.2153292917982392 0
0.16178838577501 0.1897003820137283 0
0.1914194293717855 0.1898028025460048 0
0.1765150280149324 0.1641996094085048 0
0.2059302527020263 0.1641947032085195 0
0.1470701768083595 0.164177633119844 0
0.1911804767119571 0.1386912362822424 0
0.2205968862751871 0.1386944008609133 0
0.1176772692875362 0.2152522603115586 0
0.2058834292259431 0.1132174428070571 0
0.2352957388583222 0.1132178279534853 0
0.1764714353036393 0.1132173005237449 0
0.2500017120323816 0.1386892275499794 0
0.2647064378938504 0.1132170299260493 0
0.2794121426350745 0.1402593503449041 0
0.2941178026374734 0.1134785840539458 0
0.3088236183300452 0.1405646298320139 0
0.3235294525144855 0.1135730563230975 0
0.3382353157293033 0.1392403338719861 0
0.352941181773782 0.1132938959070641 0
0.3676470620280132 0.1388916223218323 0
0.3823529425946627 0.1132634403802182 0
0.3970588243001203 0.1386305286786321 0
0.4117136777985051 0.113244310140558 0
0.426462083683334 0.1385838246981321 0
0.4410088179163436 0.1130485242821968 0
0.4558529934040695 0.1386425809108008 0
0.4704486978088829 0.1129962247191872 0
0.4852659681435164 0.138643657019059 0
0.4999720521686815 0.114840530707283 0
0.5146965327973002 0.1389512207017576 0
0.5294101465701027 0.1141668935321235 0
0.5441158191104215 0.1388902084529953 0
0.5588229550645407 0.1150767340817114 0
0.5735290113822731 0.1390316798364452 0
0.5882351316628464 0.113583922994911 0
0.6022480612487869 0.1397571584978154 0
0.6176470588237575 0.1132166148641628 0
0.6302486967147785 0.1419709638809541 0
0.6468951043584142 0.1144989516560011 0
1.916242822010942 0.08949146843946951 0
0.8479546044286523 0.5882352941167577 0
0.8450823155543595 0.379170962383892 0
0.779408636881307 0.09807788199701224 0
0.7499999999999649 0.09717198756750399 0
0.808822561275605 0.09722990817510636 0
0.1323529411769141 0.9020453955709835 0
0.1617647058827894 0.9026975762886896 0
0.1029411764710429 0.9019149594274314 0
0.8471719875674154 0.6470588235284374 0
0.8235288035766219 0.1219999959546452 0
1.764140062161458 -0.676470588235063 0
1.738668726756111 -0.6911764705879522 0
1.152828012432079 -0.05882352941209267 0
1.178299347837461 -0.04411764705918198 0
1.815082732972145 -0.6764705882350655 0
1.840554068377482 -0.6911764705879511 0
1.254713354053618 -4.355208323610545e-13 0
1.331127360269786 0.01470588235246911 0
1.305656024864399 0.0294117647053951 0
1.815082732973021 0.4411764705873509 0
1.81508273297303 0.4117647058815121 0
1.662254720539981 -0.7352941176465985 0
1.407541366486393 0.2647058823522991 0
1.407541366486393 0.2941176470581408 0
1.815082732972993 0.4999999999990546 0
1.356598695675175 -4.590196894558576e-13 0
1.356598695675165 -0.02941176470630298 0
1.407541366486395 0.2352941176464573 0
1.433012701891787 0.2205882352935389 0
1.866025403783805 0.3823529411756883 0
1.891496739189184 0.3676470588227765 0
1.636783385134376 -0.1911764705879787 0
1.61131204972895 -0.2058823529408989 0
1.458484037296793 -0.7058823529406785 0
1.483955372702197 -0.691176470587753 0
1.509426708107594 -0.7058823529406784 0
1.178299347837539 0.3970588235286983 0
1.48395537270236 0.6617647058815022 0
1.15282801243205 -0.1470588235295767 0
1.12735667702667 -0.1617647058824794 0
1.356598695675143 -0.1176470588238137 0
1.356598695675137 -0.1470588235296597 0
1.483955372702383 0.4558823529403595 0
1.483955372702382 0.4264705882344952 0
0.9236205150777229 0.3970588235287372 0
0.9236009060432824 0.4264705882345911 0
0.9745286645943381 0.6617647058813909 0
1.152828012432142 0.4117647058816202 0
1.560369378918633 0.7941176470579561 0
1.611312049729486 0.8529411764697319 0
1.636783385134911 0.8676470588226826 0
1.636783385134907 0.8970588235285697 0
1.662254720540339 0.8823529411756305 0
0.9999999999998039 0.2352941176464897 0
1.10188534162131 -0.117647058823735 0
1.101885341621318 -0.08823529411790852 0
1.101974646610635 0.8234899973254678 0
1.127392380110116 0.8087809009130842 0
1.074313480926393 0.8413763340969771 0
0.7058635859937734 0.1735968288859384 0
1.815082732972098 -0.4999999999998727 0
1.178299347837291 -0.691176470587741 0
1.203770683242731 -0.6764705882347967 0
1.789611397567148 0.3382352941169964 0
1.764140062161746 0.3235294117640806 0
1.382070031080863 0.720588235293115 0
1.382070031080858 0.6911764705872453 0
1.356598695675462 0.6764705882343104 0
1.382070031080854 0.6617647058813765 0
1.356598695675464 0.6470588235284411 0
1.38207003108087 0.6323529411755092 0
1.35659869567547 0.6176470588225749 0
1.331127360270062 0.6323529411755027 0
1.331127360270067 0.6029411764696391 0
1.305656024864657 0.6176470588225662 0
1.305656024864664 0.5882352941167039 0
1.280184689459255 0.6029411764696295 0
1.764140062161619 -0.02941176470590486 0
1.025471335405238 0.1323529411759467 0
1.585840714323544 -0.1911764705879514 0
1.58584071432353 -0.2205882352938218 0
1.611312049728936 -0.2352941176467698 0
1.585840714323517 -0.2499999999996905 0
1.611312049728921 -0.2647058823526373 0
1.585840714323503 -0.279411764705556 0
1.611312049728904 -0.2941176470585035 0
1.585840714323486 -0.3088235294114208 0
1.611312049728884 -0.3235294117643676 0
1.585840714323468 -0.3382352941172806 0
1.611312049728862 -0.3529411764702296 0
1.585840714323449 -0.3676470588231401 0
1.611312049728865 -0.3823529411761289 0
1.585840714323432 -0.3970588235290023 0
1.611312049728833 -0.4117647058820116 0
1.585840714323408 -0.426470588234861 0
1.611312049728786 -0.4411764705878063 0
1.585840714323378 -0.455882352940701 0
1.611312049728758 -0.4705882352936489 0
1.585840714323408 -0.4852941176466062 0
1.611312049728795 -0.4999999999995737 0
1.101885341621017 -0.6764705882347793 0
1.101885341621052 -0.7058823529406936 0
1.127356677026419 -0.720588235293655 0
1.101885341621132 -0.7352941176465873 0
1.101885341620757 -0.85294117647004 0
1.101885341620762 -0.8235294117641183 0
1.560369378918399 -0.9117647058817011 0
0.16176470588271 0.750000000000163 0
0.8382350313969764 0.09707441983238481 0
0.08823529411811326 0.8772045015259926 0
0.2209477124610085 0.1915296771708023 0
0.8377782344865785 0.2492868138696335 0
0.8252816665288224 0.2782990944769416 0
0.3970588235297599 0.08774527945906738 0
0.4891526877183822 0.08563940687606587 0
0.1911764705886314 0.08774527945919719 0
0.1617648470607327 0.08614758336782585 0
0.632325654648133 0.08795900225734611 0
0.6616343336037793 0.08939506792728513 0
0.2794117647063177 0.08774527945913878 0
0.3382353017934064 0.08781756654262809 0
0.5689922621073965 0.08499768409495841 0
1.030233609569754 0.8822682090594451 0
1.0305341569625 0.911159410411023 0
0.7912441086584645 0.07019551752527703 0
1.35598910914102 -0.9130781823153342 0
1.331025762514005 -0.8972777362677362 0
0.5859302229689773 0.1671734339093747 0
0.5294112797734658 0.1641794824948122 0
0.4411764705885953 0.1641592856751687 0
0.3832377620982745 0.1658050820607611 0
0.3236496235435169 0.1662198736118211 0
1.662254720540334 0.91176470588152 0
1.687726055945768 0.8970588235285797 0
0.8745812924058904 0.1628412453508729 0
0.846625215732179 0.3254493189663245 0
1.916830332824292 0.117885634566573 0
0.9822262178149848 0.9099984346750605 0
0.852822969296817 0.2250747846505291 0
1.866025403782911 -0.9117647058813605 0
1.560369378918615 0.9117647058814923 0
0.08809687615218353 0.2661351960169298 0
0.07343641613711349 0.2915807994795393 0
1.408245256385457 0.9130781823150984 0
1.38218734606389 0.8972777362674571 0
1.152828012431657 -0.9117647058818623 0
0.02481459718876956 0.04525515101770153 0
1.975185402811261 0.9547448489823815 0
0.02338201513872585 0.957345307056933 0
0.8726433229728016 0.6911764705871981 0
0.8981146583781868 0.7058823529401203 0
0.9792420186484252 0.8235294117644444 0
0.6470325470617061 0.06425255900674307 0
1.840554068377479 -0.6617647058821563 0
1.866025403782804 -0.6764705882350548 0
1.866025403782803 -0.6470588235292943 0
1.891496739188122 -0.6617647058821733 0
1.891496739188124 -0.6323529411762212 0
1.63678338513416 -0.4558823529407618 0
1.815082346926786 -0.2647091062086596 0
1.331127360269791 0.04411764705831209 0
1.789611397567637 0.4264705882344315 0
1.891496739188124 -0.6911764705879234 0
1.636783385134317 -0.3088235294114802 0
1.382070031081003 0.2794117647052197 0
1.382070031080994 0.3088235294110473 0
1.509426708107597 -0.6764705882348305 0
1.203770683242937 0.3235294117640891 0
1.458484037296951 0.6470588235285479 0
1.764140062161338 -0.6176470588231066 0
1.458484037296976 0.4411764705874278 0
1.458484037296974 0.4117647058815706 0
1.483955372702372 0.3970588235286354 0
1.433012701891572 0.4264705882344977 0
1.433012701891573 0.3970588235286446 0
1.407541366486174 0.4117647058815685 0
1.407541366486175 0.3823529411757178 0
1.891496739188212 -0.8382352941168677 0
1.152828012432037 -0.1764705882354001 0
1.12735667702666 -0.1911764705882986 0
1.101885341621296 -0.1764705882353808 0
1.101885341621286 -0.2058823529411961 0
1.127356677026646 -0.2205882352941148 0
1.101885341621275 -0.2352941176470097 0
1.127356677026633 -0.2499999999999278 0
1.101885341621263 -0.2647058823528223 0
1.127356677026632 -0.2794117647057547 0
1.101885341621253 -0.2941176470586373 0
1.127356677026618 -0.3088235294115776 0
1.10188534162124 -0.3235294117644507 0
1.127356677026596 -0.338235294117365 0
1.101885341621225 -0.3529411764702599 0
1.127356677026585 -0.3676470588231793 0
1.101885341621236 -0.3823529411760325 0
1.127356677026576 -0.3970588235289869 0
1.10188534162123 -0.4117647058817522 0
1.127356677026564 -0.426470588234784 0
1.101885341621192 -0.4411764705875903 0
1.127356677026547 -0.4558823529406007 0
1.101885341621169 -0.4705882352934985 0
1.127356677026533 -0.4852941176464408 0
1.101885341621151 -0.4999999999993461 0
1.076414006215896 -0.2794117647057168 0
1.076414006215863 -0.3676470588231303 0
1.152828012431929 -0.4411764705877377 0
1.076414006215858 -0.45588235294029 0
1.076414006215927 -0.1911764705882797 0
1.152828012431972 -0.3529411764703156 0
1.152828012432023 -0.2647058823528872 0
1.203770683242945 0.2941176470582456 0
1.280184689459249 0.6323529411754906 0
1.1782993478371 -0.8970588235289132 0
1.05094267081063 0.1470588235289201 0
1.203770683242939 0.3823529411757761 0
1.203770683242935 0.4117647058816226 0
1.534898043512991 -0.6911764705877582 0
1.534898043512987 -0.7205882352936036 0
1.560369378918384 -0.7058823529406874 0
1.611312049729213 -0.8823529411758335 0
1.611312049729216 -0.9117647058817029 0
1.636783385134616 -0.8970588235287307 0
1.560369378918379 -0.7352941176465311 0
1.585840714323784 -0.720588235293625 0
0.949057329188965 0.352941176469952 0
1.229242018648231 -0.01470588235334753 0
1.560369378918121 -0.235294117646808 0
0.1470589882374579 0.1129504464592761 0
0.1323529921577908 0.0858368250085218 0
0.1176470947720062 0.1128541777219884 0
0.1029411764709531 0.087745279459227 0
0.08823530010934201 0.1131562086742364 0
1.229242018648392 0.8088235294107329 0
1.458484037296781 -0.8823529411758727 0
1.458484037296782 -0.9117647058817455 0
1.483955372702195 -0.897058823528792 0
1.560369378918625 0.6470588235285472 0
1.483955372702186 -0.6617647058818832 0
0.9999999999997242 0.7647058823519449 0
1.407541366485972 -0.6764705882347954 0
1.458484037296944 0.7352941176461972 0
1.229242018648415 0.6617647058813726 0
1.483955372702361 0.6323529411756188 0
1.127356677026755 0.3676470588228445 0
1.127356677026772 0.6029411764696841 0
1.687726055945352 -0.7205882352936885 0
1.585840714324055 0.5441176470579637 0
1.458484037296939 0.8235294117638341 0
1.764140062162068 0.5588235294108257 0
1.636783385134915 0.8382352941167952 0
1.050942670810592 0.2647058823523804 0
1.789611397567625 0.4558823529402676 0
1.229242018648054 -0.7499999999994351 0
1.33112736026974 -0.1617647058825722 0
1.356598695675121 -0.1764705882355049 0
1.331127360269731 -0.1911764705884168 0
1.35659869567511 -0.2058823529413487 0
1.382070031080533 -0.1617647058825474 0
1.407541366486346 0.3235294117639714 0
1.636783385134605 -0.7499999999995197 0
1.636783385134592 -0.7205882352936674 0
1.000457359167417 0.1185611454455127 0
1.382070031080888 0.7794117647048493 0
1.5858407143236 -0.1029411764703269 0
1.229242018648231 0.01470588235250085 0
1.203770683242844 -4.036134852262544e-13 0
1.254713354053621 0.02941176470540018 0
1.331127360269722 -0.2205882352942598 0
1.356598695675105 -0.2352941176471912 0
1.331127360269714 -0.2500000000001013 0
1.356598695675096 -0.2647058823530326 0
1.382070031080516 -0.220588235294235 0
0.9235859937835788 0.6323529411755227 0
1.305656024864345 -0.6470588235288999 0
1.331127360269843 0.1029411764701833 0
1.7641400621617 0.2941176470582501 0
1.738668726756326 0.3088235294111682 0
1.738668726756309 0.2794117647053355 0
1.713197391350926 0.2941176470582636 0
1.713197391350915 0.2647058823524221 0
1.687726055945531 0.2794117647053512 0
1.687726055945521 0.2499999999995089 0
1.713197391350906 0.235294117646581 0
1.662254720540135 0.2647058823524393 0
1.687726055945513 0.2205882352936664 0
1.025471335405221 0.1911764705877018 0
1.713197391350763 -0.852941176469893 0
1.738668726756142 -0.8676470588227987 0
1.71319739135077 -0.8823529411757234 0
1.738668726756158 -0.8970588235286333 0
1.713197391350775 -0.9117647058815643 0
1.662254720540336 0.6176470588226566 0
0.1615324472227572 0.6989232345897842 0
0.1764318784588665 0.6735636446843558 0
1.101885341621091 -0.6470588235288703 0
1.331127360269704 -0.2794117647059408 0
1.356598695675084 -0.2941176470588733 0
1.382070031080478 -0.2794117647059631 0
1.382070031080467 -0.3088235294118032 0
1.356598695675073 -0.3235294117647137 0
1.382070031080456 -0.3382352941176425 0
1.356598695675063 -0.3529411764705528 0
1.382070031080445 -0.3676470588234811 0
1.356598695675053 -0.382352941176391 0
1.382070031080436 -0.3970588235293197 0
1.356598695675043 -0.4117647058822296 0
1.382070031080425 -0.4264705882351583 0
1.356598695675032 -0.4411764705880682 0
1.382070031080412 -0.455882352940999 0
1.356598695675017 -0.4705882352939084 0
1.382070031080399 -0.4852941176468411 0
1.356598695675007 -0.4999999999997385 0
1.331127360269651 -0.426470588235139 0
1.331127360269681 -0.3382352941176247 0
1.382070031080778 0.3970588235286415 0
1.382070031080779 0.3676470588227915 0
1.636783385134323 -0.3676470588232888 0
1.356598695675113 -0.8529411764699937 0
1.534898043513198 0.4264705882344915 0
1.560369378918608 0.4411764705874251 0
1.356598695675148 -0.08823529411797218 0
1.611312049729489 0.823529411763841 0
1.40754136648628 0.794117647057783 0
0.2647419196428714 0.1654621361649052 0
1.382070031080542 -0.1029411764708959 0
1.382070031080546 -0.07352941176505448 0
1.713197391350951 0.3235294117640852 0
1.713197391350902 0.2058823529407462 0
1.738668726756291 0.2205882352936569 0
1.738668726756289 0.191176470587838 0
1.101906176300124 0.7941039732351403 0
1.127356677026726 0.7794117647048509 0
1.15283396294604 0.7941105423081842 0
1.738668726756216 0.01470588235289425 0
1.127356677026773 0.161764705881952 0
1.152828012432152 0.1764705882348614 0
1.382070031080564 -0.01470588235338034 0
1.382070031080571 0.0147058823525154 0
1.356598695675445 0.5882352941167078 0
1.101885341621419 0.1470588235290166 0
1.815082732972713 0.352941176469892 0
1.815082732972423 -0.08823529411770692 0
0.102941183460857 0.1386174763812754 0
1.789611397567247 0.3676470588228199 0
1.407541366486388 0.2058823529406316 0
1.433012701891779 0.1911764705877146 0
1.458484037297177 0.2058823529406247 0
1.382070031080965 0.2205882352935513 0
1.407541366486253 0.7647058823519179 0
1.815038080473853 -0.1470588235294487 0
1.815082731727876 -0.3529411827515181 0
1.815082731520455 -0.3823529485041617 0
1.764140062161568 -0.08823529411754358 0
1.738668726756141 -0.0735294117645631 0
1.815122277558383 -0.2059359107613389 0
1.458484037297147 0.1764705882347823 0
1.483955372702498 0.1911764705877607 0
1.050942670810666 0.1176470588230559 0
1.076414006215966 -0.1617647058824647 0
1.560369378918051 -0.4117647058819962 0
1.560369378918079 -0.3529411764702981 0
1.56036937891804 -0.4705882352936523 0
1.560369378918105 -0.2941176470585941 0
1.560369378918199 -0.117647058823283 0
1.560369378918166 -0.1470588235291974 0
1.560369378918222 -0.08823529411749073 0
1.560369378918188 -0.4999999999996117 0
1.07641400621538 -0.8382352941170744 0
1.076414006215873 -0.6911764705877166 0
1.076414006215414 -0.8088235294111448 0
1.101885341620833 -0.7941176470582381 0
1.076414006215699 -0.7794117647052313 0
1.076414006215368 -0.8676470588230012 0
0.1894676486707194 0.2426093459961695 0
0.07352941176553703 0.6990573291896262 0
1.916968074593462 -0.5588235294115441 0
1.916968074593445 -0.5882352941173057 0
1.916968074593484 -0.529411764705774 0
1.916968074593424 -0.676470588235049 0
1.916968074593425 -0.7058823529407772 0
1.91696807459361 -0.4705882352941123 0
1.915360584646019 -0.4411764705882453 0
1.916968074593432 -0.7647058823523879 0
1.916968074593445 -0.7941176470581555 0
1.918886562925696 -0.8535850626908407 0
1.916968074594557 0.4117647058815171 0
1.916968074594559 0.4411764705873402 0
1.916360886385787 0.8813012603479806 0
1.919109121930231 0.9098115843445317 0
1.916866876559968 0.8527658963318547 0
1.891496739188289 -0.9265991162322754 0
1.916968074593644 -0.9117861272143051 0
1.636783385134901 0.9264705882344568 0
0.8707521393319385 0.2505516131792298 0
1.738325975386503 -0.9258769254478426 0
1.76408293693327 -0.9116657620837679 0
1.177994554570132 -0.9259426708104082 0
1.203719884364709 -0.9116767196444644 0
1.204405907503156 -0.9453677792236665 0
1.229242018647973 -0.9264705882348149 0
1.229233552168337 -0.8970441591560202 0
1.254711942973477 -0.9117622618196775 0
1.254711707793493 -0.8823500897700846 0
1.483447383923712 -0.9255907258606342 0
0.6911764705882238 0.1481146583783895 0
0.7057788359597602 0.1193332887409788 0
0.67647058823529 0.1735859937838194 0
0.07668955995807275 0.08890225608522778 0
1.382070031080652 0.9264705882343958 0
1.356618248172441 0.9118011913379402 0
1.356621506921996 0.8823955075414769 0
1.331127360269819 0.8970588235285043 0
1.355227810719982 0.9454222716368218 0
1.382070031080527 -0.9264705882346855 0
0.8783486144882853 0.2237176671191925 0
1.636783385134629 -0.9264705882346017 0
1.127356677026213 -0.9264705882348137 0
1.101885341620767 -0.9117647058818604 0
0.07352941232821945 0.1386822720770675 0
0.08823529537682596 0.1641465936619537 0
1.433012701891497 0.9264705882344075 0
0.2189699655936673 0.7512024976470122 0
0.7500000000000415 0.7816867726230825 0
1.330257959695716 -0.9270992555049513 0
1.046818400560382 -0.9733618456633768 0
1.97775088022084 -0.9555403723143386 0
1.030184689459316 0.8529411764703438 0
0.07431441145064754 0.9031036941276707 0
1.586159742338229 0.9259180155048332 0
1.738668726756109 -0.6617647058821559 0
1.713197391350753 -0.6764705882350587 0
1.815082732972131 -0.6470588235291688 0
1.152828012432087 -0.0294117647062641 0
1.127356677026706 -0.04411764705917044 0
1.866025403783811 0.3529411764698631 0
1.891496739189186 0.338235294116955 0
1.916968074594556 0.3529411764698654 0
1.916968074594556 0.3235294117640519 0
1.891496739189193 0.3088235294111347 0
1.916968074594564 0.2941176470582381 0
1.305656024864404 0.05882352941123634 0
1.407541366485845 -0.3823529411763981 0
1.407541366485896 -0.2941176470588845 0
1.127356677026522 -0.5147058823522749 0
1.101885341621131 -0.5294117647051857 0
1.15282801243193 -0.4999999999993868 0
1.433012701891629 0.3676470588227678 0
1.866025403782813 -0.735294117646625 0
1.713197391350717 -0.02941176470573587 0
1.407541366485945 -0.08823529411797859 0
1.560369378918607 0.4117647058815589 0
1.585840714323799 -0.7499999999994864 0
1.229242018648339 0.3088235294111768 0
1.254713354053844 0.6176470588225561 0
1.254713354053847 0.5882352941167013 0
1.534898043512991 -0.6617647058818957 0
1.407541366486205 0.8235294117637162 0
1.458484037296975 0.4705882352932964 0
1.636783385134348 -0.2499999999997328 0
0.9490655681146059 0.411764705881665 0
1.17829934783742 -0.1617647058824969 0
1.891476421177973 0.1323881330027999 0
1.916941731297322 0.1471044514574678 0
1.713197391350742 -0.7352941176466194 0
1.509426708107774 0.6470588235285585 0
1.433012701891384 -0.7205882352936055 0
1.662254720539807 -0.1764705882350572 0
1.662254720539795 -0.2058823529409403 0
1.152829004184478 0.7647046982269807 0
1.178300504881934 0.7794103832257619 0
1.382070031080405 -0.5147058823526774 0
1.305494191809331 -0.9119059692166112 0
1.305624664053482 -0.8823958192798913 0
0.949061187719852 0.4411764705875157 0
0.9235891222486647 0.4558823529404424 0
1.687726055945484 0.1911764705878428 0
1.840554068377793 0.04411764705865835 0
1.152828012432189 0.1470588235290448 0
1.534898043513002 -0.8970588235287653 0
1.534508350433661 -0.9257956200218477 0
1.55981146713505 -0.9453553862219918 0
0.9235859937835722 0.6911764705872037 0
0.9235859937835692 0.7205882352930431 0
1.687726055945772 0.8676470588226902 0
1.713197391351204 0.8823529411756378 0
1.7131973913512 0.91176470588153 0
1.738668726756635 0.897058823528589 0
1.687726055945394 -0.8970588235286545 0
1.687240162876334 -0.9256289967518176 0
0.6898881810969193 0.1983171466053094 0
1.764140062161498 -0.8529411764698548 0
1.33112736026963 -0.4852941176467888 0
1.331127360269637 -0.5147058823525876 0
1.050942670810549 0.7941176470577928 0
1.866025403783254 -1.073158356397117e-13 0
1.891496739188691 -0.01470588235303514 0
1.764140062161369 -0.4999999999998109 0
1.407541366486204 0.6764705882343394 0
1.076414006215935 -0.1029411764707477 0
1.076414006215957 -0.0735294117648761 0
1.433012701891547 0.7205882352932231 0
1.738668726756459 0.3676470588227964 0
1.203770683242716 -0.7058823529406726 0
1.229242018648156 -0.6911764705877325 0
1.178299347837287 -0.7205882352936386 0
1.229242018648157 -0.6617647058818505 0
1.254713354053583 -0.6764705882348038 0
1.254713354053567 -0.7058823529406698 0
1.280184689458988 -0.6911764705877305 0
1.433012701891618 0.7794117647048947 0
1.662254720540148 0.2941176470582835 0
1.636783385134755 0.2794117647053611 0
1.636783385134742 0.2499999999995305 0
1.61131204972935 0.2647058823524631 0
1.611312049729338 0.2352941176466319 0
1.585840714323971 0.249999999999525 0
1.127356677026403 -0.7499999999995768 0
1.534898043512843 -0.1323529411764487 0
1.076414006215775 -0.5147058823520636 0
1.076414006215769 -0.544117647057911 0
1.101885341621111 -0.5588235294110202 0
1.076414006215772 -0.5735294117638132 0
1.891228824197045 -0.4264705882354026 0
1.912906082859022 -0.4128163867106662 0
1.050942670810312 -0.8235294117641107 0
1.73832597538695 0.9258769254478217 0
1.764082936933782 0.911665762083766 0
0.0744265328530668 0.749482046898764 0
1.43346689400104 -0.9267068743310811 0
1.055014722555295 0.8981695917121792 0
1.056194751625766 0.9255374861136063 0
0.1470588235298487 0.9282993478376463 0
0.177657983370873 0.9267429459520843 0
0.1913743697778434 0.9025468727607082 0
0.2061132353290222 0.9272104740502205 0
0.220659698890647 0.90259967685572 0
0.2353445086447874 0.9272971960824041 0
0.2500203090993746 0.9026229312102224 0
0.2647176657028201 0.9273155254801797 0
0.2794171134477921 0.9026298618355645 0
0.2941205024078608 0.9273197354840228 0
0.3088248967606732 0.9026317186070713 0
0.3266815177278019 0.9296884221595946 0
0.3382352941183329 0.902828012432078 0
0.32352963965671 0.87732396138907 0
0.3529412144532048 0.8773512244202994 0
0.367647065154644 0.9020444868030941 0
0.382352948562671 0.8772251806539872 0
0.3970588258162784 0.9026755087651037 0
0.4117647074951802 0.8773093436865907 0
0.4264705888859504 0.9027947062641717 0
0.441176470966178 0.8773432371085389 0
0.4558823531133365 0.902037604556449 0
0.4705882353865061 0.8772227023942484 0
0.4852941176595244 0.9023804651928085 0
0.5000000000181515 0.8772597567145974 0
0.5147058823587176 0.9019546509788309 0
0.5294117647105278 0.8771949633990151 0
0.4852941176573742 0.8518657076973124 0
0.5441176470611655 0.9026554999183777 0
0.5588235294135058 0.8773009726696659 0
0.5735294117658987 0.9027899762867154 0
0.5882352941185738 0.8773410536094619 0
0.6029411764713501 0.9028190691713778 0
0.6176470588241398 0.8773525825801904 0
0.5735294117657554 0.8518734536588946 0
0.6323529411769981 0.9028258394805833 0
0.647058823529817 0.8773556324601636 0
0.6617647058826904 0.9028274761787587 0
0.6764705882355182 0.8773564135565187 0
0.6911764705883958 0.9028278791444955 0
0.7058823529412266 0.8773566109001782 0
0.6617647058827119 0.8518851236150946 0
0.7205882352941071 0.9028279791960455 0
0.7352941176469436 0.8773566604660098 0
0.7499999999998291 0.9028280041322626 0
0.7647058823526722 0.8773566728829933 0
0.7794117647055662 0.9028280103577818 0
0.7941176470584135 0.877356675990052 0
0.8088235294113161 0.9028280119131972 0
0.7200671645931949 0.8521861681494218 0
0.3382353384305002 0.8518789802470895 0
0.4264705885677405 0.851875212744886 0
0.7058823529412683 0.9282993200831006 0
0.6176470588241645 0.9282974951350702 0
0.5262297859157957 0.9303954080108507 0
0.439915142527474 0.9266512171273371 0
0.8235294117641692 0.8773566767671037 0
0.8382352941170803 0.9028280123019293 0
0.3088235747795737 0.8518788287858633 0
0.2647069955111364 0.8773391829348873 0
0.3235294117652617 0.8264140062155535 0
0.3529411838566935 0.8264129459868548 0
0.7777568051344167 0.8491143620612613 0
0.7941176470584611 0.9275167305437093 0
0.3792014396885131 0.929722690285713 0
0.08710479920028354 0.926682274249799 0
0.8727579846407997 0.7182089309063052 0
1.025585997073144 0.8064442250239663 0
1.941832221789892 -0.5430659662310811 0
1.941688389398201 0.1021386206534817 0
1.940831920051034 -0.7794117647052794 0
1.941832221790921 0.4275222690621784 0
1.940831920052053 0.3382352941169591 0
1.942092564729546 0.8670463051915345 0
1.942439409999046 -0.4558823529411941 0
0.8506608507036331 0.1235945032507093 0
0.7947426953426371 0.2744067356425625 0
0.8072811246818632 0.3004006829931385 0
1.661687158361576 0.9409916173215804 0
1.942439409998744 -0.8088235294110123 0
1.94243940999931 0.07352941176450473 0
1.94056400506076 0.367647058822777 0
1.940730722017252 0.4560576330782019 0
1.916076105055088 0.4695657678216905 0
1.940730722016368 -0.5145306022149655 0
1.940757246168109 0.8381059551553133 0
1.916670847616968 0.8234786419139599 0
0.05976159275361206 0.9277234244114212 0
0.05486748005933317 0.8790741410553954 0
0.07339412151949251 0.8523221955175059 0
0.8344943372664366 0.1470265946966715 0
0.6180347782106587 0.05965245670605629 0
0.6764637920765064 0.06329976490604193 0
0.8708651922547017 0.1008748762987037 0
0.8531366253719137 0.07220484447033994 0
0.8823529411765716 0.07170065216205464 0
0.1769708051225569 0.05986708120905132 0
0.2059657224226815 0.06187280024632079 0
0.1183623741144541 0.06075598295935968 0
1.710720890845761 0.9450435950085324 0
1.635933221498884 0.9558899396791158 0
0.6910378183564045 0.09061110519522994 0
0.7058581115429217 0.06459058156037739 0
1.764266783763015 0.9453489130985545 0
1.789611397567508 0.9264705882344743 0
0.8475825331220133 0.7044295309385382 0
1.084008706438415 0.9096669078954158 0
0.220588235294601 0.9537706832430852 0
0.8643733827490216 0.04488887661181264 0
0.07270968703763479 0.9546474679335819 0
0.2794117647064396 0.9537706832430891 0
0.8697374856265918 0.1959043203510859 0
1.559462981529801 0.945459149107738 0
1.534636531865886 0.9252176020266036 0
0.05381425268132168 0.2648654292913045 0
0.07352941176474473 0.2405732918921708 0
0.04601580649526627 0.2918640813568962 0
0.05478827561649277 0.3204205420575756 0
1.030175324259764 0.9425200815674739 0
1.76419868199977 -0.9452325612586246 0
1.78961139756696 -0.9264705882344446 0
0.8940266750405528 0.04759461386608567 0
0.9104506833716038 0.07270135939608474 0
1.08146599929894 0.9398564209084279 0
1.106598695675608 0.9264705882350923 0
1.105226809958052 0.9550225305983941 0
1.131078755520057 0.9404640426247259 0
1.132433767494054 0.915140038663721 0
1.15994598714223 0.9259957959975595 0
1.916968074593684 -0.9411764705871309 0
1.94124940815399 -0.9262794089692141 0
0.8529411764699368 0.8773566770261501 0
0.8671191413985038 0.9031328056770644 0
0.8528531902325962 0.927567529828365 0
0.8822502905654891 0.9274455601818803 0
0.8393835904002965 0.8524910839898602 0
0.8995223160365698 0.8994246075027985 0
0.9117647058815935 0.9282993478368011 0
0.8921397543094344 0.9520572672820827 0
0.9242321572056792 0.9555413146464042 0
0.9389226842986753 0.9278145033059501 0
1.611312049729223 -0.9411764705875696 0
1.257255677095095 -0.9377562785408169 0
0.1908560243110241 0.6998762709918054 0
0.2054275224378955 0.6749010650980771 0
0.1905749258074786 0.6489719038136075 0
1.30581273592156 -0.9396906244447509 0
0.05836815049570496 0.1639281687561733 0
0.07345351548874654 0.1895899862589073 0
0.04373849100556083 0.1905292952918819 0
1.866179847120128 -0.94181190585359 0
1.840579808933787 -0.9265764941120223 0
1.839308879393625 -0.9563209844703398 0
1.101985897320749 -0.9416343427229628 0
1.076430765498854 -0.9265469002573443 0
1.075365970295974 -0.9560588134723038 0
1.941542251794637 -0.7499999999995777 0
1.939645562887599 -0.8977898148420728 0
1.940389311677991 0.4853916374506272 0
1.941526116988422 0.8088157154440078 0
1.916766321263184 0.7941078830884645 0
1.942439410000273 0.779411764704968 0
1.916934449039527 0.7647042550237506 0
1.891457509374847 0.7794098661553421 0
1.8914845966277 0.7499994123527185 0
1.916960446575307 0.7352937484836322 0
1.891493444092462 0.7205880758249743 0
1.866022830840775 0.7352939931269964 0
1.866024425777188 0.7058823056089418 0
1.840553476553429 0.7205882066514027 0
1.891496027005386 0.6911764361206131 0
1.866025122085394 0.6764705746013007 0
1.891496573542228 0.6617646978647023 0
1.916967928289601 0.6764705811536786 0
1.916968055647219 0.6470588226112927 0
1.840553540917057 0.7499999744722389 0
1.815082732972931 0.735294117646084 0
1.815082634335418 0.7058823481665648 0
1.78961138112789 0.7205882344975301 0
1.789611394827555 0.7499999998664585 0
1.789611378387941 0.6911764696590699 0
1.764140062162017 0.7058823529401818 0
1.940831892510187 0.6617647045483053 0
1.941564299051588 0.6334046216281098 0
1.916215031403008 0.6188740195728146 0
1.941328301711048 0.6038175770989678 0
1.941542244253709 0.6911764702221437 0
0.637977468364169 0.03991358840140694 0
0.5880804700048301 0.05637797820753603 0
0.1968759758792822 0.03620638717653487 0
0.1475194872209104 0.05535836946347223 0
1.942439409998717 -0.6911764705879085 0
1.942439409998714 -0.6617647058821881 0
1.967494957322698 -0.7928416264458886 0
1.967910745404148 -0.5294117647058024 0
1.968109745723572 0.08920644565751658 0
1.964895874892365 0.3529411764698172 0
1.967910745405298 0.4411764705873242 0
1.967910745405704 0.6470588235282366 0
1.967910745405746 0.8529411764698291 0
1.128612103770293 -0.9558217334627964 0
0.2208466523326341 0.0396075344231514 0
0.2352941176473783 0.06227394405374057 0
0.2685831242389037 0.05963117883567971 0
0.848359830791892 0.1724023990333229 0
0.8188497723133498 0.1706886998089637 0
1.635177245856019 -0.9554730160344642 0
0.2215053709222617 0.6483271724444376 0
0.6599924701056961 0.1445745155198254 0
0.6402772120006422 0.1681791588895131 0
0.6565580247728426 0.1958270775583972 0
0.6281957242208154 0.1970673379443096 0
0.6161488511918058 0.2239592216210812 0
0.5964197875004001 0.1996712207651489 0
0.7205655813307268 0.09030927208943579 0
0.7391621817874201 0.06395161706350409 0
0.7156798288756341 0.04067753162364951 0
0.7662999585368393 0.05332405562757011 0
0.7778638835331606 0.02483318453179881 0
0.6760268449526577 0.1188587945264805 0
1.892887009039776 -0.9561738147708521 0
0.8496057584894701 0.2950251839294307 0
1.13147745061725 0.9714663724432659 0
0.873310970768476 0.2806170711564709 0
0.04420318570079869 0.1370520202101898 0
0.2034219182238055 0.7262367395935475 0
0.1283656509110412 0.03049174941677821 0
0.5740254055446182 0.02682676606733 0
0.2804202847382347 0.02785201256284419 0
1.891496739189155 0.2794117647053218 0
1.916968074594568 0.2647058823524288 0
1.941832221790909 0.2783600838775617 0
1.94073072201724 0.2498247198615686 0
1.916683293264136 0.2352649042902929 0
1.941525506196492 0.2205793634046496 0
1.916768293738922 0.2058760053999532 0
1.942439409999968 0.1911764705879163 0
1.891439053214692 0.2205840018535653 0
1.967910745405297 0.2647058823524492 0
1.891453828050632 0.1911747070910925 0
1.891496739188116 -0.6029411764702731 0
1.916968074593434 -0.6176470588232051 0
1.942439409998746 -0.602941176470188 0
1.94243940999874 -0.6323529411759203 0
1.840554068378376 0.3676470588227841 0
1.127356677026715 -0.01470588235334299 0
1.229242018648242 0.04411764705832051 0
1.331127360269794 0.0735294117641539 0
1.764140062161449 -0.647058823529218 0
1.713197391350736 -0.6470588235292121 0
1.687726055945396 -0.6617647058821378 0
1.356598695675543 0.2941176470581784 0
1.356598695675598 0.3235294117639864 0
0.2941176546203607 0.8264129207433243 0
1.866025403782788 -0.6176470588232841 0
1.764140062162234 0.4411764705873381 0
1.76414006216219 0.4705882352931946 0
1.356598695675168 0.05882352941127494 0
1.407541366485785 -0.4999999999997751 0
1.407541366485818 -0.4411764705880753 0
0.2648044203486486 0.2231282193910346 0
0.2355707866493056 0.2214308688796112 0
0.2794432534634315 0.1982795727835008 0
0.3088914386392385 0.1983761143077904 0
0.2941394254519821 0.1708347790168065 0
0.3391896391678753 0.1938042075610925 0
0.2181287980877829 0.2451586084949347 0
0.2503577962022625 0.1923605943846548 0
0.2053607099666502 0.2176434324809602 0
0.2008042786329983 0.2737106549450312 0
0.3536473377661764 0.1670776113829231 0
1.941582537236598 -0.7205882352937303 0
1.764140062162245 0.4117647058814909 0
1.433012701891797 0.1617647058818525 0
1.458484037297055 0.1470588235289775 0
0.5134445541560821 0.976039509630876 0
0.5007549149905635 0.9496086307823415 0
0.4750292582547884 0.9491681139951103 0
0.02547133540548592 0.4852941176490191 0
0.0554462377106238 0.4703924147500056 0
0.05094267081101192 0.5000000000020032 0
0.05094267081102936 0.4411764705900939 0
1.407541366485998 -3.150639471538597e-13 0
1.382070031080948 0.1911764705877209 0
1.4075413664859 -0.2647058823530338 0
1.356598695675526 0.2647058823523419 0
1.972920496349866 -0.4550544992300475 0
1.152828012431906 -0.5294117647052289 0
1.178299347837339 -0.5147058823523758 0
1.407541366486091 0.8529411764697052 0
0.2941176470590318 0.7754713354053575 0
1.40754136648596 -0.05882352941210416 0
1.152828012432121 -3.594899852572462e-13 0
1.025471335405414 -0.4852941176458376 0
1.974528664594547 -0.01470588235300224 0
1.949057329189032 -0.02941176470593785 0
1.949057329188953 -0.05882352941189221 0
1.949057329189103 -1.116901710007667e-14 0
1.923585993783515 -0.04411764705883263 0
1.923585993783413 -0.07352941176475569 0
1.949057329188865 -0.088235294117837 0
1.923585993783299 -0.1029411764706722 0
1.949057329188695 -0.1176470588237321 0
1.921645236922767 -0.1329968273977034 0
1.948733869711917 -0.1471661378999102 0
1.923815812602565 -0.1629415868088971 0
1.949041722412295 -0.176684620785093 0
1.92522918573809 -0.1914082895011334 0
1.949328593384842 -0.2059566615186147 0
1.924496469623937 -0.2206015165440033 0
1.898114658377504 -0.1764705882353984 0
1.949254285861258 -0.2353087159520101 0
1.923585993782685 -0.2500000000004224 0
1.949090155300431 -0.2647083154043684 0
1.92358599378258 -0.2794117647063942 0
1.949062800206898 -0.2941180525680813 0
1.923585993782482 -0.3088235294123544 0
1.949058241024565 -0.3235294793503422 0
1.923585993782384 -0.3382352941182989 0
1.949057481160786 -0.3529411877356891 0
1.923700156221819 -0.3679755727888324 0
1.950683871537927 -0.3824076953829568 0
1.974606701405676 -0.2206030531084003 0
1.974900953020575 -0.3968926690941852 0
1.95324108993154 -0.4105191782128689 0
1.974528664594448 -0.07352941176494518 0
1.254713354053639 0.05882352941126816 0
1.974528841895582 -0.3382353072603302 0
1.866013427936871 0.2058816390197136 0
1.789611397566733 -0.6323529411761095 0
1.178299347837305 -0.5441176470582257 0
1.84055406837749 -0.6323529411762817 0
1.585840714323776 -0.6911764705877637 0
1.916968074593437 -0.7352941176464941 0
1.025471335405435 -0.5441176470576298 0
1.974474754681531 -0.1323708269052478 0
1.585840714324016 0.4264705882344917 0
1.585840714324015 0.4558823529403538 0
0.2245286645946027 0.4705882352954717 0
0.199314970773863 0.4852941176484207 0
0.2009562520925806 0.4558823529424168 0
0.1988310504320608 0.5146165799390079 0
0.1754825535823598 0.5007163429831771 0
0.4705882352953272 0.7754713354055176 0
0.4558823529423713 0.8009426708110027 0
0.4852941176483385 0.8009426708109189 0
0.4264705882363477 0.8009426708110872 0
0.5146909325519533 0.02550362126919293 0
0.5292687449537616 0.05100428124539395 0
0.5003510873885136 0.05398753504158006 0
0.5155192098942772 0.07295973745838528 0
0.4666607898003358 0.05420612015365443 0
0.5384456343118348 0.07592582516590723 0
0.4554835898212735 0.08590480790707408 0
0.4356497073072717 0.06536803357682888 0
1.975511721205664 -0.9264557515077948 0
0.1029186280967905 0.8519327880206499 0
1.050942670810614 -0.1764705882352398 0
1.050942670810568 -0.2058823529410314 0
1.611312049729165 -0.7058823529407006 0
1.433012701891364 -0.2794117647059235 0
1.229242018648437 0.6029411764696286 0
1.229242018648422 0.5735294117637781 0
1.305656024864434 0.08823529411715683 0
1.229242018648321 0.3382352941170158 0
1.101885341621372 -0.02941176470605272 0
0.5000000000012522 0.7754713354054734 0
0.5147058823542372 0.8009426708107465 0
0.5441176470600266 0.8009426708106755 0
0.5294117647070664 0.8264140062159513 0
0.3238023192888374 0.2233233037232099 0
0.3692891209044448 0.1962717119547937 0
0.4000901798775992 0.1899990676667004 0
1.407541366485948 -0.2352941176471739 0
1.974535047449259 -0.2794122378000528 0
1.382070031080775 0.4264705882345024 0
1.356598695675375 0.4117647058815771 0
1.229242018648353 0.3970588235287109 0
1.738668726756077 -0.632352941176246 0
1.840554068377485 -0.7205882352937479 0
0.02516187862819963 0.07446462265907708 0
0.04923498122502568 0.05801035373439919 0
0.04767988523109754 0.02694517205982658 0
0.07641400621647423 0.04411764705905859 0
1.254713354053836 0.6470588235284227 0
1.229242018648357 0.4264705882345653 0
1.458484037296947 0.6176470588226814 0
1.433012701891555 0.6323529411755683 0
1.433012701891549 0.6029411764697015 0
0.5582931996144522 0.9278309828951563 0
0.5480268576882699 0.9528012787332714 0
0.08820898768152881 0.8264947229319581 0
0.0607928381396731 0.8258262710543531 0
0.07385324548043892 0.8008581677364497 0
0.04620766126551069 0.8018782399829332 0
0.05957380382534256 0.775593002986661 0
1.66225472054009 0.2058823529407717 0
1.48395537270238 0.602941176469719 0
0.131823707361632 0.9749175170505202 0
0.1215563999262803 0.949999480954238 0
1.687726055945332 -0.632352941176228 0
1.974764554718906 0.51605804341599 0
1.949703832418856 0.5306888057097555 0
1.949772267936339 0.5579846887502162 0
1.923585993783609 0.5441176470574387 0
1.923585993783717 0.5147058823515307 0
1.924449637747809 0.5735648889702957 0
1.975255009261416 0.5723379241590213 0
1.585840714323802 -0.7794117647053392 0
1.178299347837599 0.1617647058819765 0
1.178299347837583 0.191176470587805 0
1.025471335405322 -0.4558823529399956 0
1.050942670810584 -0.4411764705871504 0
1.050942670810628 -0.4117647058813674 0
1.815082732972135 -0.6176470588232801 0
1.17829934783741 -0.191176470588325 0
0.974530680837119 0.4264705882345831 0
1.254713354053729 0.3235294117641067 0
1.86602540378277 -0.5882352941173621 0
1.280184689459243 0.6617647058813535 0
0.4846955663287283 0.02652810197829629 0
0.3088235634126739 0.08962490548923918 0
0.3202059990196833 0.06128995550592774 0
0.3522731020146694 0.06002555275854669 0
0.3375494873310148 0.03843988168355283 0
0.3861135735753272 0.0590612800403827 0
0.3972365837061832 0.02721797279649586 0
0.2953191068564782 0.04985543618981956 0
1.840554068377883 -0.39705882352988 0
1.815082732730386 -0.4117647071038973 0
1.789611397284658 -0.3970588249543648 0
1.976136154542396 -0.8676470588231304 0
1.949057329189364 -0.8529411764701464 0
0.3681624875469345 0.08686783584798452 0
1.81508273297295 0.5588235294108252 0
1.305656024864321 -0.2647058823529892 0
1.433012701891391 -0.6911764705877437 0
1.458484037296972 0.4999999999991741 0
1.203770683242952 0.4411764705874847 0
0.2506465697732121 0.08730508994788011 0
1.534898043512989 -0.7499999999994649 0
1.944104572500477 0.3978100241198347 0
0.02967507345119273 0.9270732997514566 0
1.94153786134847 -0.485286513170797 0
0.4112393693815697 0.9276914550679547 0
0.4251342119858846 0.9544429519163715 0
0.1917745099311402 0.9729952546922072 0
1.004713354053884 0.8382352941173937 0
1.662254720540322 0.5294117647050061 0
1.636783385134902 0.5147058823520794 0
0.9745303737890902 0.3970588235287314 0
1.00000028486556 0.3823529411757964 0
0.1323609456209266 0.1897022281621036 0
1.713197391350739 -0.7647058823524314 0
1.944329857300243 -0.5727446894003787 0
0.775306230196666 0.35322714708126 0
0.7993936062020817 0.340918352724728 0
0.8009426708108105 0.3676470588240596 0
0.827048938006846 0.352812166535377 0
1.229242018648355 0.2794117647053388 0
1.203770683242955 0.264705882352405 0
1.229242018648358 0.2499999999994993 0
1.203770683242974 0.2352941176465708 0
1.178299347837569 0.249999999999478 0
1.81508273297216 -0.7647058823524443 0
1.815082732972154 -0.7352941176466538 0
1.81508263022714 -0.2941183781663045 0
1.78961131610179 -0.2794124238664895 0
1.789611319648477 -0.2500006471694318 0
0.588146905818796 0.9274305314676914 0
0.5980244843039677 0.9520544537127942 0
0.6323529411770348 0.9537706832422208 0
1.866025403782854 -0.8235294117639814 0
1.611312049729194 -0.7352941176465724 0
1.636783385134572 -0.691176470587795 0
0.1176389163555482 0.8264353667352899 0
1.305656024864313 -0.5588235294113097 0
1.280184689458902 -0.5441176470583652 0
0.02518745266804134 0.8669902798226408 0
1.025471335405404 -0.6029411764695439 0
1.916968074593426 -0.6470588235291261 0
0.4117647058832709 0.775471335405556 0
0.3970588235302172 0.8009426708110849 0
1.815077762640899 -0.176497400267102 0
1.789617159942678 -0.1911898655635159 0
1.305656024864337 -0.2058823529413294 0
0.08856383232089772 0.7753912039730535 0
1.866025403782806 -0.7058823529408268 0
1.974638120963974 0.9262810042419913 0
1.950792518234682 0.9409552892627793 0
1.952324043263143 0.972907062654107 0
1.923585993783577 0.9558823529410369 0
1.750295507457947 -0.9741710280878515 0
1.662254720539997 -0.7058823529407793 0
1.17829934783757 0.2205882352936391 0
1.203770683242995 0.2058823529407467 0
1.02547133540546 -0.6323529411755037 0
1.050942670810785 -0.6176470588225607 0
1.050942670810698 -0.6470588235286147 0
1.840554068378434 0.8970588235286909 0
1.840554068378436 0.9264705882346018 0
1.865568924731037 0.9403858256754576 0
1.839548073335589 0.9551580119840655 0
1.866747217760844 0.9719044803948074 0
1.81508273297299 0.9411764705875475 0
1.7131973913507 -0.05882352941159322 0
0.9490584936883046 0.4705882352933628 0
1.738668726755968 -0.6029411764702355 0
0.558124410688452 0.1645744380845274 0
0.5481785553462617 0.1938024085685581 0
0.5153826195789957 0.190329285131827 0
0.5302013722916694 0.2206270524634921 0
0.5001602550517262 0.2189888433202835 0
0.4852111664466055 0.1919777732229049 0
0.451612467721327 0.1920856424376525 0
0.4405338700207882 0.2228754577735899 0
0.1028877298470203 0.2407726961565682 0
1.693991059048864 -0.9729278123015531 0
1.944298437151715 0.1316226401057874 0
1.942439409999299 0.1617647058819644 0
1.025448204552702 -0.8970187597172219 0
1.203770683243002 0.5882352941167228 0
1.585840714323715 -0.5735294117643395 0
1.585840714323664 -0.5441176470585236 0
1.560369378918277 -0.5294117647055551 0
0.05917149583861803 0.7233402841267346 0
0.045883465263001 0.6978116569001387 0
0.06111407395420915 0.6740523786664926 0
0.5000926336723874 0.1647067840409271 0
1.738668726756789 0.4264705882344855 0
1.815082732972424 -0.3235294117651171 0
1.789611397359572 -0.3382352951646534 0
1.891489122484112 0.161771428353003 0
1.916933034188119 0.382478141274229 0
0.3394610669000365 0.9752363648395416 0
1.948781110210006 0.9135281236442898 0
1.025471335405328 -0.07352941176458551 0
0.08861705154197609 0.6736637245980371 0
0.07318537030574711 0.6471966611621119 0
0.5588235294128497 0.7754713354053173 0
0.5735294117656873 0.8009426708105916 0
0.8255437453139721 0.825630787013929 0
1.280184689459055 0.07352941176426167 0
1.025471335405357 -0.6911764705875236 0
1.000000336040234 0.4411764705875002 0
0.1764705882355974 0.7757395246051184 0
1.203770683242721 -0.6470588235289015 0
1.509426708107782 0.4117647058815551 0
1.509426708107764 0.3823529411756921 0
1.483955372702427 0.3676470588227687 0
1.076414006215997 0.1617647058819318 0
1.203770683242798 -0.1764705882354239 0
1.178299347837405 -0.2205882352941568 0
1.20377068324279 -0.2352941176470947 0
0.8001108404962142 0.7232120769684266 0
1.254713354053548 -0.6470588235289016 0
0.02547133540538732 0.5147058823548331 0
0.05069121808391778 0.5294117647078482 0
0.04846583032383695 0.5590937059211381 0
0.07444523460711115 0.5144627656983123 0
1.636783385134606 -0.867647058822878 0
1.153165368254401 -0.9409821271243005 0
1.815082732972967 0.5294117647049243 0
1.789611397567533 0.5147058823519614 0
1.789611397567518 0.544117647057851 0
1.764140062162054 0.5294117647049356 0
0.3666255815074561 0.9753543148804458 0
0.3529704478912287 0.9486017857363502 0
1.687726055945195 -0.367647058823392 0
1.662254720539776 -0.3823529411763124 0
1.662254720539697 -0.4117647058821543 0
0.9999999999998084 0.2058823529406223 0
1.025471335405218 0.2205882352935658 0
1.789611397566724 -0.5441176470585914 0
0.3970588250850653 0.8518538485231067 0
1.433012701891353 -0.2205882352941677 0
1.407541366485965 -0.2058823529412624 0
1.407541366485956 -0.1764705882354216 0
1.356598695675152 -0.588235294117181 0
1.356598695675134 -0.5588235294113546 0
1.05700343207267 0.8682733159046734 0
1.840553743350438 0.6911764548573276 0
1.942439410000268 0.7499999999990183 0
1.811576030125799 -0.9719420411508782 0
0.775392678674471 0.794182495657013 0
0.7504783999913593 0.8091633643699041 0
1.56036937891815 -0.2058823529409263 0
1.534898043512807 -0.2205882352940616 0
1.560369378918175 -0.1764705882351312 0
1.025471335405389 -0.7499999999992536 0
1.05094267081068 -0.7352941176464514 0
1.025471335405368 -0.04411764705874205 0
1.050942670810644 -0.05882352941171016 0
1.407541366486277 0.3529411764698265 0
1.076414006216046 0.1323529411760419 0
1.076414006216091 0.1029411764701765 0
1.764140062161626 0.1176470588232712 0
1.738668726756238 0.1323529411761928 0
1.76414006216165 0.1470588235291019 0
1.203770683242846 -0.02941176470625681 0
1.866025403783626 0.2941176470582247 0
1.789611397567028 0.1323529411761836 0
0.9551474198114704 0.02468709200888557 0
0.9437389594002592 0.05147677121513431 0
0.974370222811014 0.04820938918156861 0
0.9598466425486241 0.07621076293481445 0
0.9834061864830221 0.07566784964953784 0
1.178299347837541 0.4264705882345524 0
1.152828012432144 0.4411764705874693 0
1.127356677026748 0.4264705882345393 0
1.178299347837551 0.4558823529404047 0
1.152828012432155 0.4705882352933236 0
1.178299347837562 0.4852941176462605 0
1.662254720539897 1.841929386792174e-13 0
1.636783385134491 0.01470588235312878 0
1.611312049729071 2.092131481030747e-13 0
1.611312049729087 0.02941176470607419 0
1.585840714323668 0.01470588235315857 0
1.58584071432365 -0.01470588235271095 0
1.687726055945363 0.01470588235305276 0
1.636783385134504 0.04411764705899262 0
1.611312049729099 0.05882352941184225 0
1.560369378918247 2.432863498793572e-13 0
1.56036937891833 0.02941176470603248 0
1.560369378918228 -0.02941176470562605 0
0.7647058823527144 0.9273862930313703 0
0.7794117647056065 0.9537706832421393 0
1.890713833307918 0.9241709680865464 0
1.58584071432357 -0.1617647058821096 0
1.076414006215891 -0.3382352941173008 0
1.050942670810527 -0.3529411764700573 0
1.076414006215974 -0.1323529411766315 0
1.050942670810596 -0.1176470588236341 0
1.738668726756638 0.8382352941168303 0
1.203770683242792 -0.2647058823529294 0
1.178299347837413 -0.2794117647058337 0
1.178299347837397 -0.3088235294116521 0
1.152828012432004 -0.2941176470587031 0
1.893449139816533 -0.3683244944354568 0
1.229242018648423 0.6323529411755048 0
1.611312049729499 0.3235294117640132 0
0.8472404118265163 0.6762284512340152 0
0.8224946730664625 0.6617243497146492 0
0.8226156058406826 0.6323462151477321 0
0.7962293167566429 0.6470588235284369 0
0.8235015210819442 0.6884007155828056 0
1.560369378918099 -0.3235294117644865 0
1.636783385134145 -0.4852941176466147 0
1.636783385134138 -0.514705882352499 0
1.662254720539588 -0.4705882352937667 0
1.662254720539509 -0.4999999999995545 0
1.662254720539563 -0.5294117647055399 0
1.636783385134283 -0.5441176470585326 0
1.687726055945108 -0.4558823529409454 0
1.815087871463917 -0.2353425850683515 0
0.352941176471267 0.7754713354053993 0
1.789611397567508 0.5735294117637819 0
0.9999999999997367 0.6470588235284747 0
1.025471335405139 0.6323529411755465 0
0.9999999999997372 0.6176470588226206 0
1.025471335405141 0.6029411764696878 0
1.050942670810541 0.6176470588226144 0
1.050942670810542 0.588235294116756 0
1.076414006215947 0.6029411764696824 0
1.076414006215941 0.5735294117638245 0
1.05094267081055 0.5588235294108987 0
1.076414006215949 0.632352941175543 0
1.101885341621351 0.6176470588226103 0
1.076414006215956 0.6617647058814056 0
1.815082732972429 -0.05882352941185991 0
1.407541366485972 -0.7058823529406635 0
1.433012701891374 -0.6617647058818641 0
1.61131204972947 0.941176470587392 0
1.33112736027005 0.6911764705872456 0
1.331127360270051 0.6617647058813764 0
1.687726055945228 -0.2205882352939263 0
1.152828012432171 0.2647058823523919 0
1.203770683242763 -0.4411764705879027 0
1.178299347837362 -0.4558823529407394 0
1.203770683242782 -0.3235294117645806 0
1.17829934783739 -0.3382352941174739 0
1.203770683242769 -0.3529411764704043 0
1.178299347837391 -0.3676470588233154 0
1.178299347837388 -0.3970588235291388 0
1.866025403783723 0.323529411764046 0
1.560369378918075 -0.3823529411761804 0
0.6470588235298625 0.9275159706581718 0
0.6764705882355637 0.9273860518970301 0
0.6862745098043332 0.9520473446089881 0
0.7205882352941365 0.9537706832421374 0
0.7352941176469843 0.9273645436267302 0
0.6578001662954251 0.02127647797668971 0
1.305656024864352 -0.1470588235296389 0
1.974528664594509 0.7794117647052993 0
1.687726055944994 -0.5147058823526338 0
1.331127360269675 -0.3676470588234562 0
1.30565602486429 -0.3529411764705146 0
1.3056560248643 -0.3235294117646992 0
0.9745286645943741 0.338235294117018 0
1.076414006215979 0.3382352941170046 0
1.076414006215979 0.3676470588228512 0
1.764140062161349 -0.5294117647056592 0
1.331127360269694 -0.3088235294117809 0
1.86602074799735 0.1470658092453559 0
1.280184689459007 0.01470588235247762 0
1.203770683242767 -0.4117647058820698 0
0.08686485553911694 0.6216573944513111 0
0.07377531630431722 0.5958064664684138 0
1.178303134825442 0.8088176075591971 0
1.661304074054786 -0.9403281134652511 0
0.4558823530770855 0.8518558120628421 0
1.53489804351292 -0.5441176470584553 0
0.8468597566444733 0.4112343760830141 0
0.8471264071454502 0.4410880822877435 0
0.8726421843010097 0.4558676215571458 0
0.8471642010517552 0.4705710486795234 0
0.8726418354415412 0.4852887979800977 0
0.8471704418928951 0.4999962489525432 0
0.8224743745336367 0.4558647571215092 0
0.8222181414650429 0.3988549652350669 0
0.2245286645944349 0.3823529411772073 0
0.1992349599632033 0.3970588235302259 0
0.201179393297676 0.4264705882363218 0
0.1990869343179313 0.3676470588241919 0
0.1992522718668246 0.3382352941181446 0
0.1749664997837784 0.3530781760601996 0
0.2245611550407588 0.3235294117651143 0
0.1992181204406938 0.3082149055946745 0
0.1748757182887521 0.2893398228069773 0
1.101885341621316 -0.147058823529558 0
1.66225472053993 0.02941176470598435 0
1.000133771945721 0.7913417919399082 0
0.9746656215866297 0.7765698177984511 0
0.9745514907597054 0.7495263421812451 0
0.9491986213831951 0.7617739771777527 0
1.611312049729479 0.5294117647050222 0
1.611312049729472 0.4999999999991494 0
1.636783385134901 0.485294117646211 0
1.611312049729462 0.4705882352932791 0
1.636783385134872 0.4558823529403402 0
0.9847637878482872 0.9741544194711407 0
0.9724411939630393 0.9509158572313554 0
1.560369378918123 -0.2647058823527675 0
1.974528664594511 0.7205882352933826 0
1.662254720540124 0.2352941176466043 0
1.00000380436063 0.7352151746764382 0
1.585840714324061 0.838235294116775 0
1.509426708107784 0.6764705882344411 0
1.534898043513199 0.6617647058814917 0
1.534898043513201 0.6323529411756142 0
1.56036937891863 0.6764705882344322 0
1.923585993783611 -0.0147058823529166 0
1.923585993783671 0.01470588235298393 0
1.949664517398178 0.02836008387810485 0
1.924498648564705 0.04410200356462422 0
1.331127360270039 0.5735294117637759 0
1.305656024864652 0.5588235294108438 0
1.280184689459253 0.5735294117637766 0
1.280184689459271 0.5441176470579092 0
1.305656024864608 0.5294117647049985 0
1.178299347837104 -0.8676470588230063 0
0.8235147473913168 0.927264324984133 0
0.8382352941171071 0.953770683242149 0
1.687726055945207 -0.2794117647057054 0
1.662254720539782 -0.2647058823527426 0
1.6877260559452 -0.308823529411602 0
1.66225472053977 -0.3235294117645538 0
1.815082644606068 0.7647058780754429 0
1.382070031081 0.2499999999993784 0
1.356598695675618 0.2352941176464474 0
1.331127360270089 0.2205882352936064 0
1.573529411764709 -0.9745286645945752 0
1.544894437854858 -0.9747486646918067 0
0.9999999999997932 0.2647058823523609 0
1.426470588235294 0.9752143275915064 0
1.41005525898386 0.945883235727063 0
0.602941176471308 0.8518800739835664 0
1.840553965740376 0.7794117597377515 0
1.53489804351312 0.1617647058820421 0
1.433012701891437 0.04411764705863272 0
1.407541366486025 0.02941176470570552 0
1.5094503699301 0.8823119576971339 0
1.738668726756589 0.4852941176461882 0
1.509426708107571 -0.2941176470588163 0
1.229242018648215 -0.07352941176502162 0
1.975351566976599 0.1617504534273979 0
1.331127360269811 0.926470588234383 0
1.30565602486441 0.9117647058814341 0
1.30546557408405 0.9406511826584302 0
1.280152947662265 0.9263830402462194 0
1.28025898893535 0.9551826303068882 0
1.255121710695744 0.9403502497090643 0
1.252432900064676 0.9717370327268715 0
1.305656024864429 0.8823529411755426 0
1.254776123194546 0.911612411070305 0
1.224998809120625 0.9256143024666531 0
1.203771507248351 0.7941164298360236 0
1.203770851699588 0.7647056613739547 0
1.764140062161478 -0.8235294117640424 0
1.076414006215981 0.4264705882345542 0
1.585840714323847 0.1029411764703626 0
1.203770683242714 -0.6176470588230119 0
1.152862043303659 0.8234743102824137 0
1.585840714324058 0.8088235294108964 0
0.8226106673868243 0.4852876953997184 0
0.8226346806149577 0.5147041868032665 0
0.79622931675658 0.4999999999992216 0
0.8473274013637886 0.5294108569391374 0
0.8202992258501461 0.5472687778759938 0
1.229242018648223 -0.04411764705918499 0
1.396922454384978 -0.9753251854230953 0
1.409919838607844 -0.9466601485786952 0
1.076414006215908 -0.3088235294114863 0
1.050942670810539 -0.2941176470584037 0
1.050942670810562 -0.2647058823525945 0
1.483955372702549 0.3382352941169132 0
1.738668726756609 0.5441176470579232 0
1.611312049729054 -0.02941176470566262 0
1.789611397567513 0.8676470588227436 0
0.9745286645943466 0.6323529411755411 0
0.9238123685360558 0.190784378014788 0
1.229242018647993 -0.8382352941171005 0
1.254713079676769 -0.8529407012357298 0
1.764140062161515 -0.1470588235292437 0
1.789603955483859 -0.1323529411763901 0
1.331127360269666 -0.3970588235292941 0
1.305656024864273 -0.4117647058821708 0
1.305656024864261 -0.4411764705880099 0
0.6470588235299825 0.7754713354052801 0
0.632352941177087 0.8009426708105298 0
0.6617647058828318 0.8009426708105483 0
0.6762810042425881 0.7753618790358249 0
0.69095528926324 0.8008149717128565 0
0.7232425255022086 0.7989490951839218 0
0.6764337246814016 0.8263926866985363 0
1.891496739189277 0.5441176470578776 0
1.280184689459021 0.04411764705833984 0
0.02547133540552478 0.4264705882370818 0
0.05070551063885252 0.4117647058841013 0
0.05066598394351884 0.3823529411781009 0
0.07426910101946563 0.4262299128474646 0
1.229240287461947 -0.8676440603208262 0
1.076414006215937 -0.2205882352940357 0
0.1752100856072333 0.3824350778710344 0
1.433012701891374 -0.7499999999994681 0
0.02542522092762026 0.3676470588250756 0
0.05094267081112978 0.3529411764721008 0
0.07490086799575882 0.3654276981179648 0
0.7203566045929884 0.1989437317587801 0
1.152828012432242 0.02941176470577941 0
1.178299347837483 0.01470588235257341 0
0.8226388357448795 0.4266638928660889 0
0.7962293167565726 0.441176470587526 0
1.280184689459224 0.7794117647048592 0
0.2251382511289302 0.5882352941185452 0
0.1966545706875953 0.6005772545817636 0
1.974629862629409 0.01453060221494232 0
1.338235294117648 -0.9745286645945772 0
1.354385794601549 -0.946753045387478 0
1.915680332701082 -0.8236367261341166 0
1.331127360269708 -0.8088235294111947 0
1.305656024864637 0.7058823529401808 0
1.191176470588236 0.9745286645945758 0
1.205882352941179 0.9490573291891525 0
1.176470588235293 0.9490573291891526 0
1.192123412038595 0.9254510986774351 0
1.779411764705879 0.9745286645945689 0
1.407541366486169 0.4411764705874208 0
1.433012701891572 0.4558823529403631 0
1.509426708107485 -0.4705882352937839 0
0.08823529411781174 0.3169872981087595 0
1.367647058823528 0.9745286645945754 0
1.407541366485817 -0.4705882352939056 0
1.433012701891277 -0.5147058823526451 0
1.5603693789187 0.2941176470581605 0
1.687726055945761 0.926470588234471 0
1.487101432890232 -0.9769449543551231 0
1.457168167265427 -0.9708024819196245 0
0.9999999999997469 0.5882352941167623 0
1.636783385134271 -0.3970588235291517 0
1.152828012432026 -0.2058823529412215 0
1.076414006215803 -0.4852941176461421 0
1.127356677026772 0.6323529411755446 0
1.178299347837559 0.2794117647053196 0
1.866004375144632 0.1176833017700598 0
1.585840714324149 0.397058823528629 0
0.8981330921629357 0.4411740153569661 0
0.9236171099160553 0.3676470588228807 0
1.50942670810757 -0.3529411764704872 0
1.20377405413669 0.823523714438035 0
1.229242184058725 0.7794115250049034 0
1.509426708107666 8.410517652694219e-15 0
1.483955372702193 -0.8676470588229337 0
1.33112736026996 0.4264705882345556 0
1.687726055945247 -0.1617647058821435 0
1.40754136648582 -0.4117647058822454 0
1.534898043513207 0.6911764705873772 0
0.8981146583781882 0.5294117647050559 0
0.8981144104563035 0.4999991133881803 0
1.382093385452362 0.8676906386734112 0
1.356606389945095 0.8529555341723789 0
1.178852002089986 0.8989690998929483 0
1.338898910013488 0.9740641180855394 0
1.30565602486464 0.6764705882343082 0
1.127356677026696 -0.07352941176499753 0
1.483955372702161 -0.6029411764701443 0
1.483955372702174 -0.632352941176014 0
1.458484037296765 -0.6176470588230685 0
1.611312049729223 0.1176470588233199 0
1.101885341621328 -0.05882352941195665 0
1.203770683242985 0.05882352941157434 0
0.898247672368035 0.2943185314667552 0
1.687726055945773 0.8088235294109318 0
1.66225472054034 0.7941176470579766 0
1.509426708107524 -0.5294117647055164 0
1.178299347837434 -0.1323529411766708 0
1.78961138238304 0.7794117639701437 0
1.56036937891863 0.6176470588226668 0
1.203760517151958 -0.8823353329905472 0
1.710886370939408 -0.9447300928543307 0
1.944131910764873 0.3080723288198639 0
1.229242018648367 0.455882352940422 0
1.738668726756297 0.249999999999496 0
1.764140062161682 0.2352941176465753 0
1.585840714324056 0.7499999999991358 0
0.2207103414193614 0.08760539741128016 0
1.458484037296783 -0.6764705882348055 0
1.277235235521999 -0.9762012267625374 0
0.9745325735467929 0.1324697552316116 0
1.585840714323629 -0.04411764705858112 0
1.560369378918262 -0.0588235294115903 0
1.076414006215932 -0.2499999999998292 0
1.356598695675167 0.02941176470540335 0
1.534898043513196 0.3970588235286346 0
0.8982484303241736 0.7325182625281015 0
0.9237464994749143 0.7466694022301562 0
1.509426708107593 -0.7647058823523986 0
1.076414006215981 0.4558823529404099 0
1.101885341621443 -1.264411029581562e-13 0
1.458484037296781 -0.8235294117641294 0
1.45848403729678 -0.8529411764699983 0
1.483955372702381 0.7499999999991133 0
1.573529411764706 0.974528664594578 0
1.560369378918387 -0.7647058823523912 0
1.05094267081062 0.2058823529406444 0
1.382070031080535 -0.8382352941170608 0
1.254713354053774 0.2352941176466026 0
1.483955372702381 0.4852941176462304 0
0.923689644440708 0.2795863758130256 0
0.7747636351603464 0.5600493021929731 0
1.891064348866989 0.4839647112028587 0
1.152828012431951 -0.3823529411761029 0
0.7746456851193982 0.5872138168002328 0
0.8015997843288317 0.5740087583759321 0
1.280184643729414 -0.838235214911359 0
1.331127360270163 0.3382352941169842 0
1.560369378918399 -0.7941176470582627 0
1.382070031080507 -0.2500000000001049 0
1.560369378918465 0.1764705882349653 0
1.560369378918546 0.205882352940794 0
1.662254720539977 -0.6470588235291401 0
1.43301270189128 -0.4558823529409328 0
1.152828012432168 0.2058823529407104 0
1.254713354053765 0.3823529411758007 0
1.687726055945715 0.3676470588227801 0
1.662254720540298 0.3529411764698566 0
1.458484037297178 0.235294117646464 0
1.560369378918377 -0.6764705882348157 0
0.7747361176254559 0.3811748301642013 0
1.585840714324047 0.4852941176462213 0
0.9235859937835846 0.6029411764696779 0
0.8985205514569568 0.2660491974877532 0
1.331127360270022 0.2794117647053278 0
1.127356677026778 0.5735294117638297 0
1.050942670810549 0.6764705882343386 0
1.611312049729482 0.764705882352078 0
1.254713354053827 0.6764705882342982 0
0.1467878550932601 0.7243722208950967 0
1.101885341621373 0.323529411764078 0
0.9028280124321768 0.8676470588232601 0
1.254713354053774 0.08823529411745652 0
1.560369378918047 -0.441176470587866 0
1.560369378918615 0.470588235293294 0
1.509426708107642 0.05882352941161205 0
1.514705882352942 0.9750918577933139 0
1.48529411764706 0.9747058332483562 0
1.470227464106598 0.9516012360456474 0
1.499782790256442 0.9519420563095273 0
1.687726055945234 -0.1911764705880268 0
1.433012701891568 0.4852941176462399 0
1.560369378918632 0.5294117647050305 0
1.28018468945888 -0.5147058823525188 0
1.560369378918631 0.8235294117638409 0
1.382070031080847 0.6029411764696408 0
1.815082732973013 0.4705882352931949 0
1.433012701891554 0.5735294117638337 0
1.356598695675127 -0.7941176470582565 0
0.8474549159907308 0.6176459378179661 0
0.8205203930260585 0.5998570308326951 0
1.178299347837372 -0.4264705882349452 0
1.560369378918631 0.764705882352074 0
0.02804181853587649 0.2180531293970611 0
1.127356677026756 0.3970588235286913 0
1.509426708107585 -0.6470588235289634 0
1.254713354053772 0.4411764705875034 0
1.433012701891331 -0.3970588235292624 0
0.02418011939987245 0.6324144751214978 0
0.05404904646989032 0.6193300416178341 0
1.219627384653043 -0.9747219085561177 0
1.509426708107598 -0.05882352941181369 0
1.662254720540343 0.4411764705874171 0
1.611312049729128 -0.6764705882347934 0
1.509426708107958 0.2647058823523029 0
1.509426708107952 0.235294117646471 0
1.25471335405378 0.1764705882349477 0
1.229242018648401 0.1911764705878511 0
1.229242018648402 0.1617647058820223 0
1.534898043512971 -0.6323529411760123 0
1.483955372702371 0.8088235294109009 0
1.152828012431848 -0.7352941176466063 0
0.470588235294441 0.1641592856752022 0
1.254713381622197 0.7941176071078022 0
1.585840714323711 0.04411764705892533 0
1.66172844174363 0.971627879775567 0
0.632352941177001 0.8518835708451041 0
0.6176470588241973 0.8264128331468887 0
1.636783385134915 0.6911764705873685 0
1.662254720540345 0.6764705882344233 0
1.662254720540345 0.7058823529403104 0
1.68772605594578 0.6911764705873621 0
1.687726055945773 0.6617647058814756 0
1.71319739135121 0.6764705882344122 0
1.713197391351206 0.705882352940306 0
1.713197391351192 0.7352941176461997 0
1.382070031080567 -0.5735294117642837 0
1.10188534162136 0.5882352941167552 0
1.203770683243002 0.6470588235284545 0
1.585840714324052 0.514705882352091 0
1.611312049729478 0.5588235294108976 0
1.407541366485899 -0.3529411764705369 0
1.84055406837842 0.3970588235286016 0
1.331127360269766 -0.0441176470592123 0
1.408013477191208 -0.9127180332296586 0
1.789611397567073 0.2205882352936669 0
1.611365221065172 0.9116726104265714 0
1.331105200508615 -0.867690690630092 0
1.191176470588238 -0.9745286645945794 0
1.866016307880769 0.7647054421504952 0
1.68772605594507 -0.5441176470585602 0
1.509426708107918 0.3529411764698449 0
1.101885341621118 -0.5882352941168822 0
1.975497379835829 0.1911432616364326 0
1.534898043513295 0.2499999999994337 0
1.738668726756216 0.04411764705866236 0
1.789611397566787 -0.6617647058820973 0
0.7806326503223853 0.2491906181236956 0
1.152828012432182 0.7058823529401935 0
1.509426708107563 -0.4117647058821555 0
1.050942670810687 -0.02941176470584838 0
1.407541366485924 -0.3235294117647039 0
0.9530359795712758 0.9008345789363253 0
1.407541366485964 -0.6470588235289234 0
1.382070031080524 -0.1323529411767152 0
1.050942670810585 0.5294117647050476 0
1.101885341620773 -0.8823529411759528 0
1.509426708107791 0.5882352941167892 0
1.305656024864654 0.6470588235284295 0
1.203770683242837 -0.05882352941209895 0
1.662254720540345 0.8529411764697429 0
1.331127360269738 -0.7205882352935762 0
1.53489804351305 0.07352941176451994 0
1.356598695675467 0.7647058823519177 0
1.025471335405201 0.2499999999994413 0
1.382070031080761 0.5441176470579689 0
1.48395537270219 -0.8382352941170605 0
1.45793643802989 0.9102424674302079 0
1.050942670810546 0.647058823528476 0
1.203770711319093 0.7352940808163917 0
0.8471719875673631 0.558823529410908 0
1.662254720539755 -0.3529411764703938 0
1.764130541290139 -0.8823364505427262 0
1.815082732972398 0.05882352941157634 0
1.73866872675663 0.6323529411755989 0
1.331127360269745 -0.6617647058818397 0
1.026040115595811 0.1039466522096064 0
1.305656024864537 0.1176470588232854 0
1.000000056006523 0.4705882352933507 0
1.662254720539831 -0.1470588235291827 0
1.891407037502015 0.8088131240160747 0
1.866002382110055 0.7941155222057519 0
1.611312049729072 -0.588235294117279 0
1.25471338621693 0.764705835743599 0
1.789611397567089 0.2794117647053295 0
1.152828012432165 0.4999999999991812 0
1.722049206974179 0.9742339560767199 0
1.38207003108077 0.4558823529403752 0
1.127356677026762 0.3382352941170004 0
1.280184689458969 -0.1323529411767073 0
1.66225472054034 0.4999999999991419 0
1.229242018648351 0.367647058822863 0
1.025471335405191 0.2794117647053007 0
1.458484037297013 0.3823529411756924 0
0.8726686784175828 0.5147040715038327 0
1.611312049729025 -0.08823529411740813 0
1.203770683242935 0.3529411764699336 0
1.203770683242808 -0.1470588235295935 0
1.713197391350701 -0.08823529411746156 0
1.483955372702381 0.5147058823521055 0
1.305656024864375 -0.05882352941212322 0
1.611312049729207 -0.8529411764699696 0
1.891496739188804 -0.2500000000003021 0
1.000000047477405 0.3529411764699439 0
1.585840714323805 -0.9264705882346332 0
1.636783385134601 -0.7794117647053551 0
1.152828012431851 -0.7058823529406921 0
1.611312049729439 0.4411764705874197 0
1.076414006215975 0.5441176470579744 0
1.35659869567543 0.3823529411757087 0
1.63678338513491 0.6323529411756016 0
0.923585993783574 0.6617647058813636 0
0.953770683243 0.8088235294115241 0
0.9490619201478401 0.3823529411758133 0
1.127356677026777 0.7205882352931222 0
1.15282817772423 0.7352939202918924 0
1.076414006215989 0.2499999999994633 0
1.764140062161397 -0.4705882352939602 0
1.789611397566842 -0.4558823529411565 0
1.331127360269645 -0.4558823529409587 0
1.433012701891773 0.3088235294110573 0
0.9996263784677812 0.9493018200135516 0
1.044751941184766 0.9731049894045878 0
1.840554068377489 -0.7499999999995423 0
1.891339077300887 0.4556023679504196 0
1.974528664594754 -0.7205882352946691 0
1.585840714323629 -0.07352941176448874 0
1.764140058965451 0.7352941174914438 0
1.974528664594754 -0.6617647058833116 0
1.891496739188796 -0.3088235294121643 0
1.687726055945548 0.3088235294111882 0
1.975351566976719 -0.6029269240173255 0
1.636783385134364 -0.2205882352938547 0
1.840550214326449 0.8088231744410203 0
1.458290183984481 -0.9395599458866091 0
1.738668726756106 -0.7499999999995375 0
1.510356633611944 0.9098697047163766 0
1.611312049729201 -0.7647058823524242 0
1.178299347837404 -0.2499999999999893 0
1.382070031080849 0.7499999999989827 0
1.178299347837164 -0.7794117647053073 0
1.178299347837471 -0.01470588235332771 0
1.305656024864331 -0.7352941176465064 0
1.764140062161693 0.2647058823524139 0
1.662254720539789 -0.2352941176468345 0
1.534928069009482 0.8969204709822364 0
1.891496739188155 -0.5147058823528466 0
1.560369378918741 0.3823529411757005 0
1.636783385134931 0.4264705882344881 0
1.789611397567051 0.1617647058820154 0
1.916816583369453 0.7058822578496887 0
1.356598695675195 0.08823529411721982 0
1.382070031080541 -0.8088235294111907 0
0.2941181391940884 0.8773292737840125 0
1.254713354053449 -0.7647058823523729 0
1.687726055945763 0.602941176469712 0
0.1617647058826526 0.64811465837906 0
0.1764705882357103 0.8773566770268258 0
1.305656024864349 -0.1764705882354764 0
1.280184689458958 -0.16176470588254 0
0.8230828583720728 0.07230983744731651 0
0.8127221039604214 0.0474716144681209 0
1.331127360269985 0.3970588235286928 0
1.891282115539427 -0.80884141513944 0
1.534898043513004 -0.8676470588229082 0
1.152828012432022 -0.2352941176470496 0
1.458484037296774 -0.6470588235289378 0
0.8518853416214326 0.7499999999999444 0
1.713197391350836 0.05882352941162285 0
0.08998374655122438 0.5717603705200245 0
1.407541366485945 -0.1176470588237706 0
1.127356677026453 -0.6323529411759288 0
1.407541366485966 -0.7352941176465289 0
1.203770683242843 0.02941176470550675 0
1.891439661304994 0.2499944255334348 0
1.127356677026242 -0.8088235294111985 0
1.840554068378375 0.632352941175545 0
1.891496739188122 -0.7205882352936923 0
0.8981177730656731 0.4705843364781884 0
1.789611397566837 -0.8382352941169203 0
1.687726055945277 -0.07352941176450634 0
1.076414006215964 0.7499999999989887 0
0.1617748410422009 0.1386540293439507 0
1.152828012431946 -0.4117647058819318 0
1.916214993254705 -0.8836373384812389 0
1.789611397567036 -0.04411764705888158 0
0.9229924474434665 0.1020314061569711 0
1.101885341621371 0.3529411764699218 0
1.662254720539776 -0.2941176470586201 0
1.789611397567559 0.4852941176461148 0
1.636783385134336 -0.2794117647056093 0
1.152828012431918 -0.4705882352935494 0
1.483955372702537 0.2205882352935781 0
1.509426708107592 -0.7352941176465322 0
1.585840714324057 0.7794117647050151 0
1.433012701891366 -0.367647058823415 0
1.433012701891715 0.3382352941168943 0
1.280184689458947 -0.220588235294216 0
1.891415384739343 0.8381958848863978 0
1.764140062161675 0.2058823529407504 0
0.9490575232722085 0.4999999999992085 0
1.66225472054034 0.6470588235285386 0
1.127356677026756 0.4558823529403923 0
0.5147058823576066 0.8518522144946228 0
0.9244204692732937 0.2211187065693646 0
0.9745299031477367 0.4558823529404314 0
1.331127360269759 -0.0735294117650506 0
1.662254720539948 0.0882352941175043 0
1.687726055945387 -0.8382352941169907 0
1.865980751284376 -0.4411764705883375 0
1.509426708107781 0.6176470588226775 0
0.7474111152349164 0.8524312245247296 0
1.305656024864332 -0.2352941176471581 0
0.6022192259096035 0.08596460985416177 0
0.2231774750349841 0.5297488259208756 0
1.636783385134305 -0.3382352941173655 0
1.840554068377815 0.0147058823528091 0
1.738668726756108 -0.7205882352937391 0
1.407541366486015 0.05882352941148136 0
1.25471335405376 0.2941176470582727 0
1.815082732972405 0.029411764705728 0
1.662254720540342 0.8235294117638607 0
0.7352778004370473 0.1220304408432356 0
0.2354293798859562 0.1651551232232957 0
1.941575633569938 0.7205882151357823 0
0.1595165227442583 0.4426383136079386 0
1.815082732972981 0.9117647058816221 0
1.687726055945773 0.8382352941168127 0
0.2353051754870473 0.8773029971588959 0
1.356598695675121 -0.8235294117641263 0
1.025560691228583 0.04406157877084441 0
1.025471335405264 -0.3970588235284479 0
1.101885341621369 0.3823529411757703 0
1.687726055945765 0.6323529411755962 0
1.433012701891408 -0.1029411764707716 0
1.891496739188695 -0.04411764705891432 0
1.840554068378219 0.3382352941169653 0
0.08715142133039422 0.4701192012287401 0
1.636783385134911 0.8088235294109068 0
0.1617647058827149 0.5462293167578894 0
0.1768561391110747 0.5725727291914501 0
0.1937918956179224 0.545939203058046 0
0.1628399818763755 0.5978282974357835 0
0.1769294846609744 0.6230104852602683 0
1.280184689458932 -0.2794117647058799 0
1.127356677026767 0.4852941176462565 0
0.9028280124321593 0.7794117647057444 0
1.585840714323946 0.2205882352937086 0
0.3676470752608959 0.8518560310079073 0
1.178299456760142 0.7499998689439544 0
1.840558358470269 -0.8970764745081002 0
1.331123666976186 -0.8382425660849246 0
1.305656024864324 -0.2941176470588341 0
1.356598695675151 -0.05882352941213595 0
1.611312049729484 0.7941176470579611 0
1.127356677026502 -0.544117647058146 0
1.076416799429447 -0.8970715421993329 0
1.76414006216167 0.1764705882349278 0
1.050942670810603 0.235294117646518 0
0.9490573291889649 0.6176470588226091 0
0.05964524364430718 0.1122404981735734 0
0.8095423344571945 0.8522934760125539 0
1.713197391351203 0.8529411764697608 0
1.229242018648114 -0.6029411764700735 0
1.866017705793886 0.2352934785657349 0
0.9745297700105389 0.3676470588228758 0
1.891496739188733 -0.1029411764707038 0
0.9235863128265716 0.4852939100320108 0
1.509426708107604 -0.882352941175838 0
1.101885341621369 0.4117647058816173 0
1.229242018648387 0.2205882352936756 0
1.687726055945385 -0.8676470588228266 0
1.534898043513186 0.191176470587877 0
1.713197391351202 0.6470588235285378 0
0.7056290329091417 0.2243863679255567 0
0.5882352941185496 0.775471335405272 0
1.305652546997728 -0.8529468678374307 0
0.9745286645943556 0.6029411764696871 0
1.43301270189143 -0.07352941176489156 0
0.20561264132462 0.7759846390795313 0
1.509426708107483 -0.1470588235295019 0
1.687726055945118 -0.4264705882350959 0
1.78960028988362 -0.89703958445677 0
1.738668726756635 0.8676470588227128 0
1.738668726756617 0.6617647058814675 0
1.203770683242754 -0.4999999999995319 0
1.382070031080555 -0.04411764705920877 0
1.101885341621181 -0.6176470588228378 0
1.815082732972088 -0.5294117647057121 0
1.025471335405163 0.573529411763831 0
1.127356869867492 0.7499997697524672 0
1.10188534162137 0.4411764705874704 0
1.2801846894589 -0.3382352941175305 0
1.025471335405173 0.5441176470579676 0
1.636783385134709 0.2205882352937047 0
0.9745286645943656 0.5735294117638314 0
1.203770683242732 -0.5294117647053748 0
0.9490573291889521 0.6470588235284507 0
0.9490573291889507 0.6764705882342974 0
1.738668726756191 -0.04411764705874333 0
1.891496739188667 0.01470588235280972 0
1.280184689458895 -0.3676470588233608 0
1.433012701891371 -0.5441176470584652 0
1.662254720539996 -0.8823529411757682 0
1.203770683242998 0.1764705882349154 0
1.509277094464629 -0.9115055674505594 0
1.280178555284959 -0.8676545860938832 0
1.280150958562269 -0.8970898857358054 0
1.305656024864575 0.4999999999991683 0
1.66225472054006 0.1764705882349455 0
0.9490573291889466 0.7058823529401421 0
0.2247031139130094 0.4411764705892526 0
1.281114294558324 -0.92479338775784 0
1.382070031080533 -0.1911764705883866 0
1.07641400621601 0.1911764705877739 0
1.687726055945462 0.161764705882024 0
1.866338536929883 0.02953696480428513 0
0.675225036354295 0.2237576434322683 0
1.25471335405383 0.558823529410872 0
1.305656024864288 -0.3823529411763344 0
1.764130541290686 0.8823364505427029 0
1.815082732972952 0.3823529411757059 0
1.229242018648366 0.5441176470579471 0
1.280184689459174 0.5147058823520925 0
1.916533035154714 -0.4999695192309186 0
1.10188884620794 0.7647035650070551 0
1.789611397566762 -0.4852941176469437 0
1.713197391350878 0.1764705882349281 0
1.738668726756263 0.161764705882016 0
1.203770683242987 0.5588235294108796 0
1.764140062162088 0.4999999999990711 0
1.509426708107477 -0.2352941176470935 0
1.713197391350717 1.276586266000296e-13 0
1.229242018648131 -0.6323529411759586 0
0.7746249967745737 0.7075454326678839 0
0.9490959749092949 0.7344921937459222 0
0.1323565571907941 0.1385688414503154 0
1.764140058641896 0.7647058821816997 0
0.1911764705885533 0.8518853416214655 0
1.611312049729295 0.2058823529407981 0
1.280184689458887 -0.4264705882350377 0
1.458484037296986 0.7941176470578833 0
1.713197391350747 -0.70588235294083 0
1.789607959474416 -0.8676411038719454 0
1.738668726756379 0.3382352941169817 0
1.560369378918357 -0.6470588235289367 0
1.433012701891573 0.6911764705873147 0
1.331127360269917 0.1911764705878179 0
1.101885341621504 0.1176470588232277 0
1.78960028988424 0.8970395844568388 0
1.662254720540037 -0.911764705881569 0
1.305656024864364 -0.6764705882347815 0
1.280184689458892 -0.4558823529408748 0
1.687726055945395 -0.6911764705879182 0
1.789611397567575 0.3970588235286195 0
1.280184689458942 -0.6323529411759657 0
1.152828012431996 -0.3235294117645146 0
1.101885341621518 0.08823529411738519 0
1.280184689458961 -0.661764705881847 0
1.407541366485968 -0.02941176470623416 0
1.178299347837626 0.1323529411761686 0
1.433012701891542 0.8382352941167988 0
1.07641806276018 0.7794090995102714 0
1.152828012432253 0.1176470588232532 0
1.305656024864258 -0.4705882352938232 0
1.050942670810618 0.1764705882347995 0
1.433012701891447 -0.01470588235316611 0
1.433012701891381 -0.1617647058824637 0
1.382075205854342 0.8382449503755993 0
1.254713354053508 -0.7352941176465079 0
1.789611397566732 -0.5147058823527649 0
0.02497685088988867 0.5735523859591067 0
1.43301270189136 -0.3088235294117631 0
1.331128642648278 0.8382376870671016 0
1.076082951369737 0.8093377438315474 0
1.407541366485935 -0.5294117647055642 0
1.382070031080552 0.04411764705838139 0
0.647052679604205 0.8264099259877837 0
1.127356677026837 0.1323529411761394 0
1.789611397567008 -0.07352941176470568 0
1.331127360269677 -0.5441176470584067 0
1.331132658252363 0.8676569449924278 0
1.738668726223845 0.7205882352674342 0
1.33112736026998 0.5147058823520914 0
1.331127360270004 0.5441176470579266 0
1.738668726667818 0.6911764705830287 0
1.815082732972137 -0.4705882352940918 0
1.050748748374874 0.82198180744149 0
1.229242018648111 -0.7205882352935851 0
1.305656024864235 -0.4999999999996146 0
1.38207003108056 -0.5441176470584667 0
1.356598695675399 0.5588235294108558 0
1.280184689459162 0.8676470588224678 0
1.662254720540006 -0.6764705882349642 0
1.815074050542129 -0.1176470588235601 0
1.382070031080792 0.5735294117637925 0
1.764140062114457 -0.4117647061198051 0
1.127356677026493 -0.5735294117640479 0
1.356598695675037 -0.5294117647055298 0
0.4531438951090624 0.9723950586372523 0
0.5882352941185374 0.8264109514377213 0
1.305656024864365 -0.7058823529406427 0
1.815085886799858 -0.9117820921790269 0
1.280184689459072 0.8970588235284822 0
1.50678335898171 -0.9375150208104501 0
1.28018468945894 -0.7205882352935818 0
0.6910834815458926 0.8519318348559241 0
1.458484037297089 0.3529411764698158 0
1.38207003108095 0.3382352941168529 0
1.382070031080748 0.1617647058819565 0
1.356598695675482 0.2058823529406706 0
1.229242018648349 0.8970588235282739 0
1.789602847144049 -0.1617714070501479 0
1.40754136648634 0.176470588234863 0
1.789611397035906 -0.3676470615036123 0
0.1176508891547752 0.1641405656427554 0
1.891087503258355 0.6043046651258999 0
0.05882352941207422 0.2151019564865662 0
1.433012701891486 0.1323529411761024 0
1.458484037296896 0.1176470588232132 0
0.6029411764713877 0.8009419661693777 0
1.764140058950652 0.6764705880789497 0
0.2794120410764033 0.8518765923475781 0
0.2059290897123645 0.8772628178408431 0
1.305656024864257 -0.5294117647054511 0
1.178299347837345 -0.4852941176465511 0
1.407541366486201 0.7058823529402141 0
1.713197391351042 0.3529411764698721 0
1.203770683242669 -0.7352941176465178 0
1.789611393835657 0.6617647057008393 0
1.407541366486162 0.5882352941167079 0
1.891397890233738 0.6325732167258638 0
1.662254720539579 -0.4411764705879558 0
0.7056583131712523 0.8264156341121771 0
1.764140062038418 -0.3529411770917008 0
1.815082658543458 0.6764705846322867 0
1.407541366486165 0.6176470588225773 0
1.789619792156056 -0.2206075798584473 0
1.407541366486185 0.6470588235284531 0
1.8150827329723 -0.94117647058722 0
1.764140062161905 0.3823529411757043 0
1.76414242165564 -0.2058878095310318 0
1.433012701891571 0.6617647058814417 0
1.789608710148087 -0.1029411764705445 0
1.789611397567111 -0.3088235294121636 0
1.407541366486181 0.7352941176460578 0
1.840553954852396 0.6617647003872352 0
1.764140062161832 0.3529411764699113 0
1.636783385134221 -0.4264705882349736 0
1.764140048583978 -0.2941177569188975 0
1.127356677026307 -0.7794117647053591 0
1.687726055945626 0.3382352941169493 0
1.636783385134826 0.3088235294111144 0
1.76414003333464 -0.2647061183845708 0
1.534898043512847 -0.5147058823525721 0
1.611312049729438 0.2941176470581944 0
1.662254720540223 0.3235294117640335 0
1.407541366485955 -0.1470588235295903 0
1.178299347837231 -0.7499999999994567 0
1.585840714324033 0.2794117647052763 0
1.433012701891594 0.7499999999990039 0
1.58584071432353 -0.5147058823525731 0
1.433012701891595 0.8088235294108183 0
1.458484037297003 0.7647058823519828 0
1.560369378918667 0.2647058823523689 0
1.152828012431777 -0.7647058823524092 0
1.73866872675618 -0.01470588235291241 0
1.56036937891863 0.2352941176465904 0
0.1029397079083705 0.1896371228874751 0
1.101885341621044 -0.7647058823524242 0
1.866008835479327 0.6470955315962067 0
1.611312049728993 -0.5588235294114363 0
1.764140062161594 -0.05882352941172368 0
1.713197391350864 0.02941176470586854 0
1.076414006216174 0.07352941176443967 0
0.08821852728474873 0.2151545523322076 0
1.356598695675545 0.3529411764698066 0
0.2500020745615531 0.8518720210824881 0
1.509426708107865 0.2058823529407529 0
1.68772605594537 0.04411764705880451 0
1.662254720539898 0.05882352941174977 0
1.025471335405259 -0.1323529411763855 0
1.051037467509166 0.08840287340720951 0
1.050942670810619 -0.1470588235294168 0
1.974584280299502 -0.1912269970788388 0
1.025471335405273 -0.1911764705879448 0
1.636783385134499 0.07352941176468317 0
1.025471335405291 -0.2205882352937574 0
1.509426708107799 0.1764705882348975 0
1.534898043513249 0.2205882352936921 0
0.2794117659662926 0.8009424898985635 0
1.611312049729163 0.08823529411759456 0
1.076414006216008 -0.04411764705890495 0
1.050942670810602 -0.08823529411762368 0
1.483955372702455 0.1617647058819507 0
1.483955372702388 0.1323529411761565 0
1.050942670810589 -0.2352941176467982 0
1.026383608707917 0.07405908140098749 0
1.534898043512965 0.04411764705883371 0
1.025471335405244 -0.2794117647053267 0
1.585840714323744 0.07352941176467942 0
1.025471335405274 -0.3088235294111471 0
1.560369378918366 0.05882352941174396 0
1.534898043512757 -0.3676470588233796 0
1.534898043512717 -0.3970588235292358 0
1.534898043512755 -0.3382352941175533 0
0.5588235294128399 0.8264115157591859 0
1.534898043512731 -0.4264705882350593 0
1.05094267081056 -0.3235294117642226 0
1.534898043513033 0.01470588235310563 0
1.534898043512786 -0.30882352941169 0
1.534898043512727 -0.4558823529408716 0
1.025471335405209 -0.3676470588226932 0
1.534898043512781 -0.279411764705857 0
1.66225472053971 -0.5588235294114604 0
1.534898043512986 -0.0147058823527836 0
1.534898043512816 -0.2499999999999257 0
1.534898043512801 -0.4852941176466877 0
0.5441176470612169 0.8518411876995559 0
1.534898043512934 -0.07352941176461895 0
1.509426708107459 -0.2058823529412156 0
1.534898043512838 -0.1617647058823038 0
1.534898043512823 -0.1911764705881682 0
1.534898043512946 -0.04411764705872188 0
1.534898043512892 -0.1029411764705334 0
1.076414006215913 -0.397058823528717 0
1.815082732931933 -0.4411764707918898 0
1.509426708107522 -0.1176470588235939 0
1.611312049728873 -0.5294117647055449 0
1.916921965928376 0.1764779614618995 0
1.0764140062159 -0.4264705882344779 0
1.789611397464955 -0.4264705887498775 0
1.050942670810481 -0.4705882352929502 0
1.050942670810549 -0.3823529411757386 0
1.050942670810519 -0.4999999999988397 0
1.840546626247513 -0.4264705884729721 0
1.07641400621589 -0.6617647058817206 0
1.8659720673944 -0.4117647132494378 0
0.500000000002774 0.826407725138544 0
1.050942670810656 -0.6764705882346576 0
1.050942670810493 -0.5294117647046928 0
1.890484409112918 -0.3983986989858088 0
1.076414006215889 -0.7499999999995534 0
1.050942670810476 -0.558823529410601 0
1.050942670810522 -0.5882352941165714 0
1.07641400621591 -0.6029411764697578 0
0.4705882353077256 0.826409291542575 0
1.050942670810342 -0.8529411764700328 0
1.025471335405178 -0.8382352941170814 0
0.308823530882381 0.8009424597464798 0
1.076414006215958 -0.7205882352936486 0
1.076414006215926 -0.6323529411757268 0
1.050942670810661 -0.7058823529405773 0
0.4117647061976509 0.8264070692203955 0
0.3382352955942309 0.8009424589284315 0
0.4411764707214869 0.8264054545321313 0
1.050942670810562 -0.7647058823522965 0
1.050942670810429 -0.7941176470581681 0
0.3676470603011547 0.8009424587922341 0
1.025471335405201 -0.8088235294111674 0
1.050939281203928 -0.8823483836524366 0
1.050918378630914 -0.9117320436296886 0
1.049917448331685 -0.9413949773503347 0
0.3823529428274005 0.8264098144671359 0
0.3833192770244054 0.2220786347918267 0
0.4254366813538031 0.0896152664284864 0
0.4266573480074346 0.02408064853427848 0
0.9742508876865331 0.1028800388685762 0
0.7758769967278726 0.8203859473480737 0
0.02783643267155617 0.7213965171250615 0
0.02592788498150147 0.7785504323561813 0
0.4117647058827637 0.1635642585602629 0
0.4164332831460096 0.04812148062518238 0
0.5574057866654518 0.0527862836977357 0
0.1743481543524946 0.4150800428098744 0
0.1715124987345617 0.3203544844425864 0
0.07839519735666838 0.3953797134742529 0
0.07573553206144047 0.5459571042574348 0
0.1739496865979363 0.4693754278737572 0
0.4261363721746428 0.2013178237337101 0
0.1753854184229041 0.7242508838820489 0
0.1902708729472174 0.7505690474679034 0
0.7776952891814434 0.2967850040623636 0
1.02413476245244 -0.9549853526037517 0
1.955738929539564 -0.9714625360203302 0
1.484603498676043 0.9258762465260582 0
0.04693707377531784 0.9743717087735697 0
0.5724383544044248 0.1874806287571598 0
0.02466952047978301 0.3089938886891805 0
0.8993905546725287 0.205181381950738 0
0.07503888739777974 0.3406170697799104 0
0.04808127302729313 0.5882352941190814 0
0.7915649044999927 0.1750598203872898 0
0.5882352941178723 0.2274820834896895 0
1.441176470588239 0.9520562415328637 0
0.8069940914047684 0.1474957869025048 0
1.528602713621585 0.951623745092558 0
0.837165872705256 0.1993251754707112 0
1.006468389022474 0.9234307785004123 0
1.002161710343407 0.06108818512802382 0
0.7321676934415769 0.8282190480724027 0
1.176620938291511 -0.95237270534717 0
0.2030613054525396 0.5733764476365233 0
0.8790994325583062 0.8796450056233006 0
0.04544252848003298 0.6523022127216224 0
0.04572807552275383 0.8472321946148458 0
0.05158611536416478 0.08460171856257605 0
1.382411796627487 0.9534897343402705 0
1.382189035499685 -0.9540705758264955 0
1.939005406610387 -0.9504866690643941 0
1.587676369262637 0.9523739770159151 0
1.587677902873014 -0.9523973427929322 0
0.0242681276692433 0.277521776206226 0
1.736612218538168 -0.9523203762205275 0
1.736612218538522 0.9523203762204302 0
0.6134889303291835 0.1698634973467356 0
0.1734308755742316 0.2637827091440803 0
0.8768781154275017 0.1323529411759071 0
0.09143978143239126 0.06578719690723372 0
1.792038939007791 0.951904073571784 0
1.791880779006069 -0.951707172589255 0
0.04803649626376696 0.2377440647717652 0
1.526871363913346 -0.9533254290976273 0
0.7499999999999578 0.9473641735474261 0
0.7205882352945621 0.9815047427196607 0
0.7794117647059412 0.9805656024863286 0
0.6952614379090539 0.9769752391942561 0
0.8088205965368389 0.9473702173213765 0
0.6607843137260212 0.9470497430002327 0
0.838235294117335 0.9805656024863234 0
0.6323529411775139 0.9815047427196902 0
0.8666251176095456 0.9470739410258386 0
0.6070236885614506 0.9769764240449095 0
0.5732041718383526 0.9469291822807331 0
0.5424487721357125 0.9776469811211965 0
0.9007678676051951 0.9768919353807815 0
0.9261283150859163 0.980943288776273 0
0.4976702546327323 0.9249207415348937 0
0.4680377707913018 0.9251438343580749 0
0.4256556214200302 0.9802733350296187 0
0.3975264298157017 0.9479378585048451 0
0.2207078431633706 0.9802589205059524 0
0.1930046081238455 0.9459955534356581 0
0.1462781107424756 0.9550465157991124 0
0.2500124348699377 0.9473365505286454 0
0.2794117647069242 0.9805656024864056 0
0.3079842725414251 0.9477222072281084 0
0.8023204787855986 0.6750181086862592 0
0.7694343975134843 0.647058823529331 0
0.8023066240737298 0.6184991336233189 0
0.3529471529161041 0.922577079483366 0
0.07329295640436535 0.9802604741123256 0
0.1159893202728959 0.9250254912460076 0
0.8275091990402104 0.5736386781224574 0
0.8022662055935191 0.5285714026258875 0
0.7694343975134718 0.500000000000122 0
0.8026030021678006 0.4705834316804962 0
0.7694343975134702 0.4411764705884363 0
0.8026508197423509 0.4136328442829216 0
0.8531477570209912 0.3526629601650996 0
1.082558524600551 0.8669820931966733 0
0.8823529411765852 0.02545368251873366 0
0.8063943963122497 0.02330613278006221 0
0.8380999204374269 0.05267173230266769 0
1.231649600821636 0.9517122982923171 0
1.237395399332781 -0.9534343152758553 0
0.17599357595761 0.5252417100589946 0
0.9264705882345077 0.9076431767791872 0
0.8969181342648785 0.09293533981493456 0
0.0203117330370475 0.6911764705889906 0
0.02031173303694198 0.8088235294117028 0
1.328288529359736 0.9514845834258228 0
1.327235599794214 -0.9516868613235774 0
0.02006267632641561 0.1323529411770213 0
0.07369808218306259 0.4904298418156287 0
0.04895802223216333 0.9061798721822796 0
1.893294527424398 0.9505879722642572 0
1.131921631258382 -0.9801441158501336 0
0.8546756327080105 0.8334023681875251 0
1.632352941176471 0.9801696967473776 0
1.632352941176468 -0.980169696747485 0
1.436267181388627 -0.9518917086300789 0
1.103154403110774 0.9800889994027582 0
1.074346374041286 -0.9805512254481077 0
0.2302978534977273 0.6764705882357022 0
1.925735492627919 0.9810214472923617 0
0.07395008980200442 0.01879936410560806 0
1.83886151231217 -0.9803528353052932 0
1.838583398686325 0.9800661309608676 0
1.682995979862023 -0.9510827170435694 0
1.683609943404532 0.9513300555807369 0
0.01969195978548559 0.1907452640465166 0
1.279411764705885 0.9803853861852562 0
0.9003931890814186 0.2388694953607375 0
1.002527425387919 0.09131992767236474 0
1.897058823529413 -0.9804644911118046 0
0.7652229771727992 0.0765442119561735 0
0.04649308843129665 0.9482322415853925 0
0.8192992441328629 0.3254763689197948 0
1.480907440031297 -0.9506031786964892 0
0.07357502403040887 0.4500121362899825 0
1.283260260988214 -0.9505553067893791 0
0.04819544289828147 0.7476032287149159 0
0.2020386033346053 0.6277067749848682 0
0.851345753921057 0.2707559553223413 0
1.207143386954683 0.9059230116937288 0
1.152667456943588 0.9524074156181929 0
1.05816619756923 0.9503397765371139 0
0.9333976577021802 0.07910014504452118 0
1.963060640028475 -0.5525096935254223 0
1.976236220917747 -0.8149262115145882 0
1.954351001699905 -0.8304057855844138 0
1.963064032568326 0.1115153226284079 0
1.975514269670842 0.06748376656562403 0
1.96301214869653 0.4180268224611435 0
1.911986881983468 0.9333846931742964 0
1.953329102045533 0.05151858256631876 0
1.979538069041022 0.3323529411756962 0
1.944189994000288 0.8907981588777738 0
1.979082757893866 0.2437910418211929 0
1.962579114602447 0.8750983045782919 0
1.937157039803241 -0.8740315173198068 0
1.91348919392462 0.06531456480216483 0
1.979082757893844 0.6679736640597441 0
1.97989788507971 -0.7731175995854553 0
1.963016054162832 0.2878555304784606 0
1.913303594033979 0.5949468897505421 0
1.979538069041039 0.3735294117638192 0
1.978727075041648 0.4621679642399341 0
1.88661224709772 -0.1975853893464006 0
1.902919974550933 -0.153323495213383 0
1.952148913737178 0.506788273598571 0
1.952700458443125 0.5819252091496182 0
1.96190112300896 0.6239150279800717 0
1.91291065108669 0.4935379989914975 0
1.979082757893966 0.8320263359386573 0
1.912013312154008 -0.3887914797899719 0
1.979082757894018 -0.5084969241758954 0
1.954029951013193 -0.4347657323491709 0
0.1553004316089266 0.3965436560878259 0
0.7971488643151499 0.8316060420878264 0
0.1552571096526433 0.3387014710789563 0
1.111310222420793 0.9047255216052827 0
0.228638871426303 0.7289349712888841 0
0.021530906105039 0.02153090610508669 0
0.2286923482630431 0.2684797350410159 0
1.978469093894951 -0.9784690938949214 0
0.7284690938951823 0.7715309061048632 0
0.978888431634247 0.02134447860080624 0
1.978469093894984 0.9784690938949664 0
1.021530906104955 -0.9784690938950241 0
0.7715309061048923 0.2715309061049866 0
0.02138115483994365 0.9786188451600566 0
0.09521100301408113 0.4153744178009044 0
0.7957697182829327 0.5496303028318219 0
0.7976474783693996 0.6982048779510364 0
1.076469269829103 0.8874028062594408 0
0.3289963537798992 0.9542484073186756 0
0.8621029285269313 0.02027619291166791 0
0.9040579284161196 0.02213632037226172 0
0.3763387709620727 0.9540052552007697 0
0.795784374978042 0.5975552234101198 0
0.7977827731649014 0.3902893578413163 0
1.457391314658453 0.933249355953837 0
0.06720833965362243 0.5721705882572187 0
0.1691391358910896 0.9500129974269385 0
0.8237285927407187 0.7131580039622657 0
0.8479437082144099 0.7279942035650615 0
0.8733659235427345 0.7425940877198938 0
0.898837116817488 0.7572540997939272 0
0.9244602897333829 0.771822170033118 0
1.155625063064081 0.9037263621902796 0
1.130739454017088 0.8916622148613331 0
1.051286655814646 0.8458032633092076 0
0.4497493954061976 0.9480015040666956 0
0.9501546584296685 0.7863772130084512 0
0.9756443197740896 0.8010835384463018 0
1.025815320409184 0.8310973809562987 0
1.001115317646761 0.815828798826843 0
0.9490650390881217 0.948477678190274 0
0.9635745003856 0.9277794159781415 0
0.09684940026143846 0.948062490378941 0
0.9189026190430252 0.05059868580708074 0
0.5240566431998863 0.955402036717321 0
0.8211518660896102 0.375558069177952 0
0.09593397228194185 0.525202815262792 0
0.8297570232175999 0.3069707140256981 0
0.7567382021060283 0.8318627892752742 0
0.9850763718734532 0.932546914875058 0
0.1537667033250811 0.490668997017483 0
0.5734795134412751 0.2075837135982991 0
1.958484037297094 -0.7352941176475051 0
1.958629606021586 0.1485341826400473 0
1.958484037297215 -0.7058823529418324 0
1.958484037297227 -0.6764705882361495 0
1.958484037296953 -0.6470588235299994 0
1.907686694144533 0.02791883428063641 0
1.958484037296486 -0.9117647058812215 0
1.958601699247403 0.1765573167155419 0
1.907541366486254 6.568703914133778e-14 0
1.907541366486186 -0.02941176470584968 0
1.958918440969596 0.2057645941155904 0
1.958484037297529 -0.6176470588247933 0
1.907541366486088 -0.05882352941181865 0
1.958484037297561 -0.5882352941191179 0
1.907541366486011 -0.08823529411774536 0
1.907440327499118 -0.1161493558620672 0
1.907642405473538 0.5309094676659931 0
1.958484037297253 0.705882352940113 0
1.958484037297255 0.7352941176460541 0
1.958484037297237 0.7647058823519911 0
1.958550010487012 0.7940847174384371 0
1.958480092678133 -0.4720368559707777 0
1.907541366485766 -0.2352941176473374 0
1.907692628450963 0.5574056463243673 0
1.907541366485709 -0.2647058823533168 0
1.907541366485676 -0.2941176470592907 0
1.90754136648569 -0.3235294117652754 0
1.907648955150101 -0.3514623231220777 0
0.7884985580151314 0.04592068355251426 0
0.182743810412711 0.4414362645052088 0
1.933671610135871 -0.4260694351086169 0
1.958930814648986 -0.4997529491746979 0
1.959612494668346 -0.7639982814747128 0
1.93243103806303 -0.3974370309420185 0
1.957657272219925 -0.8827851235016849 0
1.934472254491175 -0.836012417556232 0
1.981163319482771 0.1077257098049673 0
1.981994487588286 -0.5473704206945227 0
1.959162464427977 0.3806927217023792 0
1.960011746045722 0.4663781408842078 0
1.98197181038947 0.2827188572946783 0
1.959183984344514 0.3251896312373111 0
1.958949296233944 0.234979054928754 0
1.98197125246574 0.4231634956448039 0
1.95893448922923 0.8232200683775632 0
1.980868106601835 0.6277241820657711 0
1.883427596716654 -0.1594684602905769 0
1.958935565187784 0.6767725525664109 0
1.981909390452428 0.8708123628385696 0
1.906737103508652 -0.2063646466157493 0
1.932016745592225 0.9286347823362716 0
1.512896293596754 0.932864663641757 0
0.8581928847771985 0.1462767513434167 0
0.07036808243648987 0.06702177852515656 0
0.1911764705878186 0.01546315695203794 0
0.2182559395556806 0.01770204913538342 0
0.3382263033357905 0.01666904908938467 0
0.5164297698412014 0.09622072614486037 0
0.544117647059016 0.09775345791251784 0
0.6327635784281427 0.01631632873421765 0
0.6669378191622815 0.04350408546632371 0
0.6912232044489532 0.04750865979237686 0
0.7196912043788013 0.01715813592409882 0
1.959067467120195 -0.9411764705879996 0
0.9480075365106404 0.09599618850143984 0
0.09699486231784038 0.3729873079780311 0
0.1529856233523403 0.2965845683653842 0
0.4119263605418942 0.0711569823994771 0
0.03851439810962248 0.8224115204404941 0
0.03859275549064882 0.677058011985425 0
0.7956299936702473 0.3177651288252122 0
0.1026359093415372 0.04481731555031707 0
0.4407368521373352 0.04206378420053948 0
0.2942967616447349 0.07121220076466971 0
0.4261656950157133 0.1799584871571958 0
1.501723894376675 -0.9593901963921052 0
1.262656435696029 -0.9592438418764029 0
$EndNodes
$Elements
13 7886 1 7886
1 1 1 34
1 1 13 
2 13 14 
3 14 15 
4 15 16 
5 16 17 
6 17 18 
7 18 19 
8 19 20 
9 20 21 
10 21 22 
11 22 23 
12 23 24 
13 24 25 
14 25 26 
15 26 27 
16 27 28 
17 28 29 
18 29 30 
19 30 31 
20 31 32 
21 32 33 
22 33 34 
23 34 35 
24 35 36 
25 36 37 
26 37 38 
27 38 39 
28 39 40 
29 40 41 
30 41 42 
31 42 43 
32 43 44 
33 44 45 
34 45 2 
1 2 1 34
35 2 46 
36 46 47 
37 47 48 
38 48 49 
39 49 50 
40 50 51 
41 51 52 
42 52 53 
43 53 54 
44 54 55 
45 55 56 
46 56 57 
47 57 58 
48 58 59 
49 59 60 
50 60 61 
51 61 62 
52 62 63 
53 63 64 
54 64 65 
55 65 66 
56 66 67 
57 67 68 
58 68 69 
59 69 70 
60 70 71 
61 71 72 
62 72 73 
63 73 74 
64 74 75 
65 75 76 
66 76 77 
67 77 78 
68 78 3 
1 3 1 34
69 3 79 
70 79 80 
71 80 81 
72 81 82 
73 82 83 
74 83 84 
75 84 85 
76 85 86 
77 86 87 
78 87 88 
79 88 89 
80 89 90 
81 90 91 
82 91 92 
83 92 93 
84 93 94 
85 94 95 
86 95 96 
87 96 97 
88 97 98 
89 98 99 
90 99 100 
91 100 101 
92 101 102 
93 102 103 
94 103 104 
95 104 105 
96 105 106 
97 106 107 
98 107 108 
99 108 109 
100 109 110 
101 110 111 
102 111 4 
1 4 1 34
103 4 112 
104 112 113 
105 113 114 
106 114 115 
107 115 116 
108 116 117 
109 117 118 
110 118 119 
111 119 120 
112 120 121 
113 121 122 
114 122 123 
115 123 124 
116 124 125 
117 125 126 
118 126 127 
119 127 128 
120 128 129 
121 129 130 
122 130 131 
123 131 132 
124 132 133 
125 133 134 
126 134 135 
127 135 136 
128 136 137 
129 137 138 
130 138 139 
131 139 140 
132 140 141 
133 141 142 
134 142 143 
135 143 144 
136 144 5 
1 5 1 34
137 5 145 
138 145 146 
139 146 147 
140 147 148 
141 148 149 
142 149 150 
143 150 151 
144 151 152 
145 152 153 
146 153 154 
147 154 155 
148 155 156 
149 156 157 
150 157 158 
151 158 159 
152 159 160 
153 160 161 
154 161 162 
155 162 163 
156 163 164 
157 164 165 
158 165 166 
159 166 167 
160 167 168 
161 168 169 
162 169 170 
163 170 171 
164 171 172 
165 172 173 
166 173 174 
167 174 175 
168 175 176 
169 176 177 
170 177 6 
1 6 1 34
171 6 178 
172 178 179 
173 179 180 
174 180 181 
175 181 182 
176 182 183 
177 183 184 
178 184 185 
179 185 186 
180 186 187 
181 187 188 
182 188 189 
183 189 190 
184 190 191 
185 191 192 
186 192 193 
187 193 194 
188 194 195 
189 195 196 
190 196 197 
191 197 198 
192 198 199 
193 199 200 
194 200 201 
195 201 202 
196 202 203 
197 203 204 
198 204 205 
199 205 206 
200 206 207 
201 207 208 
202 208 209 
203 209 210 
204 210 7 
1 7 1 34
205 7 211 
206 211 212 
207 212 213 
208 213 214 
209 214 215 
210 215 216 
211 216 217 
212 217 218 
213 218 219 
214 219 220 
215 220 221 
216 221 222 
217 222 223 
218 223 224 
219 224 225 
220 225 226 
221 226 227 
222 227 228 
223 228 229 
224 229 230 
225 230 231 
226 231 232 
227 232 233 
228 233 234 
229 234 235 
230 235 236 
231 236 237 
232 237 238 
233 238 239 
234 239 240 
235 240 241 
236 241 242 
237 242 243 
238 243 8 
1 8 1 34
239 8 244 
240 244 245 
241 245 246 
242 246 247 
243 247 248 
244 248 249 
245 249 250 
246 250 251 
247 251 252 
248 252 253 
249 253 254 
250 254 255 
251 255 256 
252 256 257 
253 257 258 
254 258 259 
255 259 260 
256 260 261 
257 261 262 
258 262 263 
259 263 264 
260 264 265 
261 265 266 
262 266 267 
263 267 268 
264 268 269 
265 269 270 
266 270 271 
267 271 272 
268 272 273 
269 273 274 
270 274 275 
271 275 276 
272 276 1 
1 9 1 17
273 9 277 
274 277 278 
275 278 279 
276 279 280 
277 280 281 
278 281 282 
279 282 283 
280 283 284 
281 284 285 
282 285 286 
283 286 287 
284 287 288 
285 288 289 
286 289 290 
287 290 291 
288 291 292 
289 292 10 
1 10 1 17
290 10 293 
291 293 294 
292 294 295 
293 295 296 
294 296 297 
295 297 298 
296 298 299 
297 299 300 
298 300 301 
299 301 302 
300 302 303 
301 303 304 
302 304 305 
303 305 306 
304 306 307 
305 307 308 
306 308 11 
1 11 1 17
307 11 309 
308 309 310 
309 310 311 
310 311 312 
311 312 313 
312 313 314 
313 314 315 
314 315 316 
315 316 317 
316 317 318 
317 318 319 
318 319 320 
319 320 321 
320 321 322 
321 322 323 
322 323 324 
323 324 12 
1 12 1 17
324 12 325 
325 325 326 
326 326 327 
327 327 328 
328 328 329 
329 329 330 
330 330 331 
331 331 332 
332 332 333 
333 333 334 
334 334 335 
335 335 336 
336 336 337 
337 337 338 
338 338 339 
339 339 340 
340 340 9 
2 1 2 7546
341 2185 2914 759 
342 1659 3649 2256 
343 1101 3336 2292 
344 2923 3318 3316 
345 1765 2258 1654 
346 3646 3778 2463 
347 815 3640 2440 
348 821 2795 2337 
349 2282 3298 1942 
350 2169 2282 1942 
351 285 2579 286 
352 285 2580 2579 
353 284 2580 285 
354 1513 2332 1511 
355 2606 3075 2774 
356 1414 2179 1672 
357 1942 2287 2169 
358 1648 2335 2329 
359 2167 3162 409 
360 1100 2987 2585 
361 2159 2256 818 
362 751 2271 2270 
363 748 2493 2491 
364 1652 2419 2417 
365 1297 2285 2283 
366 1651 2501 2493 
367 749 2488 2419 
368 1657 2507 2271 
369 2256 3289 1659 
370 2197 2288 1290 
371 1681 2843 1945 
372 2879 3110 1950 
373 2026 3393 2278 
374 2795 2796 2337 
375 744 3778 3646 
376 759 3664 2185 
377 621 2629 2268 
378 2199 2203 1050 
379 1663 2926 1950 
380 2292 3749 1101 
381 1068 2546 2156 
382 2164 2258 651 
383 1668 2439 2338 
384 2169 2287 1656 
385 2329 2335 2328 
386 1137 2740 2168 
387 1233 2274 2209 
388 2420 3649 1659 
389 1163 2492 2490 
390 651 2257 2164 
391 818 2255 2159 
392 751 2270 2269 
393 2491 2492 748 
394 2417 2418 1652 
395 2283 2284 1297 
396 2939 2970 1949 
397 409 3766 2167 
398 2987 3765 2585 
399 1935 3114 3076 
400 1124 3317 3290 
401 2204 3047 1217 
402 1665 3691 2281 
403 2180 3010 364 
404 2017 2840 2839 
405 2187 2560 542 
406 2171 2934 1188 
407 2490 2495 1163 
408 2191 2193 406 
409 2440 3640 2439 
410 1667 3088 2582 
411 1117 2438 2333 
412 1118 2582 2581 
413 1669 2333 2331 
414 2182 3688 758 
415 2931 2933 2863 
416 753 2280 2279 
417 2211 2212 808 
418 2223 3638 1961 
419 2288 3771 1290 
420 753 2279 2278 
421 2493 2501 2491 
422 2419 2488 2417 
423 2271 2507 2270 
424 2159 3289 2256 
425 2577 3866 752 
426 2273 3673 872 
427 2268 3753 621 
428 2203 3754 1050 
429 1273 3693 2161 
430 591 2572 2570 
431 2220 3515 2651 
432 2166 2294 2258 
433 2207 3711 2206 
434 2207 3712 3711 
435 3700 3702 2757 
436 2757 3702 2756 
437 3706 3708 2539 
438 2539 3708 2538 
439 2345 3713 2344 
440 2345 3714 3713 
441 1943 2278 2277 
442 1654 2258 2164 
443 2166 2258 1765 
444 3290 3317 2409 
445 210 3198 209 
446 752 2579 2577 
447 1118 2580 284 
448 286 2579 752 
449 1118 2581 2580 
450 1536 2276 1535 
451 2282 2283 1541 
452 1541 3298 2282 
453 2331 2332 1669 
454 1669 2332 1513 
455 1511 2332 1860 
456 1860 2332 2330 
457 2156 3751 1068 
458 1536 2287 2276 
459 2330 2335 1860 
460 2179 2272 1672 
461 2168 3755 1137 
462 1233 3756 2274 
463 2217 3493 3069 
464 1414 3665 2179 
465 1960 2926 1663 
466 3316 3678 2923 
467 2272 3673 2273 
468 1668 2440 2439 
469 2196 2969 2933 
470 1957 2843 1681 
471 2065 3110 2879 
472 2774 3075 2775 
473 2281 3663 1665 
474 2166 3938 2294 
475 1535 3691 1533 
476 2338 2439 2333 
477 2329 2336 1648 
478 3573 3770 3675 
479 352 2860 203 
480 2278 3393 753 
481 2026 2278 1943 
482 2283 3772 1541 
483 1943 2277 2276 
484 2923 3319 3318 
485 2582 3088 2581 
486 2333 2438 2331 
487 364 3672 2180 
488 2933 3781 2863 
489 1128 3197 2186 
490 2970 3747 1949 
491 2606 3680 3075 
492 2186 3198 1128 
493 1910 2336 2334 
494 2193 3758 406 
495 3280 3769 3665 
496 2333 2439 1117 
497 2196 3847 2969 
498 1656 2287 1536 
499 2328 2335 2330 
500 3675 3770 2674 
501 14 2450 13 
502 179 2558 178 
503 2653 2901 1959 
504 2334 2336 2329 
505 600 2858 2856 
506 2843 3683 1945 
507 1950 3684 2879 
508 3076 3741 1935 
509 1217 3743 2204 
510 3313 3750 2347 
511 3663 3866 2577 
512 2212 3760 808 
513 1961 3759 2223 
514 2347 3776 3313 
515 2271 3940 1657 
516 1437 3675 2672 
517 2419 3939 749 
518 2493 3934 1651 
519 2017 3698 2840 
520 2177 3727 3662 
521 2215 2217 667 
522 3662 3773 2177 
523 758 3697 2182 
524 203 2860 202 
525 2926 3684 1950 
526 2185 3666 2914 
527 2440 3655 815 
528 2593 3778 3645 
529 2184 3688 2182 
530 542 3696 2187 
531 2171 3695 2934 
532 2570 3764 591 
533 2651 3763 2220 
534 2218 2220 823 
535 2161 3744 1273 
536 209 3198 406 
537 1128 3198 210 
538 3665 3769 1951 
539 2277 3691 1535 
540 2915 3666 1487 
541 182 2571 181 
542 2281 3691 2279 
543 2221 2223 1150 
544 327 2275 328 
545 207 2290 206 
546 1930 3769 3039 
547 2161 3693 2143 
548 2214 3777 1125 
549 1188 3690 2171 
550 2187 3689 2560 
551 1487 3932 2915 
552 267 3688 3664 
553 1167 3671 3668 
554 2450 3820 13 
555 2672 3824 1437 
556 2558 3825 178 
557 2901 3823 1959 
558 2795 3651 2796 
559 2582 3941 1667 
560 1049 3752 2559 
561 181 2571 1049 
562 2945 3775 3210 
563 3069 3767 2217 
564 2539 3704 745 
565 745 3706 2539 
566 2757 3699 804 
567 804 3700 2757 
568 2458 3709 746 
569 746 3710 2458 
570 2694 3703 1152 
571 1152 3701 2694 
572 626 3705 2830 
573 2830 3707 626 
574 554 3712 2207 
575 2712 3723 1386 
576 1386 3724 2712 
577 2876 3729 3021 
578 2920 3732 344 
579 344 3733 2920 
580 1673 3735 2526 
581 1183 3731 2874 
582 2874 3730 1183 
583 3475 3715 2513 
584 626 3707 2206 
585 1152 3703 2830 
586 2830 3705 1152 
587 2206 3711 626 
588 804 3699 2694 
589 2694 3701 804 
590 2079 3726 2635 
591 1596 3736 2648 
592 1088 3721 2178 
593 2178 3722 1088 
594 745 3704 2756 
595 2756 3702 745 
596 756 3717 2175 
597 2175 3720 756 
598 746 3709 2538 
599 2538 3708 746 
600 2176 3739 652 
601 1086 3727 2177 
602 2068 3719 2467 
603 2344 3713 2122 
604 2467 3728 2068 
605 2175 3717 2514 
606 2514 3718 2175 
607 2513 3715 760 
608 760 3716 2513 
609 2178 3721 756 
610 756 3720 2178 
611 2635 3726 2132 
612 3237 3738 652 
613 652 3739 3237 
614 2712 3724 377 
615 377 3725 2712 
616 3021 3729 3066 
617 344 3732 2874 
618 2874 3731 344 
619 1134 3734 2920 
620 2920 3733 1134 
621 2526 3735 1539 
622 2180 3686 3010 
623 2839 3687 2017 
624 2147 3786 2261 
625 2147 3787 3786 
626 2148 3789 2263 
627 2148 3792 3789 
628 2603 3794 873 
629 3794 3796 873 
630 1481 3650 3301 
631 3921 3922 2257 
632 2257 3922 2269 
633 817 3928 3927 
634 817 3927 2759 
635 2420 3924 2418 
636 2420 3925 3924 
637 1935 3677 3114 
638 1124 3678 3317 
639 2204 3679 3047 
640 2146 3091 2168 
641 401 2777 2274 
642 2337 3821 821 
643 1350 3818 2174 
644 2155 3773 2510 
645 808 2293 2211 
646 3021 3830 2876 
647 2174 3832 1350 
648 2635 3833 2079 
649 652 3834 2176 
650 2132 3836 2635 
651 3066 3837 3021 
652 2207 3855 554 
653 2513 3850 3475 
654 2648 3849 1596 
655 2177 3857 1086 
656 2122 3859 2344 
657 1539 3860 2526 
658 2526 3774 1673 
659 328 2275 807 
660 1150 2268 2221 
661 2203 3337 2609 
662 2185 3664 2184 
663 1930 3039 2291 
664 3651 3933 2796 
665 823 2288 2218 
666 2145 3658 2144 
667 2196 2933 2932 
668 667 2292 2215 
669 2593 3645 2594 
670 2462 3646 2463 
671 2146 3766 3091 
672 401 3765 2777 
673 3645 3778 744 
674 206 2290 1129 
675 3638 3659 1961 
676 1949 3683 2939 
677 748 2494 2493 
678 1297 2286 2285 
679 1652 2421 2419 
680 2796 3933 1493 
681 1125 3777 2995 
682 2253 3802 2474 
683 2474 3808 2253 
684 2226 3807 2473 
685 2473 3810 2226 
686 2822 3792 2148 
687 2148 3798 2822 
688 3752 3791 2559 
689 3650 3896 3301 
690 1493 3692 2796 
691 1101 3682 3336 
692 1951 3769 1930 
693 352 3740 2860 
694 2285 3772 2283 
695 3664 3688 2184 
696 3668 3671 2273 
697 2674 3643 2673 
698 2256 2295 818 
699 751 2296 2271 
700 2944 3775 2945 
701 3656 3657 1645 
702 2510 3751 2155 
703 288 2280 289 
704 289 2280 753 
705 2272 3919 1672 
706 2158 3919 2272 
707 2546 3681 2156 
708 17 2294 16 
709 3128 3856 2208 
710 600 3768 2858 
711 1290 3685 2197 
712 3784 3858 2671 
713 666 3841 2514 
714 2294 3938 1138 
715 2145 3937 3658 
716 32 2295 31 
717 22 2296 21 
718 1499 2336 1497 
719 1118 2583 2582 
720 1669 2338 2333 
721 2856 3747 600 
722 621 3677 2629 
723 1050 3679 2199 
724 2276 2277 1535 
725 2334 2337 1910 
726 2510 3773 1686 
727 1137 3686 2740 
728 2209 3687 1233 
729 2410 3742 1473 
730 2208 3743 3128 
731 2278 2279 2277 
732 1100 3689 2987 
733 2167 3690 3162 
734 38 2286 1297 
735 39 2286 38 
736 26 2494 25 
737 25 2494 748 
738 1524 2421 1652 
739 1522 2421 1524 
740 1125 3748 2214 
741 3493 3697 3069 
742 3515 3696 2651 
743 591 3695 2572 
744 1517 2338 1515 
745 282 2583 283 
746 2217 3767 667 
747 2793 2911 1485 
748 1489 3933 3651 
749 2276 2287 1941 
750 1941 2287 1942 
751 1648 3299 2335 
752 2335 3299 1860 
753 3210 3757 2945 
754 2180 3672 2181 
755 2258 2294 651 
756 406 3783 2191 
757 1668 3647 2440 
758 651 2294 17 
759 16 2294 1138 
760 3728 3857 2133 
761 3714 3850 2123 
762 2343 3859 3710 
763 2280 2281 2279 
764 1662 3772 2285 
765 3337 3816 2609 
766 2439 3640 1117 
767 1962 3930 3660 
768 3660 3930 3685 
769 1473 3865 2410 
770 207 3758 2290 
771 31 2295 1096 
772 818 2295 32 
773 1163 2296 22 
774 21 2296 751 
775 1648 2336 1499 
776 1497 2336 1910 
777 2272 2273 2158 
778 1533 3691 1665 
779 3738 3895 2286 
780 2218 2288 1927 
781 1927 2288 2197 
782 2179 3665 1951 
783 3262 3744 2190 
784 2421 2422 2419 
785 1668 2338 1517 
786 1515 2338 1669 
787 815 2583 282 
788 283 2583 1118 
789 1457 3319 3232 
790 2220 3763 823 
791 2627 3750 1475 
792 2495 3940 2271 
793 2293 3657 3656 
794 1163 2495 2296 
795 2296 2495 2271 
796 3091 3766 409 
797 2585 3765 401 
798 2190 3858 3784 
799 3237 3895 3738 
800 3318 3319 1457 
801 3232 3319 2213 
802 2422 3939 2419 
803 26 3642 2494 
804 1522 3641 2421 
805 2467 3857 3728 
806 3710 3859 2458 
807 2345 3850 3714 
808 2223 3759 1150 
809 327 3760 2275 
810 2559 3761 1049 
811 2451 3762 1138 
812 1475 3861 2627 
813 489 3943 3741 
814 3245 3653 1471 
815 132 2391 131 
816 2389 2392 2391 
817 2387 2389 421 
818 2383 2385 1072 
819 131 2391 1073 
820 421 2391 132 
821 421 2395 2387 
822 134 2395 133 
823 2385 2395 1072 
824 2379 2381 349 
825 349 2390 2379 
826 1072 2442 2383 
827 1033 2396 1035 
828 137 2390 349 
829 1035 3340 1037 
830 138 2390 137 
831 139 3560 138 
832 2396 3340 1035 
833 1192 3250 2297 
834 1039 2668 1042 
835 2668 2752 1042 
836 136 2442 135 
837 1257 3312 1877 
838 2389 2391 421 
839 1999 3605 2600 
840 2381 2442 349 
841 1877 3312 2312 
842 2720 3590 2719 
843 1903 3537 1636 
844 138 3560 2390 
845 2311 2548 2260 
846 2309 2548 2311 
847 1695 2548 2309 
848 673 3116 629 
849 133 2395 421 
850 1735 3606 1743 
851 1695 2309 2308 
852 2372 2374 1071 
853 1072 2395 134 
854 2308 2322 1695 
855 2387 2395 2385 
856 566 3028 587 
857 2307 2396 1191 
858 1191 2396 1033 
859 2317 2446 630 
860 587 3028 2468 
861 3624 3635 73 
862 2977 3568 2036 
863 1136 3552 3185 
864 1811 2431 2315 
865 2397 3122 1968 
866 587 2468 610 
867 1191 2600 2307 
868 2551 3488 2552 
869 880 3452 3294 
870 1811 3153 2431 
871 2592 3537 1903 
872 1071 2403 2372 
873 393 3023 395 
874 2054 3597 1901 
875 2035 3569 2700 
876 2446 2575 630 
877 2542 3469 568 
878 135 2442 1072 
879 2655 3592 1763 
880 2325 3452 880 
881 1037 3340 1192 
882 414 3227 416 
883 2297 2668 1192 
884 2719 2762 2718 
885 1145 2837 2353 
886 2383 2442 2381 
887 1192 2668 1039 
888 349 2442 136 
889 2370 2403 363 
890 1082 2399 2322 
891 1145 2838 2837 
892 1357 2848 2350 
893 2353 3040 1145 
894 2718 2762 854 
895 2319 3040 2353 
896 1192 3340 3250 
897 2350 2848 1874 
898 397 3040 2319 
899 2313 2360 565 
900 2360 2917 565 
901 2319 2320 397 
902 1351 3590 2720 
903 2717 2718 854 
904 565 3006 2313 
905 2360 2918 2917 
906 1042 3312 1257 
907 2313 3006 2433 
908 2752 3312 1042 
909 2968 3444 2967 
910 2433 3006 1131 
911 2552 3488 727 
912 2610 3048 2394 
913 1968 2482 2397 
914 1629 2947 1853 
915 374 2978 2314 
916 2314 2394 374 
917 2394 3048 374 
918 1130 2610 2431 
919 2316 3122 2397 
920 1078 2482 1079 
921 2323 2324 709 
922 854 2721 2717 
923 2368 2370 363 
924 2431 3153 1130 
925 2321 3498 1180 
926 2790 3387 2408 
927 793 3607 3472 
928 1130 3048 2610 
929 2324 2850 709 
930 2316 2397 1707 
931 3595 3599 3077 
932 1853 2947 2637 
933 1877 3397 1880 
934 2312 3397 1877 
935 3397 3430 1880 
936 363 2393 2368 
937 1884 3486 2351 
938 1707 2446 2316 
939 2535 3525 3520 
940 811 2436 2435 
941 568 3079 2542 
942 2762 3116 673 
943 629 3116 611 
944 3520 3525 794 
945 630 2468 2317 
946 261 2346 260 
947 708 2597 706 
948 811 2435 2434 
949 1166 3472 2498 
950 2998 3599 3595 
951 2441 2644 1808 
952 2917 2918 1114 
953 316 2434 317 
954 2978 3249 2314 
955 946 3444 2968 
956 2542 3079 2427 
957 2322 2486 1082 
958 3093 3453 3092 
959 2351 3486 1142 
960 1695 2322 1693 
961 2315 3227 1811 
962 610 2468 630 
963 3357 3508 2721 
964 1141 2940 2326 
965 2326 2941 1141 
966 2498 3490 1166 
967 2406 3387 334 
968 1707 2575 2446 
969 513 3073 2963 
970 2322 2399 1693 
971 513 2963 2327 
972 2340 3516 3430 
973 3127 3448 1979 
974 2963 3073 1978 
975 1978 3271 3107 
976 568 3028 566 
977 530 3533 3443 
978 3073 3271 1978 
979 1919 2401 1418 
980 2372 2403 2370 
981 2308 2486 2322 
982 1082 2482 2399 
983 2599 3510 3490 
984 2918 3249 1114 
985 794 3510 2599 
986 880 3227 2325 
987 2459 2461 1438 
988 2339 2401 2224 
989 2328 2330 814 
990 604 3127 3107 
991 1071 3560 139 
992 811 2434 316 
993 2064 2554 2463 
994 853 2398 1158 
995 1985 3542 3408 
996 324 1052 12 
997 141 2403 140 
998 397 3023 393 
999 2340 2597 1099 
1000 1794 3389 2645 
1001 2600 3605 2307 
1002 1743 3606 2480 
1003 2224 2401 1919 
1004 512 2428 454 
1005 3107 3271 604 
1006 395 3023 1136 
1007 1114 3249 2978 
1008 2036 3568 2660 
1009 2352 2428 512 
1010 1785 2884 2633 
1011 2408 3387 2406 
1012 2631 3406 3265 
1013 3023 3552 1136 
1014 454 2428 456 
1015 363 2403 141 
1016 3490 3510 1166 
1017 277 814 278 
1018 709 2597 2323 
1019 2401 3253 1418 
1020 1903 3530 2592 
1021 385 2838 387 
1022 470 3571 3495 
1023 2599 3520 794 
1024 2126 3498 2321 
1025 387 2838 1145 
1026 2661 3272 1983 
1027 3294 3452 2848 
1028 1811 3227 414 
1029 568 3469 3028 
1030 2536 3513 1122 
1031 1158 2398 1177 
1032 2399 2482 1968 
1033 1983 3483 3169 
1034 2461 2554 1438 
1035 416 3227 880 
1036 2645 3389 2644 
1037 1418 3253 1984 
1038 3437 3538 1784 
1039 2700 3569 1103 
1040 1438 2543 2459 
1041 1890 3548 3375 
1042 2897 3453 3093 
1043 604 3448 3127 
1044 1079 2482 1082 
1045 2536 3529 2535 
1046 512 2441 2352 
1047 3430 3516 1880 
1048 1631 2947 1629 
1049 1636 3537 1637 
1050 277 2328 814 
1051 324 2358 1052 
1052 2535 3529 3525 
1053 2697 3584 2698 
1054 2365 2924 2821 
1055 1177 2398 2355 
1056 129 2354 346 
1057 1795 3272 2661 
1058 2127 3553 3498 
1059 1052 1053 12 
1060 2327 3029 513 
1061 3279 3594 2094 
1062 1175 3473 1269 
1063 466 3029 468 
1064 2397 2482 1078 
1065 2355 3331 1177 
1066 1141 3029 2940 
1067 30 2415 29 
1068 2459 2543 2424 
1069 2341 3489 730 
1070 140 2403 1071 
1071 1637 3604 2716 
1072 2637 3147 1853 
1073 9 2328 277 
1074 227 2343 226 
1075 2477 3380 2478 
1076 2350 3442 1357 
1077 450 2643 452 
1078 1099 2597 708 
1079 129 346 128 
1080 1917 3400 2511 
1081 2999 3572 2882 
1082 1982 3501 3267 
1083 228 750 227 
1084 2719 3590 3116 
1085 706 2597 709 
1086 2364 2393 1070 
1087 1785 2633 2632 
1088 116 2499 115 
1089 278 2438 279 
1090 1055 3355 1053 
1091 2643 2644 2441 
1092 2463 2554 2461 
1093 1984 3253 2555 
1094 939 3001 2616 
1095 2600 2771 1998 
1096 63 2402 350 
1097 3494 3495 2342 
1098 2368 2393 2364 
1099 1310 2554 1446 
1100 2341 3494 2342 
1101 3513 3517 1122 
1102 2883 3117 2617 
1103 730 3489 3485 
1104 2359 3354 634 
1105 2611 3628 3615 
1106 2777 3426 1952 
1107 814 2438 278 
1108 3147 3291 1853 
1109 2414 2550 2549 
1110 2834 3291 3147 
1111 620 2499 116 
1112 1691 2399 1968 
1113 2324 3406 2850 
1114 1724 2705 1746 
1115 1886 3488 2551 
1116 2821 2924 345 
1117 2617 3117 2616 
1118 2746 3067 1742 
1119 1746 2705 2703 
1120 3356 3597 2054 
1121 750 2343 227 
1122 1984 2555 2447 
1123 2802 3411 2801 
1124 1693 2399 1691 
1125 2320 3023 397 
1126 2719 3116 2762 
1127 1141 2941 471 
1128 471 2941 478 
1129 115 1069 114 
1130 164 2475 163 
1131 2834 3264 1701 
1132 63 350 62 
1133 2348 2625 2624 
1134 2072 3499 3304 
1135 1073 2354 130 
1136 2391 2392 1073 
1137 3302 3425 1307 
1138 49 3557 1103 
1139 2704 3432 2748 
1140 3035 3421 1992 
1141 1886 3470 2892 
1142 9 2329 2328 
1143 1745 2750 2748 
1144 2967 3444 2357 
1145 2348 2624 2346 
1146 677 2721 854 
1147 2362 2924 2365 
1148 1801 3249 1802 
1149 1760 2541 2427 
1150 679 2721 677 
1151 1087 2475 164 
1152 733 3556 3555 
1153 2974 3071 1108 
1154 2616 3117 939 
1155 1750 2662 2618 
1156 1331 2961 2444 
1157 2751 3259 3067 
1158 2722 3513 2536 
1159 2427 2541 1797 
1160 853 3372 2398 
1161 536 2589 1151 
1162 3417 3539 1172 
1163 317 2411 318 
1164 2633 2884 1113 
1165 1108 3085 524 
1166 881 3380 2477 
1167 2533 3199 2447 
1168 2183 3551 2584 
1169 1070 2393 143 
1170 3183 3224 2807 
1171 279 2438 1117 
1172 142 2393 363 
1173 1331 2444 2443 
1174 530 3310 3246 
1175 2476 3213 1988 
1176 3071 3085 1108 
1177 2592 3530 2779 
1178 1151 2589 2429 
1179 2618 2662 1876 
1180 2346 2624 260 
1181 2411 2413 2412 
1182 2507 2993 2270 
1183 1341 3479 2862 
1184 2721 3508 2717 
1185 1338 3457 2861 
1186 3001 3223 1987 
1187 2427 3079 2400 
1188 260 2624 259 
1189 319 2549 320 
1190 1797 2542 2427 
1191 3272 3483 1983 
1192 2632 2724 1785 
1193 317 2434 2411 
1194 576 3035 2400 
1195 3067 3259 1742 
1196 3449 3457 1338 
1197 3555 3556 2798 
1198 3246 3310 1986 
1199 259 2624 747 
1200 994 2984 2835 
1201 3530 3593 1322 
1202 944 2984 994 
1203 2807 3078 1358 
1204 1774 3071 2974 
1205 1742 3267 2746 
1206 350 2361 62 
1207 939 3223 3001 
1208 2415 2488 29 
1209 2247 3413 3203 
1210 2832 3220 1995 
1211 2750 3019 2751 
1212 1312 2424 1205 
1213 5 2362 144 
1214 2805 2807 1358 
1215 3019 3259 2751 
1216 2330 2331 814 
1217 2620 3241 3214 
1218 1745 3019 2750 
1219 2644 3389 1808 
1220 2447 3199 1984 
1221 332 816 333 
1222 2882 3572 602 
1223 1987 2953 2404 
1224 2848 3452 1874 
1225 2918 3217 1802 
1226 1446 2554 2064 
1227 1069 2423 114 
1228 763 2358 323 
1229 1774 3242 2994 
1230 2863 3487 2862 
1231 2404 2953 1075 
1232 2587 3605 1999 
1233 323 2358 324 
1234 1921 2927 1715 
1235 131 1073 130 
1236 130 2354 129 
1237 3265 3406 2324 
1238 3118 3363 1269 
1239 3466 3474 2647 
1240 2511 3400 2152 
1241 3407 3592 2655 
1242 1986 3354 2359 
1243 1358 3166 2805 
1244 730 3494 2341 
1245 2347 2348 2346 
1246 1882 3489 2341 
1247 1993 3437 2357 
1248 1988 2541 1760 
1249 3456 3500 2544 
1250 2417 2488 2415 
1251 2974 3242 1774 
1252 2400 3079 576 
1253 2805 3166 2517 
1254 811 2607 2436 
1255 452 2643 512 
1256 513 3029 466 
1257 1750 3441 1323 
1258 832 3220 2832 
1259 2357 3444 1993 
1260 2454 2456 1316 
1261 1987 3223 2953 
1262 2940 3029 2327 
1263 497 3063 490 
1264 468 3029 1141 
1265 2698 3584 348 
1266 3310 3354 1986 
1267 2361 2479 61 
1268 3468 3479 1341 
1269 1802 3249 2918 
1270 1075 3224 3183 
1271 320 2549 1121 
1272 1110 2643 450 
1273 792 3503 2038 
1274 1999 2600 1998 
1275 2478 3380 2563 
1276 1726 2705 1724 
1277 1778 2707 2452 
1278 1684 2449 2448 
1279 1053 3355 1958 
1280 1778 3104 2707 
1281 2527 3295 1989 
1282 1142 3485 2351 
1283 1075 3183 2404 
1284 62 2361 61 
1285 2331 2438 814 
1286 1316 2465 2454 
1287 2663 3424 2662 
1288 757 2346 261 
1289 2360 3217 2918 
1290 3476 3496 3093 
1291 1438 2554 1310 
1292 1684 2450 2449 
1293 2454 2465 1779 
1294 2453 3072 2989 
1295 1684 2448 275 
1296 534 2589 536 
1297 424 3163 428 
1298 394 2485 392 
1299 1988 3213 2541 
1300 1062 2402 64 
1301 247 1068 246 
1302 2862 3479 2857 
1303 3557 3559 2700 
1304 1084 2486 1416 
1305 2502 2724 2632 
1306 634 3435 2359 
1307 2968 3449 946 
1308 1808 3025 2441 
1309 2088 2090 2089 
1310 29 2488 28 
1311 143 2393 142 
1312 2425 3561 2426 
1313 2362 2363 1070 
1314 1701 3291 2834 
1315 2441 3025 2352 
1316 3485 3489 2351 
1317 2090 2091 2089 
1318 3003 3411 2802 
1319 142 363 141 
1320 2720 3547 1351 
1321 28 2488 749 
1322 3092 3453 2109 
1323 2432 2485 429 
1324 1096 2415 30 
1325 2882 3575 2881 
1326 1122 3529 2536 
1327 1191 2771 2600 
1328 2088 2089 2087 
1329 2935 2936 627 
1330 1878 3519 3470 
1331 2323 2597 2340 
1332 2460 2461 2459 
1333 2445 3031 1332 
1334 1507 2993 2507 
1335 1525 3088 1523 
1336 2424 2543 1205 
1337 3179 3341 2766 
1338 3422 3518 1097 
1339 2436 2437 2435 
1340 1647 2424 1312 
1341 3304 3499 1182 
1342 2090 2092 2091 
1343 1280 3286 3133 
1344 2411 2412 820 
1345 2563 3346 2530 
1346 2633 3406 2631 
1347 602 3572 3563 
1348 2478 2563 2562 
1349 3385 3391 2012 
1350 113 2423 1962 
1351 1332 2453 2445 
1352 1979 3448 2428 
1353 2156 2157 1647 
1354 2434 2435 2413 
1355 5 2924 2362 
1356 1416 2486 2308 
1357 429 2485 394 
1358 2827 3399 3384 
1359 637 3044 639 
1360 64 2402 63 
1361 1988 3011 2476 
1362 2527 2529 603 
1363 3011 3024 2476 
1364 2529 3014 603 
1365 2092 2093 2091 
1366 2411 2434 2413 
1367 2429 2707 1151 
1368 2837 3486 1884 
1369 2157 2460 2459 
1370 2453 2989 2506 
1371 3561 3563 2426 
1372 1966 2446 2317 
1373 2316 2446 1966 
1374 2968 3457 3449 
1375 1332 3072 2453 
1376 2172 3302 2572 
1377 1053 1958 12 
1378 1214 3146 1215 
1379 634 3442 3435 
1380 2890 2909 1939 
1381 239 2466 666 
1382 554 2809 2808 
1383 331 3290 332 
1384 2703 3214 1746 
1385 3093 3496 2897 
1386 765 3372 853 
1387 133 421 132 
1388 2443 3163 1331 
1389 3435 3442 2350 
1390 3408 3542 1870 
1391 265 2913 264 
1392 1715 3239 2540 
1393 2362 2365 2363 
1394 348 3584 3577 
1395 2086 2088 2087 
1396 2398 3372 2356 
1397 2552 3517 3513 
1398 2833 3264 2834 
1399 2623 3409 2042 
1400 620 2500 2499 
1401 3575 3577 2881 
1402 2506 2989 921 
1403 661 2519 663 
1404 3157 3209 2845 
1405 2835 2845 994 
1406 686 3510 794 
1407 576 3421 3035 
1408 759 2914 2913 
1409 1246 3030 2562 
1410 524 3085 537 
1411 2172 3425 3302 
1412 2892 3488 1886 
1413 1939 3382 2890 
1414 1329 3103 2732 
1415 2450 2451 2449 
1416 603 3295 2527 
1417 2845 3209 994 
1418 1602 3523 3420 
1419 2861 3468 1338 
1420 2025 3426 2777 
1421 819 2790 2789 
1422 1357 3442 436 
1423 2748 3432 1745 
1424 365 2470 2469 
1425 1215 3146 2875 
1426 2325 3227 2315 
1427 3185 3238 1136 
1428 2416 2417 2415 
1429 3264 3266 1701 
1430 2444 3238 3185 
1431 2460 2462 2461 
1432 2889 2909 2890 
1433 3358 3419 3148 
1434 634 3354 440 
1435 2965 3170 2966 
1436 2330 2332 2331 
1437 1498 2520 1502 
1438 1388 3470 1886 
1439 1096 2416 2415 
1440 2826 3394 841 
1441 921 2678 2506 
1442 2076 3229 2078 
1443 2489 2490 1658 
1444 114 2423 113 
1445 1751 3172 3167 
1446 2092 2094 2093 
1447 3004 3269 1018 
1448 2732 3103 2731 
1449 1518 2501 1651 
1450 2994 3242 2739 
1451 1514 2489 1658 
1452 2094 2096 2093 
1453 2314 3249 1801 
1454 332 3290 816 
1455 532 3161 522 
1456 115 2499 1069 
1457 2033 3446 3402 
1458 3375 3548 1615 
1459 245 2510 1686 
1460 2562 3030 2478 
1461 787 2621 785 
1462 1496 2520 1498 
1463 162 2469 161 
1464 2365 2821 2820 
1465 1027 2540 1026 
1466 875 2984 944 
1467 2961 3238 2444 
1468 1269 3473 3118 
1469 2210 3388 1938 
1470 61 2479 60 
1471 431 3057 477 
1472 2966 3170 2784 
1473 1026 2540 1189 
1474 2310 2522 1913 
1475 862 2619 2483 
1476 60 2479 605 
1477 429 3167 2432 
1478 2861 3457 1948 
1479 679 3357 2721 
1480 1776 2738 2504 
1481 2483 2620 862 
1482 2127 3229 2076 
1483 1133 3129 2739 
1484 2096 2457 2122 
1485 577 3323 3027 
1486 163 2475 365 
1487 3012 3334 2640 
1488 2825 3394 2826 
1489 1008 2521 1005 
1490 161 2469 1067 
1491 789 2619 862 
1492 586 2738 1776 
1493 921 2680 2678 
1494 2927 3239 1715 
1495 490 3063 492 
1496 613 2516 701 
1497 3214 3241 1746 
1498 44 2670 559 
1499 2821 2822 2820 
1500 1086 2467 2466 
1501 2807 3224 3078 
1502 1005 2521 1004 
1503 3267 3501 2746 
1504 2007 3451 2326 
1505 144 2362 1070 
1506 2826 3399 2827 
1507 1076 2575 1707 
1508 670 2545 766 
1509 2707 3104 1151 
1510 2693 2758 2112 
1511 2792 2795 2794 
1512 2456 3063 1316 
1513 65 2547 1062 
1514 722 2612 2484 
1515 2452 3044 1778 
1516 2086 2087 2085 
1517 2765 3328 951 
1518 2356 3372 3361 
1519 2457 2458 2122 
1520 2487 2971 856 
1521 2365 2820 2819 
1522 2670 2671 559 
1523 2445 3167 3031 
1524 2121 2537 2100 
1525 2094 2097 2096 
1526 1222 2630 1224 
1527 2504 2739 1776 
1528 1099 3516 2340 
1529 318 2411 820 
1530 1314 2533 2447 
1531 2549 2550 1121 
1532 757 2347 2346 
1533 2433 3568 2977 
1534 2097 2098 2096 
1535 1523 3088 1667 
1536 1938 3383 1939 
1537 1758 2628 1756 
1538 2618 3441 1750 
1539 276 1684 275 
1540 2096 2122 2093 
1541 2157 2459 2424 
1542 1246 2562 2531 
1543 2484 2518 722 
1544 2663 3433 3424 
1545 2638 3508 3357 
1546 727 3517 2552 
1547 2670 2672 2671 
1548 2743 3220 832 
1549 819 3387 2790 
1550 1081 2486 1084 
1551 1331 3163 424 
1552 1435 2813 2801 
1553 1316 3063 497 
1554 1782 2561 1559 
1555 2363 2366 2364 
1556 1510 2507 1657 
1557 1994 3015 2505 
1558 627 3163 2935 
1559 1886 2551 1390 
1560 2157 2424 1647 
1561 1993 3538 3437 
1562 2121 2538 2537 
1563 1224 2630 1562 
1564 1781 2950 2735 
1565 1496 1498 1497 
1566 2154 3274 3156 
1567 1011 2532 1012 
1568 828 2619 789 
1569 3154 3281 2612 
1570 1797 2561 2542 
1571 385 3423 2838 
1572 2862 3487 1341 
1573 2832 3266 3264 
1574 2894 3395 950 
1575 1196 3157 3156 
1576 2936 3057 627 
1577 3203 3413 1168 
1578 1124 3290 331 
1579 2564 2565 2547 
1580 1084 1416 1415 
1581 2817 2985 1773 
1582 966 2502 1222 
1583 666 2514 238 
1584 1913 2522 1912 
1585 314 2607 315 
1586 2743 3056 2004 
1587 820 2549 319 
1588 1064 2533 1314 
1589 1512 2489 1514 
1590 2100 2537 2098 
1591 3185 3552 1852 
1592 2517 3166 2516 
1593 2652 2653 1959 
1594 2005 3325 2006 
1595 1425 2601 1922 
1596 2365 2819 2363 
1597 2532 3199 2533 
1598 274 2448 1101 
1599 1498 1500 1499 
1600 2861 3479 3468 
1601 522 3161 2680 
1602 2508 3269 3004 
1603 1516 2501 1518 
1604 512 2643 2441 
1605 1132 3024 3011 
1606 2085 2512 2132 
1607 1500 1503 1501 
1608 428 3163 627 
1609 722 2519 661 
1610 2532 2533 1012 
1611 1196 3209 3157 
1612 239 666 238 
1613 2502 2630 1222 
1614 1938 3388 3383 
1615 135 1072 134 
1616 729 1959 11 
1617 2733 3184 2732 
1618 1140 2907 2906 
1619 1778 3044 637 
1620 3083 3346 2563 
1621 2014 3436 2477 
1622 641 2665 643 
1623 988 3047 1050 
1624 1995 3266 2832 
1625 1692 2555 1700 
1626 2621 2702 785 
1627 2564 2566 2565 
1628 582 2516 613 
1629 2765 3368 2764 
1630 1559 2561 1797 
1631 2521 3211 2000 
1632 2462 2463 2461 
1633 2472 2473 2470 
1634 2464 3385 2012 
1635 2581 2596 2578 
1636 2183 2584 1679 
1637 2503 3288 1156 
1638 1694 2548 1695 
1639 2739 3129 1776 
1640 1416 1913 1912 
1641 3131 3184 2733 
1642 45 2670 44 
1643 2098 2537 2457 
1644 211 2808 7 
1645 2893 3395 2894 
1646 1058 3355 1055 
1647 2164 2257 2165 
1648 2519 3341 3179 
1649 113 1962 112 
1650 2941 3378 478 
1651 639 3044 856 
1652 1498 1499 1497 
1653 3376 3392 2031 
1654 816 2409 2407 
1655 3472 3607 2498 
1656 2317 2468 2318 
1657 1280 2985 2817 
1658 1689 2515 1207 
1659 2465 3286 1779 
1660 1132 3011 2508 
1661 759 2913 265 
1662 1503 1506 1504 
1663 2011 3343 3254 
1664 846 2916 980 
1665 732 2958 2865 
1666 2490 2491 1658 
1667 616 2738 586 
1668 2508 3004 1132 
1669 1852 3484 2661 
1670 2374 3560 1071 
1671 1912 2522 2136 
1672 2553 3234 897 
1673 633 2545 670 
1674 1500 1501 1499 
1675 671 2575 1076 
1676 333 2406 334 
1677 2620 3214 2621 
1678 1685 2558 2557 
1679 2638 3524 3508 
1680 339 2794 821 
1681 1416 1912 1415 
1682 1202 1310 1203 
1683 2097 2099 2098 
1684 951 3328 3320 
1685 1219 2540 1027 
1686 1654 2164 1653 
1687 1508 1653 1506 
1688 2036 3569 2035 
1689 2616 3001 2615 
1690 3331 3473 1177 
1691 2126 2321 2128 
1692 1458 3318 1457 
1693 2098 2457 2096 
1694 2309 2311 2310 
1695 1086 2466 240 
1696 541 3415 577 
1697 2309 2310 1913 
1698 669 3409 2623 
1699 2576 2577 1666 
1700 1222 1223 1221 
1701 338 2794 339 
1702 66 2564 2547 
1703 777 2749 864 
1704 2894 3416 2895 
1705 3005 3367 1328 
1706 144 1070 143 
1707 1315 3334 3012 
1708 3368 3377 2764 
1709 2678 2680 2679 
1710 1538 3146 1214 
1711 1100 2585 102 
1712 856 3044 2487 
1713 2007 3474 3466 
1714 1451 2605 1454 
1715 1529 2576 1666 
1716 522 2680 508 
1717 1419 1715 1219 
1718 2828 2986 1105 
1719 1046 2567 1307 
1720 2596 3088 1525 
1721 2578 2596 1666 
1722 1406 2496 1412 
1723 1419 1921 1715 
1724 264 2913 1140 
1725 950 3395 3377 
1726 2573 3174 1890 
1727 1507 2507 1510 
1728 1402 2598 1404 
1729 1126 2736 2734 
1730 1503 1504 1501 
1731 2534 2598 1402 
1732 1223 2903 1221 
1733 1404 2598 1887 
1734 1496 1497 1495 
1735 2394 2904 2610 
1736 2363 2364 1070 
1737 2801 2813 1775 
1738 1105 2909 2889 
1739 3133 3286 2465 
1740 1059 1060 1058 
1741 65 1062 64 
1742 2735 2950 1126 
1743 966 1222 1221 
1744 542 2560 104 
1745 1568 2601 1425 
1746 862 2621 787 
1747 1310 1446 1311 
1748 1657 2489 1512 
1749 1385 2615 1855 
1750 2806 3183 2807 
1751 3416 3428 2895 
1752 2509 2601 2149 
1753 845 2609 892 
1754 2817 3286 1280 
1755 2531 2744 1246 
1756 1310 1311 1203 
1757 2116 2829 2131 
1758 627 3057 431 
1759 1061 1202 1060 
1760 2164 2165 1653 
1761 3015 3175 2505 
1762 315 2607 811 
1763 1202 1203 1060 
1764 2490 2492 2491 
1765 682 3472 1166 
1766 2136 2262 2152 
1767 175 2556 873 
1768 2027 2866 1387 
1769 1103 3557 2700 
1770 687 2833 1093 
1771 2806 3037 2405 
1772 2833 2834 1093 
1773 1989 3295 2485 
1774 797 2724 833 
1775 1060 2613 1058 
1776 2502 2632 2630 
1777 3564 3570 1020 
1778 2595 2606 2605 
1779 2875 3170 1215 
1780 2099 2100 2098 
1781 2947 3524 2638 
1782 2556 2603 873 
1783 2816 2817 1773 
1784 1506 1507 1504 
1785 1156 3288 3273 
1786 1510 1657 1512 
1787 105 2651 542 
1788 2014 3439 3436 
1789 3621 3627 3363 
1790 1222 1224 1223 
1791 508 2680 921 
1792 729 2652 1959 
1793 3167 3172 2432 
1794 2734 2735 1126 
1795 1697 2722 2536 
1796 2384 2386 2385 
1797 2809 3197 2808 
1798 1224 1225 1223 
1799 1143 2744 1091 
1800 2794 2795 821 
1801 2257 2269 2165 
1802 1390 2551 1394 
1803 477 3057 2505 
1804 1398 2722 1697 
1805 75 2588 824 
1806 2120 2756 2755 
1807 2147 2261 2138 
1808 2732 3184 1329 
1809 2504 2994 2739 
1810 2428 3448 456 
1811 2745 3067 2746 
1812 2131 2693 2114 
1813 2558 2559 2557 
1814 2121 2539 2538 
1815 890 2639 1591 
1816 750 3475 2345 
1817 2605 2606 1454 
1818 2946 3365 2728 
1819 2386 2388 2387 
1820 275 2448 274 
1821 294 473 295 
1822 3037 3105 1324 
1823 2268 2629 1953 
1824 1679 2584 1492 
1825 2483 2948 2620 
1826 1197 3233 1296 
1827 813 2652 729 
1828 2165 2993 1653 
1829 1822 2640 2639 
1830 2382 2384 2383 
1831 1553 2555 1692 
1832 2519 3179 663 
1833 2120 2755 2107 
1834 2270 2993 2165 
1835 1422 3392 3376 
1836 1685 2557 2556 
1837 1079 1082 1081 
1838 3140 3168 2841 
1839 1787 3168 3140 
1840 2731 3103 2735 
1841 1751 3167 2445 
1842 236 756 235 
1843 1700 1915 1694 
1844 2131 2694 2693 
1845 549 3161 532 
1846 3156 3274 1196 
1847 2672 2674 2673 
1848 1417 1919 1418 
1849 1324 3050 3037 
1850 1512 1514 1513 
1851 1812 3219 3160 
1852 2699 2797 1592 
1853 2608 3496 3476 
1854 754 2916 846 
1855 1400 2534 1402 
1856 140 1071 139 
1857 2081 2126 2118 
1858 2567 3302 1307 
1859 2593 2594 1911 
1860 2771 2952 1998 
1861 68 2611 402 
1862 3394 3398 841 
1863 2871 3060 1586 
1864 1505 2520 1496 
1865 2657 2658 1107 
1866 108 823 107 
1867 2505 3057 1994 
1868 828 3173 2619 
1869 527 3102 550 
1870 1514 1516 1515 
1871 1785 2724 797 
1872 1692 1694 1693 
1873 308 481 11 
1874 1189 1417 1190 
1875 2628 3177 1756 
1876 3031 3167 429 
1877 1922 2601 2509 
1878 2485 3295 392 
1879 2545 3059 766 
1880 3087 3182 1640 
1881 1506 2993 1507 
1882 2770 3328 2765 
1883 779 2749 777 
1884 1078 1079 1077 
1885 2749 2750 864 
1886 1215 3170 2965 
1887 1082 2486 1081 
1888 1916 2259 1915 
1889 2114 2693 2112 
1890 2672 2673 2671 
1891 2814 3060 2871 
1892 1494 1496 1495 
1893 991 2828 1105 
1894 1893 3570 3564 
1895 1057 1058 1055 
1896 578 3391 3385 
1897 647 3248 616 
1898 1202 1438 1310 
1899 163 365 162 
1900 402 2566 2564 
1901 2665 3404 643 
1902 1767 2166 1765 
1903 2748 2750 2749 
1904 234 1088 233 
1905 1553 1692 1691 
1906 1324 3105 3058 
1907 2479 2480 605 
1908 850 2669 2664 
1909 1792 3234 2553 
1910 2656 2696 1901 
1911 2084 2086 2085 
1912 2639 2640 1591 
1913 1503 1508 1506 
1914 48 2604 47 
1915 1429 2903 1223 
1916 1093 2636 685 
1917 1113 3406 2633 
1918 274 1101 273 
1919 2586 2587 1999 
1920 1059 1061 1060 
1921 2386 2387 2385 
1922 2388 2389 2387 
1923 1255 2614 1178 
1924 1449 2605 1451 
1925 1004 2521 1356 
1926 695 3056 2743 
1927 1626 2714 1897 
1928 2366 2367 2364 
1929 2664 2669 2666 
1930 1206 3128 1217 
1931 1448 2593 1911 
1932 2121 2754 2539 
1933 1146 3175 3015 
1934 365 2469 162 
1935 1895 2797 2699 
1936 1026 1102 1014 
1937 2608 3582 2436 
1938 1026 1189 1102 
1939 717 2665 641 
1940 1510 1512 1511 
1941 1700 1916 1915 
1942 1551 3135 2667 
1943 215 626 214 
1944 2544 2545 633 
1945 2598 2599 1887 
1946 1545 1647 1312 
1947 2630 2631 1562 
1948 295 2523 296 
1949 1226 1227 1225 
1950 3391 3403 2012 
1951 1514 1658 1516 
1952 1224 1226 1225 
1953 1140 2906 2905 
1954 2138 2224 1919 
1955 2667 3135 2877 
1956 869 2502 966 
1957 2380 2382 2381 
1958 856 2971 2929 
1959 1295 1419 1219 
1960 2464 3370 561 
1961 1105 2986 2909 
1962 2236 2649 2239 
1963 681 3357 679 
1964 1674 2586 1999 
1965 2577 2578 1666 
1966 2259 2260 1915 
1967 240 2466 239 
1968 3315 3316 1469 
1969 2589 3405 2430 
1970 2865 2958 2864 
1971 2791 2911 2793 
1972 2834 3147 1093 
1973 177 1685 176 
1974 1920 2138 1919 
1975 1508 1654 1653 
1976 70 2657 1107 
1977 2791 2793 2792 
1978 1516 1518 1517 
1979 31 1096 30 
1980 473 2523 295 
1981 2348 2627 2625 
1982 1266 3202 3171 
1983 1014 2532 1011 
1984 2447 2555 1553 
1985 819 2789 2788 
1986 2625 2626 747 
1987 1189 1190 1102 
1988 1685 2556 176 
1989 1076 1078 1077 
1990 1692 1700 1694 
1991 1494 1505 1496 
1992 618 2544 633 
1993 659 2612 722 
1994 1330 3276 2574 
1995 1758 3379 2628 
1996 2799 2800 1775 
1997 2471 2472 2470 
1998 2948 3241 2620 
1999 2624 2625 747 
2000 1314 1553 1552 
2001 1319 2696 1617 
2002 2735 3103 1781 
2003 609 3042 2736 
2004 1531 2576 1529 
2005 2610 2904 1977 
2006 2518 2519 722 
2007 718 2884 1785 
2008 1888 2496 1406 
2009 241 1086 240 
2010 1003 1005 1004 
2011 2363 2819 2366 
2012 845 892 813 
2013 878 3173 828 
2014 2678 2679 2676 
2015 2612 3281 2484 
2016 1417 1418 1190 
2017 3273 3288 2553 
2018 2604 2659 47 
2019 693 2743 832 
2020 2697 2698 1741 
2021 966 1221 1220 
2022 1498 1502 1500 
2023 2540 3239 1189 
2024 1446 1447 1311 
2025 1104 3371 924 
2026 1912 2136 1914 
2027 1516 1517 1515 
2028 2679 3321 3278 
2029 1009 1011 1010 
2030 1514 1515 1513 
2031 46 2659 353 
2032 2173 2709 1687 
2033 2615 3001 1855 
2034 1007 1009 1008 
2035 1444 3400 1917 
2036 1007 1008 1005 
2037 103 2560 1100 
2038 231 2634 760 
2039 906 2708 930 
2040 892 2652 813 
2041 1394 2551 1891 
2042 3431 3434 1810 
2043 1597 2026 1943 
2044 1406 1412 1405 
2045 1001 1003 1002 
2046 1377 2737 1380 
2047 1888 2497 2496 
2048 1207 2515 1294 
2049 2430 3405 3398 
2050 1507 1510 1509 
2051 1008 3211 2521 
2052 1091 2744 1242 
2053 1756 3177 1095 
2054 2789 2911 2791 
2055 262 2905 757 
2056 1209 2814 1289 
2057 1012 2533 1064 
2058 2525 3036 2523 
2059 1925 2695 1461 
2060 1268 2696 1319 
2061 3439 3454 487 
2062 1446 1448 1447 
2063 2064 2593 1448 
2064 1607 2742 1610 
2065 969 2639 890 
2066 2405 3183 2806 
2067 2818 2964 2816 
2068 1380 2737 1878 
2069 2041 3182 3087 
2070 1159 2869 1157 
2071 2384 2385 2383 
2072 2468 3028 2318 
2073 657 2612 659 
2074 613 701 645 
2075 1592 2797 1283 
2076 3211 3293 2000 
2077 2789 2791 2788 
2078 1890 3174 959 
2079 1135 3102 527 
2080 105 542 104 
2081 689 2833 687 
2082 402 2564 67 
2083 2551 2552 1891 
2084 1375 2737 1377 
2085 2614 2869 1178 
2086 1314 2447 1553 
2087 1306 2567 1046 
2088 2308 2309 1913 
2089 550 2646 571 
2090 1964 2156 1647 
2091 2800 2801 1775 
2092 3246 3533 530 
2093 1246 2744 1143 
2094 66 2547 65 
2095 1916 2339 2259 
2096 1952 3426 1758 
2097 272 667 271 
2098 212 554 211 
2099 1178 2869 1159 
2100 2101 2103 2100 
2101 1917 2511 2142 
2102 773 2773 2745 
2103 1806 3288 2503 
2104 1106 2701 943 
2105 616 3248 2738 
2106 3037 3050 2405 
2107 896 3440 3428 
2108 1887 1888 1406 
2109 550 3102 2646 
2110 1003 1004 1002 
2111 1624 2714 1626 
2112 2103 2121 2100 
2113 609 2736 599 
2114 2682 2798 2688 
2115 3458 3461 2249 
2116 1665 2576 1531 
2117 1469 3318 1458 
2118 1177 3473 1175 
2119 238 2514 237 
2120 610 630 628 
2121 1421 2952 1193 
2122 1697 2534 1400 
2123 1729 2697 1741 
2124 613 645 644 
2125 1291 2588 76 
2126 1228 1229 1227 
2127 809 2900 2899 
2128 1344 2870 2776 
2129 2729 3144 2726 
2130 2099 2101 2100 
2131 670 765 764 
2132 757 2905 2349 
2133 1404 1406 1405 
2134 2800 2802 2801 
2135 3320 3328 2503 
2136 2004 3220 2743 
2137 2788 2791 1115 
2138 1581 2615 1385 
2139 1356 2000 1782 
2140 674 2769 2033 
2141 1692 1693 1691 
2142 1242 2951 1325 
2143 1965 3112 2740 
2144 2103 2754 2121 
2145 1015 1026 1014 
2146 1723 2999 1740 
2147 482 2982 472 
2148 2960 3142 3008 
2149 1088 2602 233 
2150 1995 3220 3208 
2151 2958 3159 3089 
2152 2784 3254 2966 
2153 2654 2655 1763 
2154 1446 2064 1448 
2155 833 2724 869 
2156 2579 2580 2578 
2157 2066 2174 2067 
2158 2791 2792 1115 
2159 1006 1007 1005 
2160 101 2585 401 
2161 1822 3012 2640 
2162 628 2575 671 
2163 1953 2629 1683 
2164 77 1291 76 
2165 885 2609 845 
2166 2097 2102 2099 
2167 1994 3057 2936 
2168 599 2736 1126 
2169 593 1098 618 
2170 1121 2723 321 
2171 1687 2709 1433 
2172 1553 1691 1552 
2173 2577 2579 2578 
2174 1518 1651 1520 
2175 2816 2964 2815 
2176 1715 2540 1219 
2177 1116 2516 582 
2178 710 2818 596 
2179 2416 2418 2417 
2180 49 1103 48 
2181 1658 2501 1516 
2182 2112 2758 2110 
2183 2400 3035 1755 
2184 633 670 668 
2185 2935 3163 2443 
2186 1697 2535 2534 
2187 1574 2675 1585 
2188 1425 1922 1424 
2189 1894 2663 2662 
2190 1920 2147 2138 
2191 1707 2397 1078 
2192 1402 1404 1403 
2193 2801 3411 1435 
2194 1330 3281 3154 
2195 1079 1081 1080 
2196 1694 1695 1693 
2197 44 559 43 
2198 1076 1077 728 
2199 2739 3242 1133 
2200 1688 3002 2134 
2201 2516 3166 701 
2202 2675 2678 2676 
2203 596 2818 569 
2204 575 3321 549 
2205 1289 2814 1587 
2206 2143 2158 1547 
2207 552 553 538 
2208 2487 3134 2971 
2209 2221 2268 1953 
2210 1404 1405 1403 
2211 675 2762 673 
2212 1618 2654 1763 
2213 1232 1425 1424 
2214 556 566 553 
2215 472 2982 1322 
2216 2747 2749 779 
2217 1081 1084 1083 
2218 2154 3156 2228 
2219 2569 2571 2570 
2220 809 2899 310 
2221 1560 2836 1565 
2222 537 538 525 
2223 1622 2810 1899 
2224 103 1100 102 
2225 1057 1059 1058 
2226 2620 2621 862 
2227 1971 2752 1972 
2228 2831 2833 689 
2229 2850 3406 1113 
2230 1420 1421 1193 
2231 1226 1228 1227 
2232 1769 2957 2864 
2233 1011 1012 1010 
2234 2353 2837 2836 
2235 3208 3220 2004 
2236 9 2334 2329 
2237 582 613 612 
2238 2680 3161 2679 
2239 671 1076 728 
2240 1512 1513 1511 
2241 1394 1891 1396 
2242 1400 1402 1401 
2243 817 2759 35 
2244 1773 2818 2816 
2245 1436 2799 1775 
2246 1620 2810 1622 
2247 2003 3056 2962 
2248 1232 1424 1229 
2249 2452 2707 1990 
2250 1211 3188 995 
2251 701 702 645 
2252 1107 2611 69 
2253 670 766 765 
2254 783 2702 863 
2255 2636 3147 2637 
2256 2201 2830 2829 
2257 1533 1665 1531 
2258 1894 2662 1750 
2259 2681 2798 2682 
2260 2174 2191 2067 
2261 1417 1920 1919 
2262 1518 1519 1517 
2263 555 2761 171 
2264 426 2847 434 
2265 3608 3610 2949 
2266 47 2659 46 
2267 2607 2608 2436 
2268 781 2747 779 
2269 1311 1645 1203 
2270 1448 1911 1449 
2271 2001 2815 1575 
2272 980 2916 1597 
2273 2125 2829 2116 
2274 2686 2997 2885 
2275 1076 1707 1078 
2276 1974 2140 1973 
2277 3169 3483 2617 
2278 2773 3067 2745 
2279 2201 2829 2125 
2280 2173 2713 2709 
2281 524 525 515 
2282 564 1116 582 
2283 1398 1697 1400 
2284 1009 1010 1008 
2285 2744 2951 1242 
2286 1518 1520 1519 
2287 1888 2498 2497 
2288 2104 2105 2103 
2289 2120 2757 2756 
2290 2078 3229 2081 
2291 755 3123 10 
2292 1213 1219 1027 
2293 1356 2521 2000 
2294 2382 2383 2381 
2295 106 2651 105 
2296 1098 2544 618 
2297 2669 3225 2666 
2298 1047 3142 2960 
2299 1770 3008 1354 
2300 1294 1963 1660 
2301 1043 2828 991 
2302 2847 3294 2848 
2303 741 2981 799 
2304 2675 2676 1585 
2305 1630 2753 1896 
2306 1064 1314 1313 
2307 1416 2308 1913 
2308 1991 2825 1614 
2309 618 633 632 
2310 2574 3281 1330 
2311 1565 2836 1884 
2312 1462 2569 2568 
2313 1605 2742 1607 
2314 1832 2770 1833 
2315 2426 2910 1744 
2316 2137 2586 1674 
2317 2709 2713 2710 
2318 2929 2971 2741 
2319 2167 2943 2022 
2320 1990 2707 2429 
2321 1013 1014 1011 
2322 2367 2368 2364 
2323 1616 1750 1323 
2324 974 2766 1761 
2325 1001 1002 999 
2326 456 457 455 
2327 68 402 67 
2328 2702 2703 863 
2329 2741 2742 1605 
2330 812 813 729 
2331 1923 3200 1424 
2332 1833 2770 1836 
2333 1617 2696 2656 
2334 96 2840 351 
2335 952 2852 1111 
2336 1998 2952 1421 
2337 496 2846 1020 
2338 1284 1323 1171 
2339 1994 2936 1708 
2340 697 3056 695 
2341 1922 2509 2139 
2342 101 401 100 
2343 775 2773 773 
2344 1740 2999 2882 
2345 310 2899 311 
2346 2889 2890 913 
2347 2101 2104 2103 
2348 2865 3145 732 
2349 1537 1674 1421 
2350 1700 3253 1916 
2351 2766 3341 1761 
2352 2228 2231 2230 
2353 481 729 11 
2354 766 767 765 
2355 1503 3258 1508 
2356 2491 2501 1658 
2357 571 2646 593 
2358 970 2888 1187 
2359 1727 2880 2697 
2360 2705 3432 2704 
2361 2971 3134 2742 
2362 2745 2746 865 
2363 1824 3148 2027 
2364 36 817 35 
2365 964 999 998 
2366 1208 2849 984 
2367 2140 2149 1973 
2368 2004 3056 2003 
2369 1115 2794 338 
2370 2905 2906 2349 
2371 1666 2596 1527 
2372 337 2788 1115 
2373 1856 3050 1384 
2374 1461 1462 1306 
2375 2300 2306 2299 
2376 2681 2682 1265 
2377 3171 3202 1800 
2378 1172 3009 909 
2379 33 818 32 
2380 1296 3233 1544 
2381 41 652 40 
2382 1028 1029 911 
2383 998 3213 2476 
2384 1972 1973 1568 
2385 2110 2120 2107 
2386 566 587 567 
2387 1413 2696 1268 
2388 38 1297 37 
2389 1660 2648 2066 
2390 1973 2601 1568 
2391 543 2657 71 
2392 932 2708 906 
2393 1600 2614 1255 
2394 1683 1933 1749 
2395 2107 2755 2105 
2396 2569 2570 2568 
2397 2243 2244 2237 
2398 458 459 457 
2399 910 911 850 
2400 1323 1822 1171 
2401 1744 2910 1719 
2402 102 2585 101 
2403 2174 2192 2191 
2404 1972 1974 1973 
2405 262 757 261 
2406 2580 2581 2578 
2407 75 824 74 
2408 2750 2751 864 
2409 1187 1414 1272 
2410 992 2886 1106 
2411 454 455 453 
2412 963 3024 941 
2413 2972 2977 1593 
2414 771 2745 865 
2415 1004 1356 1234 
2416 1368 2760 1790 
2417 2847 2848 1357 
2418 923 3276 1330 
2419 2102 2844 2099 
2420 691 2831 689 
2421 785 2702 783 
2422 2235 2237 2236 
2423 1292 3419 3358 
2424 1529 1666 1527 
2425 2246 2249 2248 
2426 3058 3105 1783 
2427 2139 2265 2150 
2428 2530 3346 2529 
2429 2646 2647 1098 
2430 1674 1999 1998 
2431 3160 3219 1040 
2432 1456 1953 1683 
2433 2557 2603 2556 
2434 1462 2567 1306 
2435 848 850 795 
2436 1084 1415 1085 
2437 1260 2741 1605 
2438 1456 1683 1309 
2439 1683 2629 1933 
2440 2594 2595 1911 
2441 1537 2137 1674 
2442 1396 2722 1398 
2443 2298 2299 1976 
2444 1314 1552 1313 
2445 2637 2638 861 
2446 903 1018 902 
2447 964 998 963 
2448 1635 2715 1696 
2449 622 3042 609 
2450 2116 2131 2114 
2451 854 2762 675 
2452 175 873 174 
2453 1899 2714 1624 
2454 1725 2880 1727 
2455 914 2889 913 
2456 1388 1886 1390 
2457 2134 2173 1687 
2458 70 1107 69 
2459 1356 1782 1559 
2460 869 2724 2502 
2461 1402 1403 1401 
2462 1420 1537 1421 
2463 2043 2623 2042 
2464 2040 2042 1600 
2465 2715 2717 1696 
2466 1759 1760 1755 
2467 1170 1171 969 
2468 1462 2568 2567 
2469 2864 2958 1769 
2470 1802 3217 2667 
2471 800 2981 741 
2472 1575 2815 1089 
2473 2590 2591 931 
2474 67 2564 66 
2475 517 2985 1280 
2476 1231 1232 1229 
2477 1380 1878 1382 
2478 2906 2908 2349 
2479 434 2847 1357 
2480 1784 3086 1169 
2481 1922 2139 1923 
2482 1271 1309 1043 
2483 1284 1616 1323 
2484 1448 1449 1447 
2485 2932 2933 2931 
2486 314 3351 2607 
2487 2298 2300 2299 
2488 737 949 738 
2489 1760 2400 1755 
2490 165 1087 164 
2491 841 3399 2826 
2492 953 2852 952 
2493 768 769 767 
2494 1320 2912 902 
2495 3443 3533 2645 
2496 1238 2877 996 
2497 2242 2252 2251 
2498 1492 2584 1494 
2499 593 2646 1098 
2500 515 2779 501 
2501 1093 3147 2636 
2502 911 2669 850 
2503 2105 2754 2103 
2504 2244 2246 2245 
2505 2930 2932 2931 
2506 1202 2543 1438 
2507 1294 2515 1963 
2508 1398 1400 1399 
2509 2664 2665 717 
2510 2232 2235 2234 
2511 641 643 589 
2512 1688 2134 1687 
2513 910 1028 911 
2514 1264 2681 1265 
2515 2373 2378 2375 
2516 1046 1307 1044 
2517 2523 3036 296 
2518 2231 2232 2230 
2519 1037 1192 1039 
2520 1353 3013 1371 
2521 1618 1763 1620 
2522 2084 2085 2083 
2523 2237 2649 2236 
2524 1562 3062 1226 
2525 2089 2123 2087 
2526 1187 2888 1414 
2527 2049 2812 1820 
2528 1455 2774 1459 
2529 1717 2948 1716 
2530 1842 2893 1849 
2531 984 2849 1212 
2532 1434 1687 1433 
2533 2140 2264 2149 
2534 2831 3264 2833 
2535 1321 1573 1572 
2536 1753 3035 1992 
2537 2581 3088 2596 
2538 703 704 702 
2539 1763 2810 1620 
2540 1752 2675 1574 
2541 2044 2045 2043 
2542 1029 2952 2771 
2543 738 2725 1327 
2544 1300 2955 1582 
2545 1301 2780 1539 
2546 1889 1890 959 
2547 2725 2726 1327 
2548 510 2868 520 
2549 1400 1401 1399 
2550 1626 1897 1628 
2551 2740 3112 1929 
2552 949 1584 738 
2553 2780 2787 1539 
2554 736 2921 715 
2555 1760 2427 2400 
2556 583 3094 615 
2557 706 709 704 
2558 1127 2929 2741 
2559 322 2723 763 
2560 1593 2977 2036 
2561 2804 2805 2517 
2562 2692 2997 2686 
2563 1739 2949 2055 
2564 2804 2806 2805 
2565 765 853 764 
2566 35 2759 34 
2567 1463 3112 1965 
2568 1031 1191 1033 
2569 3174 3256 858 
2570 2703 2704 863 
2571 1617 2654 1618 
2572 525 2590 931 
2573 848 910 850 
2574 438 634 440 
2575 951 3368 2765 
2576 1616 1894 1750 
2577 1718 1744 1719 
2578 1340 2957 1337 
2579 2105 2755 2754 
2580 825 858 857 
2581 766 768 767 
2582 962 963 941 
2583 1000 1001 999 
2584 1345 2870 1344 
2585 366 2917 1114 
2586 2235 2236 2234 
2587 452 453 451 
2588 456 458 457 
2589 1271 1456 1309 
2590 2367 2369 2368 
2591 2602 2635 2634 
2592 735 795 717 
2593 1283 2797 1577 
2594 1404 1887 1406 
2595 858 900 857 
2596 2244 2245 2237 
2597 168 2811 405 
2598 514 515 501 
2599 1754 1755 1753 
2600 342 2842 197 
2601 3498 3553 1180 
2602 2040 2043 2042 
2603 1146 1237 1236 
2604 1199 2955 1300 
2605 1237 1385 1384 
2606 1824 2027 1387 
2607 2839 2840 97 
2608 1282 1283 1279 
2609 420 2847 426 
2610 454 456 455 
2611 434 1357 436 
2612 1636 1637 1635 
2613 1278 2972 1282 
2614 452 454 453 
2615 1209 3060 2814 
2616 1510 1511 1509 
2617 1897 2753 1628 
2618 72 543 71 
2619 700 959 825 
2620 1044 2886 992 
2621 1708 1709 1581 
2622 979 3013 1353 
2623 1337 2957 1769 
2624 464 3073 513 
2625 945 2889 914 
2626 1573 1753 1704 
2627 1933 1935 1934 
2628 3377 3395 2764 
2629 867 903 902 
2630 1228 1231 1229 
2631 1294 1660 1466 
2632 569 2818 1773 
2633 1683 1749 1309 
2634 1567 1568 1425 
2635 2235 2243 2237 
2636 3053 3055 3052 
2637 322 763 323 
2638 2555 3253 1700 
2639 567 3158 553 
2640 891 2888 970 
2641 1963 2648 1660 
2642 1697 2536 2535 
2643 934 2942 1173 
2644 888 2841 836 
2645 2689 3090 2684 
2646 2806 2807 2805 
2647 198 2939 342 
2648 687 1093 685 
2649 2246 2248 2245 
2650 2776 2870 1869 
2651 996 2877 2852 
2652 444 530 446 
2653 1307 2886 1044 
2654 1449 1451 1450 
2655 837 2921 736 
2656 2062 2167 2022 
2657 2244 2247 2246 
2658 564 582 581 
2659 795 2664 717 
2660 3292 3296 1374 
2661 2772 2904 1803 
2662 1354 3008 1352 
2663 1573 1704 1572 
2664 170 2761 1119 
2665 903 3004 1018 
2666 1622 1899 1624 
2667 2734 3144 2729 
2668 1702 2836 1560 
2669 69 2611 68 
2670 2679 3278 2676 
2671 995 3188 1185 
2672 529 2985 517 
2673 446 448 447 
2674 1110 2644 2643 
2675 342 2843 2842 
2676 2066 2067 1661 
2677 832 2832 2831 
2678 930 3033 859 
2679 1199 1300 1299 
2680 2896 2897 810 
2681 770 771 769 
2682 1283 1576 1279 
2683 1441 3110 2065 
2684 630 2575 628 
2685 792 1099 708 
2686 1221 1431 1220 
2687 2039 2040 1600 
2688 727 2891 698 
2689 1370 1433 1248 
2690 2001 2816 2815 
2691 247 2546 1068 
2692 1803 2904 2394 
2693 524 537 525 
2694 2476 3024 963 
2695 2051 3415 3370 
2696 566 567 553 
2697 593 618 617 
2698 2664 2666 2665 
2699 890 1591 888 
2700 561 3385 2464 
2701 699 2962 697 
2702 672 2769 674 
2703 3095 3098 3097 
2704 450 451 449 
2705 2431 2610 1977 
2706 312 2896 810 
2707 792 2038 1099 
2708 858 901 900 
2709 1732 3019 1730 
2710 1840 2893 1842 
2711 2524 2525 2523 
2712 1753 1992 1704 
2713 232 2634 231 
2714 693 832 691 
2715 1591 2841 888 
2716 1871 1872 1407 
2717 1632 1633 1631 
2718 700 825 699 
2719 822 851 723 
2720 1237 3015 1580 
2721 1520 1521 1519 
2722 3115 3157 2845 
2723 1433 2709 1546 
2724 1714 2661 1983 
2725 2200 2201 2125 
2726 772 773 771 
2727 962 964 963 
2728 1620 1622 1621 
2729 1630 1632 1631 
2730 1597 1943 1941 
2731 919 1132 905 
2732 1104 3365 2946 
2733 1502 3258 1500 
2734 2867 3005 658 
2735 2877 3135 2852 
2736 2715 2718 2717 
2737 448 450 449 
2738 1120 2879 2878 
2739 311 2899 2896 
2740 450 452 451 
2741 2104 3092 2109 
2742 1580 1581 1385 
2743 1729 1741 1731 
2744 1730 3019 1745 
2745 1895 2425 1744 
2746 1720 2948 1717 
2747 701 703 702 
2748 1618 1620 1619 
2749 1660 2066 1661 
2750 1319 1617 1570 
2751 1977 2904 1556 
2752 1576 2983 1279 
2753 76 2588 75 
2754 2035 2699 1592 
2755 1577 1718 1717 
2756 557 2950 539 
2757 1116 2517 2516 
2758 1199 1299 1298 
2759 2101 3092 2104 
2760 670 764 668 
2761 725 3064 739 
2762 1300 1301 1299 
2763 71 2657 70 
2764 1488 2938 1491 
2765 1385 1855 1384 
2766 1922 1923 1424 
2767 2099 2844 2101 
2768 1029 1031 1030 
2769 306 1386 307 
2770 448 449 447 
2771 448 1110 450 
2772 771 865 769 
2773 662 2768 852 
2774 773 2745 771 
2775 777 864 775 
2776 1154 1193 1028 
2777 1325 2951 1747 
2778 975 3068 1586 
2779 836 2841 762 
2780 1624 1626 1625 
2781 2327 2963 1843 
2782 819 2788 336 
2783 2002 2912 1320 
2784 2836 2837 1884 
2785 952 954 878 
2786 1614 2825 1613 
2787 2621 3214 2702 
2788 2703 2705 2704 
2789 540 560 541 
2790 1396 1398 1397 
2791 1711 1712 1709 
2792 1723 1740 1725 
2793 2763 2893 1840 
2794 832 2831 691 
2795 901 971 900 
2796 2182 2183 1679 
2797 3089 3159 2921 
2798 655 731 622 
2799 943 2701 874 
2800 1031 2771 1191 
2801 1283 1577 1576 
2802 1711 1713 1712 
2803 95 2944 94 
2804 552 556 553 
2805 867 902 806 
2806 1709 1710 1581 
2807 1718 1719 1717 
2808 1933 1934 1749 
2809 660 2867 658 
2810 850 2664 795 
2811 2893 2894 1849 
2812 783 863 781 
2813 587 610 588 
2814 1075 2953 860 
2815 1617 1618 1570 
2816 1929 3112 1589 
2817 1740 2880 1725 
2818 2013 3296 3292 
2819 263 2905 262 
2820 320 1121 321 
2821 1630 1896 1632 
2822 538 2590 525 
2823 2803 3106 1783 
2824 996 2852 953 
2825 1217 3047 1184 
2826 539 2950 1781 
2827 1706 2455 2454 
2828 695 2743 693 
2829 2042 2614 1600 
2830 1915 2548 1694 
2831 2725 2887 2727 
2832 556 568 566 
2833 564 3106 1116 
2834 991 1105 945 
2835 520 540 521 
2836 789 862 787 
2837 766 3059 768 
2838 1867 1868 1595 
2839 1838 2763 1840 
2840 1120 2878 92 
2841 3254 3343 2966 
2842 2570 2572 2568 
2843 2688 2689 2684 
2844 1622 1624 1623 
2845 2425 2426 1744 
2846 936 2942 934 
2847 1721 2999 1723 
2848 1740 2881 2880 
2849 480 2959 437 
2850 2776 2957 1344 
2851 2659 3126 353 
2852 1156 3320 2503 
2853 2682 2688 2684 
2854 825 857 699 
2855 2508 3011 1759 
2856 2726 3144 1327 
2857 685 2636 683 
2858 2786 2920 2919 
2859 504 3175 1146 
2860 737 1435 949 
2861 1868 2005 1869 
2862 1411 2687 2681 
2863 172 555 171 
2864 904 905 903 
2865 1599 1600 1255 
2866 1554 1801 1762 
2867 698 700 699 
2868 1079 1080 1077 
2869 97 2840 96 
2870 2716 2720 2719 
2871 1123 3053 195 
2872 514 524 515 
2873 1023 1264 1024 
2874 1556 2772 1241 
2875 2085 2132 2083 
2876 2236 2239 2238 
2877 361 2917 366 
2878 732 3159 2958 
2879 705 706 704 
2880 2606 2774 1454 
2881 2326 2940 1847 
2882 185 2934 184 
2883 1322 2937 469 
2884 1674 1998 1421 
2885 1607 1609 1608 
2886 2716 2719 2718 
2887 1264 1265 1024 
2888 1433 1546 1248 
2889 1843 2963 1841 
2890 137 349 136 
2891 537 552 538 
2892 1708 2936 1711 
2893 796 848 795 
2894 1171 2639 969 
2895 1628 2753 1630 
2896 2686 2885 2683 
2897 2864 2957 2776 
2898 964 3177 1000 
2899 1023 1024 972 
2900 1185 1689 1207 
2901 1247 1248 1216 
2902 1792 2553 1804 
2903 1806 2503 1832 
2904 2786 2919 2781 
2905 516 3058 1783 
2906 553 3158 538 
2907 723 2767 664 
2908 1492 1494 1493 
2909 985 2965 927 
2910 1851 1852 1714 
2911 2235 3115 2243 
2912 1237 1384 1236 
2913 1716 2948 2483 
2914 1411 2681 1264 
2915 2783 2872 2786 
2916 739 740 647 
2917 822 855 851 
2918 737 738 731 
2919 1003 1006 1005 
2920 1898 1903 1636 
2921 460 461 459 
2922 988 1050 948 
2923 1580 1708 1581 
2924 768 770 769 
2925 1129 2932 2930 
2926 1580 3015 1994 
2927 525 931 515 
2928 919 3024 1132 
2929 1170 1284 1171 
2930 335 819 336 
2931 707 708 706 
2932 1193 2952 1028 
2933 1119 2811 169 
2934 986 1216 1214 
2935 1090 1097 1089 
2936 2702 3214 2703 
2937 176 2556 175 
2938 718 1785 797 
2939 1244 3030 1246 
2940 1594 1595 1348 
2941 974 1761 982 
2942 1245 1407 1244 
2943 1628 1630 1629 
2944 874 942 826 
2945 1318 3155 973 
2946 2244 2835 2247 
2947 170 1119 169 
2948 3234 3235 897 
2949 929 986 985 
2950 1074 3284 1001 
2951 1009 1013 1011 
2952 2725 2727 2726 
2953 444 446 445 
2954 1713 1851 1714 
2955 1850 2765 2764 
2956 2687 2798 2681 
2957 98 2839 97 
2958 1233 2839 98 
2959 624 3005 595 
2960 992 1106 943 
2961 2247 3203 2246 
2962 1613 2824 2823 
2963 1972 2752 1975 
2964 2826 2827 2824 
2965 1461 2695 1462 
2966 2139 2150 1923 
2967 2189 2190 2163 
2968 442 444 443 
2969 1871 2014 1872 
2970 1260 1605 1604 
2971 1901 2696 1413 
2972 1719 1721 1720 
2973 1727 2697 1729 
2974 901 1023 972 
2975 1301 1539 1299 
2976 1936 2210 1938 
2977 2835 2984 2247 
2978 321 2723 322 
2979 1237 1580 1385 
2980 337 1115 338 
2981 1587 2814 1858 
2982 1626 1628 1627 
2983 1936 1938 1937 
2984 2480 2481 605 
2985 1634 1635 1633 
2986 1708 1711 1709 
2987 2192 2193 2191 
2988 3097 3100 1162 
2989 1414 1672 1272 
2990 168 405 167 
2991 958 1143 1091 
2992 2958 3089 1769 
2993 2301 2302 2300 
2994 1971 1972 1568 
2995 46 353 2 
2996 802 3064 725 
2997 1207 1294 1293 
2998 1698 1977 1556 
2999 446 447 445 
3000 452 512 454 
3001 770 772 771 
3002 1465 1756 1095 
3003 1868 1869 1595 
3004 1612 1613 1611 
3005 2187 2188 1932 
3006 812 2622 883 
3007 844 845 813 
3008 855 955 851 
3009 1735 1743 1737 
3010 357 3006 359 
3011 1409 1411 1264 
3012 1670 1929 1589 
3013 1850 2764 2763 
3014 1997 3173 2983 
3015 2602 2634 232 
3016 2487 3044 2452 
3017 1029 1030 911 
3018 926 929 927 
3019 1129 2930 205 
3020 281 815 282 
3021 283 1118 284 
3022 1855 3001 1987 
3023 325 808 326 
3024 698 699 697 
3025 855 958 955 
3026 1801 1802 1762 
3027 2914 2915 2907 
3028 1761 3189 2955 
3029 1836 2770 1850 
3030 1004 1234 1002 
3031 91 381 90 
3032 149 614 148 
3033 2803 2804 2517 
3034 863 2747 781 
3035 440 442 441 
3036 455 2851 1094 
3037 738 1327 731 
3038 1584 2887 2725 
3039 1610 1611 1609 
3040 663 664 662 
3041 998 2476 963 
3042 1836 1850 1838 
3043 2682 2684 2683 
3044 104 2560 103 
3045 791 792 708 
3046 1368 1790 1579 
3047 3191 3325 2005 
3048 2573 3256 3174 
3049 432 470 425 
3050 2170 2282 2169 
3051 2455 2456 2454 
3052 309 809 310 
3053 339 821 340 
3054 982 1199 1198 
3055 1303 2954 2782 
3056 2780 2919 2787 
3057 2781 2919 2780 
3058 1990 1991 1614 
3059 1884 2351 1881 
3060 2636 2637 861 
3061 1282 1592 1283 
3062 1321 1572 1571 
3063 1605 1607 1606 
3064 719 3150 1360 
3065 1762 2877 1238 
3066 1747 2527 1989 
3067 1783 3105 2803 
3068 312 810 313 
3069 510 520 511 
3070 1554 2772 1803 
3071 2109 3453 2902 
3072 1550 2972 1278 
3073 1244 1246 1143 
3074 908 1016 712 
3075 328 807 329 
3076 1607 1610 1609 
3077 864 2773 775 
3078 869 966 965 
3079 1018 1321 1320 
3080 1792 1804 1793 
3081 199 2970 2939 
3082 698 2891 700 
3083 1630 1631 1629 
3084 1935 1936 1934 
3085 171 2761 170 
3086 2962 3056 697 
3087 710 2964 2818 
3088 1775 2813 716 
3089 776 777 775 
3090 1408 1871 1407 
3091 1577 1717 1716 
3092 1740 2882 2881 
3093 2429 2430 1991 
3094 610 628 611 
3095 197 2842 196 
3096 774 775 773 
3097 1628 1629 1627 
3098 805 806 740 
3099 2022 2943 1671 
3100 2005 2006 1869 
3101 1761 2955 982 
3102 1302 2954 1303 
3103 351 2944 95 
3104 99 1233 98 
3105 318 820 319 
3106 2825 2826 2824 
3107 595 3005 1328 
3108 1029 2771 1031 
3109 2637 2947 2638 
3110 1303 2780 1301 
3111 952 1111 954 
3112 1507 1509 1504 
3113 1975 1976 1974 
3114 3095 3097 3096 
3115 908 1017 1016 
3116 1434 1688 1687 
3117 1850 2763 1838 
3118 2785 2873 2872 
3119 1911 2605 1449 
3120 2225 3260 1928 
3121 683 861 681 
3122 1215 2965 985 
3123 1872 3030 1407 
3124 2243 3115 2845 
3125 2405 3050 1856 
3126 935 937 936 
3127 1302 1303 1301 
3128 768 3059 896 
3129 1713 1714 1712 
3130 1757 1758 1756 
3131 1278 1279 1112 
3132 196 2842 1123 
3133 1206 1217 1184 
3134 1613 2825 2824 
3135 2377 2380 2379 
3136 915 1789 917 
3137 1632 1634 1633 
3138 1865 2991 2990 
3139 2873 2874 2872 
3140 835 2766 974 
3141 1097 1575 1089 
3142 417 730 415 
3143 1146 1236 507 
3144 1721 1723 1722 
3145 1891 2722 1396 
3146 1653 2993 1506 
3147 1560 1565 1254 
3148 2562 2563 2530 
3149 866 3007 867 
3150 1300 1302 1301 
3151 1031 1033 1032 
3152 1250 3222 1444 
3153 1594 1867 1595 
3154 2685 2691 2690 
3155 1267 1268 973 
3156 1325 1747 1705 
3157 1900 1901 1413 
3158 1969 1970 1550 
3159 2727 2728 2726 
3160 1111 1112 954 
3161 1127 2741 1260 
3162 2619 3173 1997 
3163 871 3123 755 
3164 1065 1235 1164 
3165 1235 1560 1254 
3166 3495 3571 2342 
3167 657 3154 2612 
3168 91 2878 381 
3169 1527 2596 1525 
3170 195 3053 194 
3171 560 561 541 
3172 934 1173 932 
3173 1319 1570 1569 
3174 1468 3113 1664 
3175 2023 2062 2022 
3176 2106 2107 2105 
3177 438 440 439 
3178 615 3094 714 
3179 1610 1612 1611 
3180 1723 1725 1724 
3181 644 2884 718 
3182 940 941 919 
3183 1796 3181 1234 
3184 2315 2431 1977 
3185 2528 2529 2527 
3186 2785 2872 2783 
3187 1436 1775 716 
3188 1333 2921 837 
3189 1577 1716 1576 
3190 986 1214 985 
3191 1309 2828 1043 
3192 2960 3008 1770 
3193 967 1065 968 
3194 1123 3054 3053 
3195 504 1146 507 
3196 929 985 927 
3197 1706 2454 1779 
3198 245 1686 244 
3199 801 3101 1168 
3200 958 1091 955 
3201 1573 1754 1753 
3202 308 3410 481 
3203 585 2950 557 
3204 937 938 936 
3205 2228 2230 2229 
3206 1278 1282 1279 
3207 1311 3045 1645 
3208 1719 2910 1721 
3209 1819 2990 1816 
3210 1865 2990 1819 
3211 336 2788 337 
3212 484 495 485 
3213 1554 1762 1238 
3214 714 3096 721 
3215 859 3033 839 
3216 1303 2781 2780 
3217 1822 2639 1171 
3218 569 1773 547 
3219 933 934 932 
3220 1806 1832 1807 
3221 690 691 689 
3222 1097 1706 1575 
3223 1634 1636 1635 
3224 1866 3275 1865 
3225 1852 2661 1714 
3226 1818 1819 1816 
3227 1195 1306 1046 
3228 1356 1559 1234 
3229 1282 2972 1593 
3230 1815 3206 1817 
3231 1131 3006 357 
3232 1133 2975 526 
3233 1565 1884 1881 
3234 1612 1614 1613 
3235 2063 2171 2062 
3236 2192 2194 2193 
3237 554 2808 211 
3238 901 972 971 
3239 964 1000 999 
3240 1033 1035 1034 
3241 1747 2528 2527 
3242 1938 1939 1937 
3243 586 1776 573 
3244 696 698 697 
3245 1790 1792 1791 
3246 1804 1806 1805 
3247 2767 2768 664 
3248 1718 1895 1744 
3249 501 2982 482 
3250 1054 1055 1053 
3251 1714 1983 1712 
3252 1939 3383 3382 
3253 967 968 938 
3254 1102 2532 1014 
3255 1947 2967 1682 
3256 2896 2898 2897 
3257 1558 3108 1231 
3258 1882 2341 1892 
3259 518 2973 500 
3260 1232 1567 1425 
3261 1105 2889 945 
3262 980 1597 990 
3263 1017 1089 1016 
3264 692 693 691 
3265 1173 2708 932 
3266 1597 2916 2026 
3267 2014 2477 1872 
3268 2783 2786 2781 
3269 270 3069 269 
3270 1896 3049 1632 
3271 1806 1807 1805 
3272 628 671 629 
3273 1028 2952 1029 
3274 1212 1304 1253 
3275 1199 1298 1198 
3276 703 705 704 
3277 734 2929 1127 
3278 1109 1889 959 
3279 1792 1793 1791 
3280 1611 2823 1875 
3281 1759 1988 1760 
3282 2859 2862 2857 
3283 867 3007 904 
3284 2683 2885 1265 
3285 866 867 806 
3286 1370 1434 1433 
3287 381 2925 90 
3288 1116 3106 2803 
3289 1997 2983 1576 
3290 458 460 459 
3291 495 510 496 
3292 958 1144 1143 
3293 2035 2700 2699 
3294 877 3139 1799 
3295 1224 1562 1226 
3296 1969 2313 1970 
3297 918 919 905 
3298 1864 1866 1865 
3299 437 2959 435 
3300 625 711 710 
3301 938 1285 936 
3302 2040 2044 2043 
3303 540 541 521 
3304 897 3273 2553 
3305 1277 1278 1112 
3306 198 342 197 
3307 772 774 773 
3308 2980 2981 800 
3309 707 791 708 
3310 937 967 938 
3311 1989 2485 2432 
3312 2727 2946 2728 
3313 204 352 203 
3314 662 852 660 
3315 705 707 706 
3316 1366 2760 1368 
3317 1624 1625 1623 
3318 1039 1042 1041 
3319 2195 2196 2194 
3320 860 906 859 
3321 1643 1907 1906 
3322 93 2945 1120 
3323 1802 2667 1762 
3324 311 2896 312 
3325 1023 1409 1264 
3326 1649 1650 1443 
3327 927 928 925 
3328 935 936 934 
3329 1000 1074 1001 
3330 1855 1856 1384 
3331 1487 2938 1488 
3332 1646 2143 1547 
3333 1704 1774 1572 
3334 2252 2253 2251 
3335 442 443 441 
3336 1833 1836 1835 
3337 1037 1039 1038 
3338 1158 1177 1175 
3339 1555 1556 1241 
3340 625 710 596 
3341 658 3005 624 
3342 1584 2725 738 
3343 1279 2983 1112 
3344 1611 1875 1609 
3345 2319 2353 1702 
3346 2854 2855 1948 
3347 1344 2957 1340 
3348 201 600 200 
3349 1280 3133 506 
3350 599 1126 585 
3351 1556 2904 2772 
3352 1836 1838 1837 
3353 520 521 511 
3354 661 663 662 
3355 694 695 693 
3356 1144 1244 1143 
3357 1800 1900 1413 
3358 1587 1858 1786 
3359 403 3238 2961 
3360 2313 2433 1970 
3361 780 781 779 
3362 835 974 886 
3363 971 973 900 
3364 1325 1705 1326 
3365 2019 3002 1688 
3366 677 854 675 
3367 711 712 710 
3368 3042 3144 2736 
3369 209 406 208 
3370 2868 2976 520 
3371 906 930 859 
3372 927 2965 928 
3373 1698 2315 1977 
3374 2728 2730 2729 
3375 907 932 906 
3376 1803 2314 1801 
3377 205 2930 204 
3378 1126 2950 585 
3379 1239 1554 1238 
3380 1348 2870 1345 
3381 1605 1606 1604 
3382 495 496 485 
3383 635 3104 1778 
3384 778 779 777 
3385 1703 2319 1702 
3386 2730 2732 2731 
3387 1337 1769 1335 
3388 1855 1987 1856 
3389 860 907 906 
3390 1303 2782 2781 
3391 1561 1702 1560 
3392 2741 2971 2742 
3393 96 351 95 
3394 204 2930 352 
3395 381 2926 2925 
3396 1491 1679 1492 
3397 2429 2589 2430 
3398 1018 1320 902 
3399 1634 1898 1636 
3400 2804 3037 2806 
3401 444 445 443 
3402 1035 1037 1036 
3403 1821 2812 2464 
3404 2528 2530 2529 
3405 645 2884 644 
3406 1112 2983 954 
3407 472 1322 469 
3408 974 982 981 
3409 1247 1370 1248 
3410 1637 2715 1635 
3411 1637 2716 2715 
3412 2782 2783 2781 
3413 484 485 470 
3414 2852 3135 1111 
3415 1451 1454 1453 
3416 1757 3180 2209 
3417 1804 1805 1793 
3418 1947 2968 2967 
3419 809 2901 2900 
3420 1612 3134 1748 
3421 1725 1727 1726 
3422 1146 3015 1237 
3423 1622 1623 1621 
3424 2232 2234 2233 
3425 1091 1242 1092 
3426 2676 2677 1585 
3427 713 908 712 
3428 1017 1090 1089 
3429 2222 2223 2221 
3430 1591 3140 2841 
3431 1946 1948 1947 
3432 851 2767 723 
3433 2604 2660 2659 
3434 2989 3072 474 
3435 1111 1277 1112 
3436 1970 2972 1550 
3437 199 2939 198 
3438 382 398 383 
3439 1814 3219 1812 
3440 548 549 532 
3441 1065 1164 968 
3442 1439 1440 1372 
3443 1440 2357 1372 
3444 1607 1608 1606 
3445 1626 1627 1625 
3446 1838 1840 1839 
3447 2478 3030 1872 
3448 2194 2290 2193 
3449 546 547 529 
3450 1242 1325 1243 
3451 1900 2054 1901 
3452 2070 2072 2071 
3453 496 1020 485 
3454 510 511 496 
3455 1613 2823 1611 
3456 1783 3106 528 
3457 1235 1254 1164 
3458 2010 2011 1583 
3459 3094 3096 714 
3460 1537 2148 2137 
3461 2784 2785 2783 
3462 372 3048 375 
3463 1854 3113 1468 
3464 1491 2938 1680 
3465 1565 1881 1566 
3466 206 1129 205 
3467 2010 2574 2011 
3468 1710 2615 1581 
3469 933 935 934 
3470 2682 2683 1265 
3471 1267 1413 1268 
3472 2104 2106 2105 
3473 2875 2876 2873 
3474 93 1120 92 
3475 1110 2645 2644 
3476 1451 1452 1450 
3477 1534 1535 1533 
3478 2930 2931 352 
3479 1946 1947 1682 
3480 1227 3018 1225 
3481 1847 2940 1845 
3482 435 2959 1369 
3483 957 996 953 
3484 924 925 923 
3485 655 737 731 
3486 1838 1839 1837 
3487 2443 2444 1851 
3488 2074 2127 2076 
3489 1216 1538 1214 
3490 1777 2037 1090 
3491 2323 2340 1699 
3492 200 2970 199 
3493 982 2955 1199 
3494 1440 2967 2357 
3495 1820 2812 1818 
3496 761 2766 835 
3497 1617 2656 2654 
3498 1635 1696 1633 
3499 961 962 941 
3500 1749 2986 2828 
3501 2299 2988 1976 
3502 1990 2429 1991 
3503 665 723 664 
3504 724 822 723 
3505 954 3173 878 
3506 1213 1295 1219 
3507 633 668 632 
3508 867 904 903 
3509 997 1238 996 
3510 1542 1547 1201 
3511 1567 1971 1568 
3512 411 2961 1331 
3513 700 1109 959 
3514 959 3174 825 
3515 926 927 925 
3516 971 1267 973 
3517 2135 2799 1436 
3518 1682 2967 1440 
3519 1398 1399 1397 
3520 2709 2710 1546 
3521 1599 2039 1600 
3522 2684 3090 2685 
3523 2050 2051 2049 
3524 874 2701 942 
3525 1680 2184 2182 
3526 1816 2990 1814 
3527 459 486 457 
3528 713 909 908 
3529 1970 2977 2972 
3530 2006 2865 2864 
3531 2086 2119 2088 
3532 598 599 585 
3533 1089 2815 1016 
3534 1546 3065 1248 
3535 508 921 493 
3536 840 859 839 
3537 909 3009 908 
3538 967 2883 1066 
3539 1706 1779 1575 
3540 1790 1791 1579 
3541 1169 3086 978 
3542 659 660 658 
3543 735 796 795 
3544 984 1212 1169 
3545 1012 1064 1063 
3546 1620 1621 1619 
3547 1934 2986 1749 
3548 1277 1550 1278 
3549 3111 3275 1317 
3550 1194 1420 1193 
3551 1583 2954 1302 
3552 774 776 775 
3553 1212 1253 1169 
3554 2728 2729 2726 
3555 391 397 393 
3556 1236 1324 507 
3557 2353 2836 1702 
3558 359 565 361 
3559 1832 1833 1807 
3560 3018 3200 2151 
3561 877 1799 1363 
3562 2168 2740 1929 
3563 2855 2861 1948 
3564 2245 2649 2237 
3565 852 2867 660 
3566 2751 2773 864 
3567 659 661 660 
3568 1582 1583 1302 
3569 1751 1752 1574 
3570 1931 1932 1826 
3571 1949 2854 1946 
3572 2531 2951 2744 
3573 623 3131 898 
3574 842 2928 802 
3575 1680 2938 2185 
3576 1987 2404 1856 
3577 1463 1965 1678 
3578 1680 2185 2184 
3579 1755 3035 1753 
3580 740 3248 647 
3581 2160 2169 1656 
3582 600 2970 200 
3583 608 609 599 
3584 1268 1319 1318 
3585 1494 1495 1493 
3586 1747 1989 1705 
3587 1253 1784 1169 
3588 986 1247 1216 
3589 1239 2772 1554 
3590 1304 1372 1253 
3591 1304 1439 1372 
3592 1936 1937 1934 
3593 661 662 660 
3594 904 918 905 
3595 1281 3038 929 
3596 1235 1561 1560 
3597 984 1169 978 
3598 1842 1849 1844 
3599 2731 2735 2734 
3600 1462 2695 2569 
3601 2742 3134 1610 
3602 2192 2195 2194 
3603 2730 2731 2729 
3604 526 2975 518 
3605 923 1330 899 
3606 1705 3172 1326 
3607 737 2813 1435 
3608 1212 1305 1304 
3609 2774 2775 1459 
3610 2529 3346 3014 
3611 982 1198 981 
3612 2779 2982 501 
3613 594 623 595 
3614 3193 3194 793 
3615 922 923 899 
3616 1544 2070 2069 
3617 739 805 740 
3618 1428 1461 1306 
3619 1681 1945 1682 
3620 2782 2784 2783 
3621 920 2928 842 
3622 531 3129 1133 
3623 664 2768 662 
3624 782 783 781 
3625 1048 1443 871 
3626 2965 2966 928 
3627 1212 2849 1305 
3628 1551 1969 1550 
3629 1946 2854 1948 
3630 2692 2998 2997 
3631 2704 2748 2747 
3632 511 2846 496 
3633 541 577 521 
3634 2785 3170 2875 
3635 196 1123 195 
3636 353 3126 355 
3637 436 438 437 
3638 500 2973 514 
3639 1670 2146 1929 
3640 659 722 661 
3641 671 728 672 
3642 767 3372 765 
3643 1975 2297 1976 
3644 1996 2484 2010 
3645 366 1114 368 
3646 1362 1751 1574 
3647 1996 2010 1583 
3648 1781 3103 3041 
3649 455 1094 453 
3650 635 1778 637 
3651 711 713 712 
3652 893 920 842 
3653 2730 2733 2732 
3654 92 2878 91 
3655 562 578 560 
3656 1769 3089 1335 
3657 1449 1450 1447 
3658 2998 3202 2997 
3659 264 1140 263 
3660 499 519 518 
3661 1015 1027 1026 
3662 1439 1681 1440 
3663 1681 1682 1440 
3664 1748 3134 2487 
3665 1711 2935 1713 
3666 840 860 859 
3667 1010 3211 1008 
3668 2445 2453 1752 
3669 1840 1842 1841 
3670 1554 1803 1801 
3671 786 787 785 
3672 791 3032 792 
3673 1776 3129 573 
3674 839 3033 3032 
3675 1371 3013 1854 
3676 1713 2443 1851 
3677 89 2925 1125 
3678 1225 3018 1429 
3679 1491 1492 1490 
3680 1754 1759 1755 
3681 2736 3144 2734 
3682 2854 2856 2855 
3683 1781 3041 535 
3684 696 697 695 
3685 805 866 806 
3686 2243 2835 2244 
3687 1815 1816 1814 
3688 857 2962 699 
3689 2921 3159 715 
3690 1018 3269 1321 
3691 967 1066 1065 
3692 2146 2168 1929 
3693 788 789 787 
3694 2896 2899 2898 
3695 539 1781 535 
3696 2944 2945 94 
3697 926 1281 929 
3698 407 411 410 
3699 574 575 549 
3700 1441 1771 1770 
3701 2667 3217 1551 
3702 2011 2954 1583 
3703 1864 1865 1819 
3704 1969 2360 2313 
3705 2844 3092 2101 
3706 1582 1996 1583 
3707 2785 2875 2873 
3708 1710 2617 2616 
3709 548 574 549 
3710 2531 2562 2530 
3711 583 596 569 
3712 656 3154 657 
3713 692 694 693 
3714 1285 2942 936 
3715 1748 1990 1614 
3716 1703 2320 2319 
3717 2506 2675 1752 
3718 1841 1978 1839 
3719 359 3006 565 
3720 516 1783 528 
3721 838 839 791 
3722 1265 2885 1024 
3723 370 374 372 
3724 929 3038 986 
3725 1441 1770 1354 
3726 1593 2035 1592 
3727 1024 1266 972 
3728 407 2961 411 
3729 462 463 461 
3730 1355 3110 1441 
3731 2748 2749 2747 
3732 1409 1985 1411 
3733 2297 2298 1976 
3734 790 828 789 
3735 1140 2913 2907 
3736 1566 3034 1254 
3737 1321 1571 1320 
3738 623 656 624 
3739 907 933 932 
3740 2808 3197 1128 
3741 1725 1726 1724 
3742 2704 2747 863 
3743 1786 3314 3297 
3744 839 3032 791 
3745 1771 1772 1770 
3746 565 2917 361 
3747 378 382 379 
3748 370 372 371 
3749 467 483 465 
3750 1127 1260 1259 
3751 1555 1698 1556 
3752 1000 3177 2628 
3753 432 484 470 
3754 517 1280 506 
3755 784 785 783 
3756 1902 3202 2998 
3757 976 1172 909 
3758 1064 1313 1276 
3759 1670 2943 2146 
3760 590 641 589 
3761 1260 1604 1603 
3762 1618 1619 1570 
3763 2716 2718 2715 
3764 690 692 691 
3765 734 1127 830 
3766 1719 1720 1717 
3767 1803 2394 2314 
3768 533 3041 548 
3769 889 890 888 
3770 910 1154 1028 
3771 1334 1335 1333 
3772 1343 1344 1340 
3773 146 345 145 
3774 639 856 654 
3775 1800 1902 1900 
3776 558 569 547 
3777 584 585 557 
3778 623 898 656 
3779 1729 1731 1730 
3780 613 644 612 
3781 829 878 828 
3782 1266 3171 972 
3783 1491 1680 1679 
3784 355 1131 357 
3785 574 594 575 
3786 1144 1245 1244 
3787 1680 2182 1679 
3788 1840 1841 1839 
3789 2684 2685 2683 
3790 500 501 482 
3791 1830 2213 2212 
3792 2050 2052 2051 
3793 457 2851 455 
3794 857 3155 2962 
3795 2858 2859 2857 
3796 582 612 581 
3797 1017 1777 1090 
3798 1373 3070 1780 
3799 355 357 356 
3800 372 375 373 
3801 884 885 845 
3802 1214 1215 985 
3803 2230 2650 2229 
3804 519 526 518 
3805 642 717 641 
3806 1881 1882 1566 
3807 1945 1946 1682 
3808 191 1137 190 
3809 359 361 360 
3810 776 778 777 
3811 2856 2857 2855 
3812 1300 1582 1302 
3813 1805 3025 1808 
3814 898 899 656 
3815 1325 1326 1243 
3816 2711 3065 1546 
3817 1821 2012 1864 
3818 440 441 439 
3819 968 3080 938 
3820 1723 1724 1722 
3821 2760 3235 3234 
3822 475 493 474 
3823 1268 1318 973 
3824 768 896 770 
3825 879 3165 956 
3826 2001 2817 2816 
3827 3054 3055 3053 
3828 1145 3040 389 
3829 2815 2964 1016 
3830 1565 1566 1254 
3831 404 1332 400 
3832 1352 3007 866 
3833 1091 1092 955 
3834 986 3038 1247 
3835 1349 1594 1348 
3836 1590 1670 1589 
3837 494 508 493 
3838 523 532 522 
3839 912 1333 837 
3840 1749 2828 1309 
3841 2053 3087 1640 
3842 1850 2770 2765 
3843 353 355 354 
3844 741 799 720 
3845 778 780 779 
3846 838 840 839 
3847 1727 1729 1728 
3848 2524 2526 2525 
3849 449 479 447 
3850 396 3031 429 
3851 1439 1957 1681 
3852 1945 1949 1946 
3853 155 601 154 
3854 618 632 617 
3855 1412 2706 1405 
3856 615 625 596 
3857 2894 2895 1849 
3858 1885 2046 1859 
3859 694 696 695 
3860 975 977 976 
3861 509 522 508 
3862 918 940 919 
3863 997 1239 1238 
3864 233 2602 232 
3865 89 1125 88 
3866 829 3165 879 
3867 1612 1748 1614 
3868 584 3124 598 
3869 1343 2969 1346 
3870 1821 1864 1819 
3871 3081 3120 3080 
3872 396 429 394 
3873 2236 2238 2234 
3874 551 3129 531 
3875 1488 1491 1490 
3876 1641 2053 1640 
3877 1842 1843 1841 
3878 473 2524 2523 
3879 597 3124 584 
3880 1821 2464 2012 
3881 411 423 410 
3882 707 3078 838 
3883 2021 2022 1671 
3884 1818 2812 1821 
3885 1757 1952 1758 
3886 1841 2963 1978 
3887 3017 3021 3020 
3888 1557 1558 1231 
3889 1818 1821 1819 
3890 1954 2221 1953 
3891 169 2811 168 
3892 1216 3065 1538 
3893 2291 2979 1308 
3894 152 343 151 
3895 390 603 388 
3896 882 2868 510 
3897 535 3041 533 
3898 583 615 596 
3899 856 2929 654 
3900 2006 2776 1869 
3901 2046 3539 3417 
3902 158 341 157 
3903 357 359 358 
3904 533 548 532 
3905 544 3104 570 
3906 922 924 923 
3907 1242 1243 1092 
3908 86 3076 85 
3909 1024 2885 1266 
3910 1676 1930 1649 
3911 361 366 362 
3912 368 370 369 
3913 657 659 658 
3914 2433 2977 1970 
3915 366 368 367 
3916 1593 2036 2035 
3917 1747 2951 2528 
3918 509 523 522 
3919 1164 1261 968 
3920 1209 1288 1208 
3921 1226 3062 1228 
3922 1751 2445 1752 
3923 432 3051 484 
3924 924 926 925 
3925 3315 3317 3316 
3926 1261 3080 968 
3927 1277 1551 1550 
3928 1234 3181 1002 
3929 1721 1722 1720 
3930 1836 1837 1835 
3931 649 2992 625 
3932 1116 2803 2517 
3933 1241 2772 1239 
3934 1772 2960 1770 
3935 595 1328 575 
3936 657 658 624 
3937 937 2883 967 
3938 1048 1649 1443 
3939 1799 1885 1859 
3940 1743 3608 2949 
3941 640 647 616 
3942 435 1369 433 
3943 1334 1336 1335 
3944 404 3072 1332 
3945 434 436 435 
3946 725 739 647 
3947 958 3192 1144 
3948 1225 1429 1223 
3949 2667 2877 1762 
3950 1817 3206 2047 
3951 594 595 575 
3952 1407 3030 1244 
3953 1585 3070 1373 
3954 1972 1975 1974 
3955 2213 2275 2212 
3956 2380 2381 2379 
3957 603 3014 388 
3958 422 474 408 
3959 3402 3446 1598 
3960 540 562 560 
3961 558 583 569 
3962 2528 2531 2530 
3963 57 348 56 
3964 269 3069 758 
3965 1289 1464 1463 
3966 1731 1733 1732 
3967 2027 3255 2866 
3968 983 1208 984 
3969 2900 2902 2898 
3970 2913 2914 2907 
3971 1454 2774 1455 
3972 546 558 547 
3973 1833 1835 1834 
3974 514 1108 524 
3975 548 1329 574 
3976 88 2995 87 
3977 615 649 625 
3978 1267 1800 1413 
3979 1347 1350 1349 
3980 1916 3253 2401 
3981 1817 1818 1816 
3982 2048 2049 1820 
3983 579 589 578 
3984 879 952 878 
3985 1577 2797 1718 
3986 2303 2304 2302 
3987 408 3072 404 
3988 1807 3025 1805 
3989 110 1290 109 
3990 1332 3031 400 
3991 1454 1455 1453 
3992 1663 1950 1467 
3993 2453 2506 1752 
3994 375 378 376 
3995 2149 2601 1973 
3996 2859 2863 2862 
3997 663 665 664 
3998 2890 3022 913 
3999 1378 2031 1376 
4000 1408 1876 1871 
4001 1845 2940 2327 
4002 299 344 300 
4003 2885 2997 1266 
4004 389 390 388 
4005 1377 1380 1379 
4006 1606 2034 1604 
4007 301 1183 302 
4008 382 383 379 
4009 654 2929 734 
4010 941 3024 919 
4011 1336 1337 1335 
4012 1347 1348 1345 
4013 1353 1354 1352 
4014 370 2978 374 
4015 1294 1466 1293 
4016 1326 1362 1361 
4017 957 997 996 
4018 1671 2943 1670 
4019 1289 1463 1288 
4020 1678 3221 1288 
4021 780 782 781 
4022 1261 3081 3080 
4023 796 849 848 
4024 974 981 886 
4025 1463 1678 1288 
4026 460 462 461 
4027 977 978 976 
4028 977 983 978 
4029 2432 3172 1705 
4030 386 1359 384 
4031 465 3125 463 
4032 1926 2154 2153 
4033 2962 3155 2003 
4034 584 598 585 
4035 1845 2327 1843 
4036 438 439 437 
4037 1231 3108 1232 
4038 1045 1046 1044 
4039 2803 3105 2804 
4040 831 837 736 
4041 933 939 935 
4042 975 1586 977 
4043 1031 1032 1030 
4044 1394 1396 1395 
4045 940 961 941 
4046 1883 3034 1566 
4047 90 2925 89 
4048 1140 2905 263 
4049 983 984 978 
4050 1248 3065 1216 
4051 1228 1557 1231 
4052 1989 2432 1705 
4053 1813 1814 1812 
4054 2269 2270 2165 
4055 2979 3039 3016 
4056 1151 3104 544 
4057 528 3106 545 
4058 1061 2543 1202 
4059 355 356 354 
4060 798 3150 719 
4061 1580 1994 1708 
4062 1298 1673 1308 
4063 1561 1703 1702 
4064 1733 1735 1734 
4065 2291 3039 2979 
4066 2660 3126 2659 
4067 1339 1340 1337 
4068 2477 2478 1872 
4069 2006 2864 2776 
4070 2239 2240 2238 
4071 979 1352 866 
4072 1639 1640 1287 
4073 1909 3132 1642 
4074 1937 2986 1934 
4075 2471 2474 2472 
4076 194 3053 3052 
4077 361 362 360 
4078 368 369 367 
4079 366 367 362 
4080 547 2985 529 
4081 1574 1585 1373 
4082 2640 3140 1591 
4083 545 3106 564 
4084 2232 2233 2230 
4085 2849 3221 3212 
4086 1103 2604 48 
4087 683 2636 861 
4088 898 922 899 
4089 1006 1387 1007 
4090 1042 1257 1041 
4091 1595 2870 1348 
4092 1532 1533 1531 
4093 504 507 505 
4094 1016 2964 712 
4095 1859 1993 1363 
4096 467 2937 483 
4097 572 573 551 
4098 1209 1289 1288 
4099 1441 2065 1771 
4100 304 377 305 
4101 403 404 400 
4102 1799 1859 1363 
4103 353 354 2 
4104 387 1145 389 
4105 570 635 597 
4106 598 608 599 
4107 1040 3219 2991 
4108 623 624 595 
4109 705 3078 707 
4110 1339 1342 1340 
4111 422 475 474 
4112 1869 2870 1595 
4113 469 2937 467 
4114 2979 3016 981 
4115 1779 2001 1575 
4116 851 3046 2767 
4117 1305 3143 1304 
4118 387 388 386 
4119 395 1136 399 
4120 2928 3064 802 
4121 975 976 909 
4122 370 371 369 
4123 383 384 379 
4124 3017 3020 303 
4125 514 2973 1108 
4126 1520 1522 1521 
4127 2731 2734 2729 
4128 879 953 952 
4129 640 725 647 
4130 877 946 876 
4131 893 3022 920 
4132 656 657 624 
4133 468 469 467 
4134 507 3058 505 
4135 876 912 837 
4136 955 3046 851 
4137 1033 1034 1032 
4138 502 1316 497 
4139 505 3058 516 
4140 1052 1054 1053 
4141 549 3321 3161 
4142 912 1338 1334 
4143 357 358 356 
4144 375 376 373 
4145 400 3031 396 
4146 443 1174 441 
4147 1127 1259 830 
4148 1304 3143 1439 
4149 2899 2900 2898 
4150 375 3048 1130 
4151 481 3410 2622 
4152 607 616 586 
4153 696 727 698 
4154 1012 1063 1010 
4155 1343 1345 1344 
4156 2021 2023 2022 
4157 1282 1593 1592 
4158 637 639 638 
4159 875 943 874 
4160 383 385 384 
4161 899 3154 656 
4162 713 975 909 
4163 1092 3046 955 
4164 1373 1780 1361 
4165 1508 3258 1764 
4166 860 2953 907 
4167 1790 3234 1792 
4168 494 509 508 
4169 1227 3200 3018 
4170 1713 2935 2443 
4171 1748 2452 1990 
4172 1037 1038 1036 
4173 1362 1574 1373 
4174 1587 1786 1588 
4175 1664 3113 2009 
4176 2710 2712 2711 
4177 625 2992 711 
4178 702 1113 645 
4179 359 360 358 
4180 635 637 636 
4181 961 1095 962 
4182 1846 2028 1848 
4183 1974 2988 2140 
4184 2154 2228 2227 
4185 372 373 371 
4186 430 3141 1153 
4187 493 2989 474 
4188 1111 3135 1277 
4189 2910 2999 1721 
4190 1772 3344 2960 
4191 731 3042 622 
4192 1257 1877 1601 
4193 2084 2642 2086 
4194 382 412 398 
4195 831 876 837 
4196 378 379 376 
4197 580 586 573 
4198 774 950 776 
4199 571 593 592 
4200 734 830 736 
4201 831 877 876 
4202 1588 1589 1464 
4203 1830 2212 2211 
4204 1996 2518 2484 
4205 983 1209 1208 
4206 1727 1728 1726 
4207 413 1142 398 
4208 782 784 783 
4209 1833 1834 1807 
4210 391 3040 397 
4211 2946 3371 1104 
4212 1362 1373 1361 
4213 297 1134 298 
4214 407 408 404 
4215 570 3104 635 
4216 1729 1730 1728 
4217 461 2956 459 
4218 707 838 791 
4219 2110 2758 2120 
4220 375 1130 378 
4221 830 831 736 
4222 688 690 689 
4223 1673 2289 1308 
4224 1835 1979 1834 
4225 523 533 532 
4226 1336 1341 1339 
4227 1114 2978 368 
4228 403 2961 407 
4229 355 3126 1131 
4230 395 396 394 
4231 1336 1339 1337 
4232 1347 1349 1348 
4233 1349 1596 1594 
4234 2047 2048 1820 
4235 1844 1845 1843 
4236 2856 2858 2857 
4237 536 1151 544 
4238 577 3027 3026 
4239 653 732 638 
4240 833 869 868 
4241 1104 3369 3365 
4242 1368 1579 1578 
4243 1245 1408 1407 
4244 1319 1569 1318 
4245 1664 2009 2008 
4246 2006 3325 2865 
4247 498 504 503 
4248 1260 1603 1259 
4249 426 432 425 
4250 475 494 493 
4251 1270 1271 1043 
4252 1571 2504 2002 
4253 1939 2909 1937 
4254 2814 2871 1858 
4255 391 392 390 
4256 411 424 423 
4257 1035 1036 1034 
4258 1660 1661 1466 
4259 411 1331 424 
4260 2591 2592 931 
4261 399 403 400 
4262 466 467 465 
4263 490 492 476 
4264 545 564 563 
4265 570 597 584 
4266 887 1274 889 
4267 1710 2616 2615 
4268 822 1787 855 
4269 477 2505 491 
4270 570 584 557 
4271 688 689 687 
4272 703 1358 705 
4273 1013 1015 1014 
4274 471 472 469 
4275 973 3155 900 
4276 938 3080 1285 
4277 1298 1308 1198 
4278 1289 1587 1464 
4279 1405 1430 1403 
4280 412 413 398 
4281 1771 1940 1772 
4282 2506 2678 2675 
4283 468 1141 471 
4284 407 410 408 
4285 474 3072 408 
4286 418 419 417 
4287 2677 3070 1585 
4288 1842 1844 1843 
4289 2048 2050 2049 
4290 607 640 616 
4291 714 720 649 
4292 1221 2903 1431 
4293 1465 1757 1756 
4294 2298 2301 2300 
4295 544 557 539 
4296 1371 1854 1468 
4297 391 393 392 
4298 834 1252 798 
4299 1555 3000 1698 
4300 2007 2326 1847 
4301 2028 2029 1848 
4302 1342 2969 1343 
4303 1815 1817 1816 
4304 464 513 466 
4305 639 654 653 
4306 902 2912 806 
4307 877 1363 946 
4308 912 1334 1333 
4309 1066 3196 1065 
4310 1557 1699 1558 
4311 389 391 390 
4312 420 425 419 
4313 464 465 463 
4314 1039 1041 1038 
4315 1664 2008 1960 
4316 1799 3215 1885 
4317 2090 2095 2092 
4318 161 1067 160 
4319 374 3048 372 
4320 387 389 388 
4321 476 3141 430 
4322 495 882 510 
4323 1424 3200 1229 
4324 1805 1808 1793 
4325 536 539 535 
4326 654 715 653 
4327 534 535 533 
4328 2148 2263 2137 
4329 403 407 404 
4330 648 655 622 
4331 642 735 717 
4332 1405 2706 1430 
4333 2858 2860 2859 
4334 54 602 53 
4335 655 2813 737 
4336 1698 3000 2325 
4337 478 482 472 
4338 548 3041 1329 
4339 556 3079 568 
4340 1161 3230 843 
4341 2895 3195 1849 
4342 2008 2214 1960 
4343 378 3153 382 
4344 786 788 787 
4345 87 2995 489 
4346 193 364 192 
4347 367 487 362 
4348 475 841 494 
4349 1716 2483 1997 
4350 500 514 501 
4351 1198 2979 981 
4352 2003 3155 1318 
4353 1359 3083 3082 
4354 944 992 943 
4355 1023 3256 1409 
4356 302 3017 303 
4357 393 394 392 
4358 796 3121 1021 
4359 1308 2979 1198 
4360 1826 3148 1824 
4361 410 422 408 
4362 922 1104 924 
4363 956 957 953 
4364 1907 1908 1906 
4365 303 3020 304 
4366 979 1353 1352 
4367 1774 2994 1572 
4368 635 636 597 
4369 2973 2974 1108 
4370 1716 1997 1576 
4371 1165 2030 1436 
4372 1256 1599 1255 
4373 1602 1812 1258 
4374 1978 3107 1839 
4375 389 3040 391 
4376 151 3119 150 
4377 385 387 386 
4378 395 399 396 
4379 399 400 396 
4380 393 395 394 
4381 428 627 431 
4382 471 478 472 
4383 639 653 638 
4384 1975 2752 2668 
4385 1346 1347 1345 
4386 499 500 482 
4387 784 786 785 
4388 1587 1588 1464 
4389 1882 1892 1883 
4390 1975 2668 2297 
4391 2437 3594 3279 
4392 1932 3148 1826 
4393 189 3091 188 
4394 637 638 636 
4395 654 734 715 
4396 939 3117 935 
4397 1844 1846 1845 
4398 536 544 539 
4399 416 417 415 
4400 956 1366 1019 
4401 1418 1984 1190 
4402 2081 3229 2126 
4403 534 536 535 
4404 1943 2276 1941 
4405 619 622 609 
4406 887 889 888 
4407 1435 3386 949 
4408 1813 1815 1814 
4409 523 534 533 
4410 1240 1241 1239 
4411 1965 2180 1678 
4412 1602 1813 1812 
4413 2504 2738 2002 
4414 502 2465 1316 
4415 734 736 715 
4416 1366 1368 1367 
4417 1791 1794 1579 
4418 3008 3142 3007 
4419 636 1365 597 
4420 827 874 826 
4421 1352 3008 3007 
4422 1353 1371 1355 
4423 1780 3164 1361 
4424 385 386 384 
4425 1021 3121 1870 
4426 790 829 828 
4427 887 888 836 
4428 3016 3039 1274 
4429 1588 1590 1589 
4430 1360 3231 646 
4431 1588 3136 1590 
4432 499 518 500 
4433 1353 1355 1354 
4434 222 745 221 
4435 225 746 224 
4436 545 546 529 
4437 2180 2181 1678 
4438 3226 3300 2233 
4439 801 826 800 
4440 3007 3142 904 
4441 1326 1361 1243 
4442 1548 2316 1966 
4443 2289 2291 1308 
4444 414 415 413 
4445 546 3186 558 
4446 715 3159 653 
4447 186 1188 185 
4448 615 714 649 
4449 840 1075 860 
4450 1333 3089 2921 
4451 1846 1847 1845 
4452 1773 2985 547 
4453 594 3131 623 
4454 1735 1737 1736 
4455 2685 2686 2683 
4456 269 758 268 
4457 1343 1346 1345 
4458 1455 1457 1453 
4459 1979 2352 1834 
4460 2023 2063 2062 
4461 544 570 557 
4462 1748 2487 2452 
4463 3099 3100 3097 
4464 1327 3042 731 
4465 805 979 866 
4466 1030 2669 911 
4467 2685 3090 2691 
4468 149 2853 614 
4469 1718 2797 1895 
4470 1828 3186 563 
4471 1355 1441 1354 
4472 1559 1797 1796 
4473 1731 1732 1730 
4474 231 760 230 
4475 249 650 248 
4476 368 2978 370 
4477 2844 3093 3092 
4478 1468 1663 1467 
4479 1733 1734 1732 
4480 2528 2951 2531 
4481 993 1044 992 
4482 3098 3099 3097 
4483 1125 2995 88 
4484 2991 3111 1040 
4485 188 3091 409 
4486 252 744 251 
4487 257 1139 256 
4488 259 747 258 
4489 266 759 265 
4490 373 881 371 
4491 3080 3120 1285 
4492 829 879 878 
4493 1579 3130 1578 
4494 1293 3128 1206 
4495 1328 3367 3278 
4496 1817 1820 1818 
4497 2232 3115 2235 
4498 439 480 437 
4499 1632 3049 1634 
4500 184 2934 591 
4501 255 743 254 
4502 761 3179 2766 
4503 3068 3270 1586 
4504 1916 2401 2339 
4505 1021 1870 1262 
4506 3041 3103 1329 
4507 436 437 435 
4508 1324 3058 507 
4509 1275 1465 1095 
4510 1524 1652 1526 
4511 2710 2711 1546 
4512 999 3181 998 
4513 1467 3110 1355 
4514 1025 1043 991 
4515 1359 3082 384 
4516 1251 1555 1241 
4517 712 2964 710 
4518 788 790 789 
4519 1569 2004 2003 
4520 1629 1853 1627 
4521 960 991 945 
4522 921 2989 493 
4523 2767 3263 2768 
4524 478 499 482 
4525 1523 1667 1521 
4526 1711 2936 2935 
4527 430 1153 427 
4528 2505 3175 491 
4529 826 2980 800 
4530 1664 1960 1663 
4531 25 748 24 
4532 28 749 27 
4533 714 721 720 
4534 1839 3107 1837 
4535 1342 1343 1340 
4536 2126 2128 2118 
4537 649 3043 2992 
4538 1288 3221 1208 
4539 1451 1453 1452 
4540 1834 3025 1807 
4541 580 607 586 
4542 2751 3067 2773 
4543 564 581 563 
4544 674 2033 676 
4545 956 3165 1366 
4546 3065 3066 1538 
4547 2341 2342 1892 
4548 2711 3066 3065 
4549 1384 3050 1236 
4550 981 3016 886 
4551 3212 3221 2181 
4552 519 1135 527 
4553 1371 1468 1467 
4554 581 1828 563 
4555 379 3082 376 
4556 463 1148 461 
4557 1130 3153 378 
4558 528 529 517 
4559 1590 1671 1670 
4560 364 3010 192 
4561 1183 3017 302 
4562 1812 3160 1258 
4563 87 489 86 
4564 424 427 423 
4565 343 3119 151 
4566 1187 1272 1204 
4567 1759 3011 1988 
4568 1830 3232 2213 
4569 1979 2428 2352 
4570 931 2779 515 
4571 1371 1467 1355 
4572 1837 3127 1835 
4573 879 956 953 
4574 3278 3321 1328 
4575 1634 3049 1898 
4576 887 3016 1274 
4577 1247 3038 1809 
4578 82 1150 81 
4579 256 3074 255 
4580 468 471 469 
4581 942 2980 826 
4582 1017 3009 1777 
4583 1174 3077 441 
4584 1830 2211 1829 
4585 686 687 685 
4586 1048 1676 1649 
4587 1455 1459 1458 
4588 531 1133 526 
4589 572 580 573 
4590 1609 3061 1608 
4591 2646 3102 2647 
4592 51 347 50 
4593 191 3010 1137 
4594 780 951 782 
4595 2909 2986 1937 
4596 483 3125 465 
4597 1358 3078 705 
4598 1640 3182 1287 
4599 2792 2794 1115 
4600 304 3020 377 
4601 900 3155 857 
4602 916 945 914 
4603 1698 2325 2315 
4604 1251 3109 1564 
4605 1561 1795 1703 
4606 3107 3127 1837 
4607 1877 1880 1601 
4608 1724 1746 1722 
4609 1851 3185 1852 
4610 721 741 720 
4611 1464 3112 1463 
4612 1743 2949 1737 
4613 2246 3203 2249 
4614 966 1220 965 
4615 843 3230 894 
4616 2875 3146 2876 
4617 1396 1397 1395 
4618 1676 1951 1930 
4619 2955 3189 1582 
4620 1188 2934 185 
4621 665 724 723 
4622 1184 3047 988 
4623 1494 2584 1505 
4624 1149 3094 583 
4625 891 969 890 
4626 742 800 741 
4627 1882 1883 1566 
4628 384 3082 379 
4629 1794 3130 1579 
4630 1313 1548 1276 
4631 1468 1664 1663 
4632 194 3052 193 
4633 831 3139 877 
4634 1335 3089 1333 
4635 428 430 427 
4636 2685 2690 2686 
4637 431 476 430 
4638 516 517 506 
4639 719 1360 646 
4640 721 1162 742 
4641 1038 1040 1036 
4642 1786 3136 1588 
4643 2104 2109 2106 
4644 466 468 467 
4645 1185 3188 1689 
4646 2260 2548 1915 
4647 2768 3308 852 
4648 2011 3254 2954 
4649 1208 3221 2849 
4650 528 545 529 
4651 970 1170 969 
4652 558 1149 583 
4653 2154 2227 2153 
4654 1365 3124 597 
4655 1330 3154 899 
4656 1235 3196 1561 
4657 1873 1874 1563 
4658 440 3354 442 
4659 1597 1941 990 
4660 709 2850 704 
4661 1567 2312 1971 
4662 1366 3165 2760 
4663 188 409 187 
4664 192 3010 191 
4665 477 490 476 
4666 1351 3158 567 
4667 1277 3135 1551 
4668 1548 3122 2316 
4669 2991 3275 3111 
4670 181 1049 180 
4671 1646 2161 2143 
4672 956 1019 957 
4673 462 3073 464 
4674 2784 3170 2785 
4675 498 502 497 
4676 1064 1276 1063 
4677 1590 2020 1671 
4678 2243 2845 2835 
4679 983 3060 1209 
4680 1589 3112 1464 
4681 1610 3134 1612 
4682 835 886 836 
4683 2030 2135 1436 
4684 1931 2187 1932 
4685 2228 2229 2227 
4686 518 2975 2973 
4687 855 3192 958 
4688 2630 2632 2631 
4689 505 506 503 
4690 1327 3144 3042 
4691 491 497 490 
4692 519 527 526 
4693 1739 2055 1981 
4694 1735 1736 1734 
4695 908 3009 1017 
4696 1366 1367 1019 
4697 1710 3169 2617 
4698 1730 1745 1728 
4699 2477 3436 881 
4700 726 802 725 
4701 918 1047 940 
4702 1571 2002 1320 
4703 1326 3172 1362 
4704 1444 1917 1445 
4705 538 3158 2590 
4706 997 1240 1239 
4707 2063 2172 2171 
4708 3078 3224 838 
4709 799 3043 720 
4710 1875 3061 1609 
4711 1848 2007 1847 
4712 489 3076 86 
4713 1530 1531 1529 
4714 2404 2405 1856 
4715 1924 1925 1461 
4716 296 3036 297 
4717 587 588 567 
4718 1095 3177 962 
4719 1797 2541 1796 
4720 150 2853 149 
4721 806 2912 740 
4722 1571 2994 2504 
4723 1835 3127 1979 
4724 492 3141 476 
4725 665 761 724 
4726 858 3256 901 
4727 1616 3152 1894 
4728 3482 3509 2117 
4729 640 726 725 
4730 700 2891 1109 
4731 1788 2323 1699 
4732 1849 3195 1844 
4733 2595 2605 1911 
4734 1133 3242 2975 
4735 3083 3084 3082 
4736 816 3290 2409 
4737 1247 1809 1370 
4738 1492 1493 1490 
4739 1368 1578 1367 
4740 598 3190 608 
4741 2087 2512 2085 
4742 3316 3318 1469 
4743 1737 2949 1739 
4744 504 505 503 
4745 631 3257 619 
4746 545 563 546 
4747 573 3129 551 
4748 463 3125 1148 
4749 784 1156 786 
4750 962 3177 964 
4751 801 1168 827 
4752 563 3186 546 
4753 572 3151 580 
4754 732 3145 638 
4755 1240 3109 1251 
4756 721 742 741 
4757 2074 3304 2127 
4758 428 431 430 
4759 431 477 476 
4760 580 1147 607 
4761 803 1161 843 
4762 1551 3217 1969 
4763 913 3022 893 
4764 2016 2017 1644 
4765 576 3079 556 
4766 1251 1564 1563 
4767 1362 3172 1751 
4768 1861 1862 1857 
4769 1578 1857 1367 
4770 424 428 427 
4771 1434 2018 1688 
4772 60 605 59 
4773 761 835 762 
4774 788 897 790 
4775 1045 1195 1046 
4776 593 617 592 
4777 1034 1317 1032 
4778 1572 2994 1571 
4779 1986 2359 1862 
4780 2592 2779 931 
4781 94 2945 93 
4782 2690 2692 2686 
4783 498 503 502 
4784 516 528 517 
4785 1452 1830 1829 
4786 944 994 993 
4787 1846 1848 1847 
4788 1443 3123 871 
4789 1409 2573 1985 
4790 1691 1968 1552 
4791 3384 3399 422 
4792 2231 3157 3115 
4793 894 915 914 
4794 2632 2633 2631 
4795 373 3084 881 
4796 2483 2619 1997 
4797 1966 2317 1967 
4798 2355 2356 1982 
4799 3043 3330 3270 
4800 1625 1701 1623 
4801 1286 1831 1638 
4802 1736 1742 1734 
4803 1817 2047 1820 
4804 1858 3330 3314 
4805 464 466 465 
4806 505 516 506 
4807 491 498 497 
4808 803 842 802 
4809 1590 3136 2020 
4810 2010 3281 2574 
4811 894 913 893 
4812 376 3084 373 
4813 1561 3196 1795 
4814 2020 2021 1671 
4815 7 2808 1128 
4816 3139 3215 1799 
4817 1813 1863 1815 
4818 1892 1893 1883 
4819 830 3139 831 
4820 684 685 683 
4821 1950 3110 1467 
4822 2804 3105 3037 
4823 682 1166 684 
4824 720 3043 649 
4825 915 917 916 
4826 2170 2283 2282 
4827 574 3184 594 
4828 388 3014 386 
4829 562 579 578 
4830 462 464 463 
4831 607 3137 640 
4832 1284 1798 1616 
4833 1542 1646 1547 
4834 2018 2019 1688 
4835 2301 2303 2302 
4836 2444 3185 1851 
4837 1452 1829 1450 
4838 961 1275 1095 
4839 1254 3034 1164 
4840 2997 3202 1266 
4841 365 2471 2470 
4842 1709 3169 1710 
4843 1275 2015 1644 
4844 1251 1563 1555 
4845 2015 2016 1644 
4846 477 491 490 
4847 1976 2988 1974 
4848 686 688 687 
4849 1456 1954 1953 
4850 1787 3192 855 
4851 2760 3234 1790 
4852 638 3145 636 
4853 704 2850 702 
4854 849 3296 3149 
4855 2983 3173 954 
4856 2274 2777 1952 
4857 1582 3189 1996 
4858 2151 3200 1923 
4859 1179 1255 1178 
4860 386 3014 1359 
4861 1983 3169 1712 
4862 653 3159 732 
4863 2305 2307 2303 
4864 1240 1251 1241 
4865 1601 1602 1258 
4866 1992 3421 3085 
4867 1450 3045 1447 
4868 2002 3248 2912 
4869 843 893 842 
4870 3124 3190 598 
4871 16 1138 15 
4872 678 3193 793 
4873 1578 1861 1857 
4874 1971 3312 2752 
4875 1578 3130 1861 
4876 527 531 526 
4877 735 3121 796 
4878 1232 3108 1567 
4879 1599 2041 2039 
4880 2025 2987 1827 
4881 869 965 868 
4882 2916 3350 2026 
4883 1139 3074 256 
4884 1501 3299 1648 
4885 2231 3115 2232 
4886 84 621 83 
4887 434 435 433 
4888 1853 3291 1627 
4889 2242 2251 2250 
4890 382 3153 412 
4891 935 3117 937 
4892 993 1045 1044 
4893 594 3184 3131 
4894 728 2769 672 
4895 1966 1967 1549 
4896 1390 1394 1391 
4897 1465 3180 1757 
4898 2181 3221 1678 
4899 1827 2987 1931 
4900 703 3166 1358 
4901 847 871 755 
4902 644 718 646 
4903 1559 1796 1234 
4904 2160 2170 2169 
4905 550 551 531 
4906 2841 3168 762 
4907 1252 3150 798 
4908 1065 3196 1235 
4909 552 576 556 
4910 1564 1873 1563 
4911 2242 3507 2252 
4912 1439 3143 1957 
4913 1165 1436 716 
4914 886 887 836 
4915 491 3175 498 
4916 676 677 675 
4917 2352 3025 1834 
4918 2298 3250 2301 
4919 2430 3398 3394 
4920 1522 1523 1521 
4921 643 3403 3391 
4922 686 794 688 
4923 1144 3192 1315 
4924 1261 3268 3081 
4925 1563 3000 1555 
4926 3043 3270 2992 
4927 1586 3060 977 
4928 796 1021 849 
4929 1534 1536 1535 
4930 678 679 677 
4931 1194 1422 1420 
4932 1861 1986 1862 
4933 1873 2350 1874 
4934 801 827 826 
4935 412 1811 414 
4936 1000 2628 1074 
4937 1621 1995 1619 
4938 2233 2650 2230 
4939 1271 3132 1456 
4940 915 3230 1789 
4941 742 801 800 
4942 827 875 874 
4943 458 604 460 
4944 617 1810 592 
4945 944 993 992 
4946 1796 3213 3181 
4947 255 3074 743 
4948 297 3036 1134 
4949 1904 1909 1642 
4950 950 3416 2894 
4951 459 2956 486 
4952 979 3228 3013 
4953 2234 3226 2233 
4954 833 834 798 
4955 3095 3096 3094 
4956 1196 3274 1195 
4957 1228 3062 1557 
4958 1643 3251 1907 
4959 1754 2508 1759 
4960 608 631 619 
4961 1567 3108 2312 
4962 2019 3003 3002 
4963 1144 1315 1245 
4964 713 3068 975 
4965 1757 2209 1952 
4966 3082 3084 376 
4967 886 3016 887 
4968 1243 3164 1092 
4969 1329 3184 574 
4970 571 572 551 
4971 1868 3366 2005 
4972 608 3190 631 
4973 812 844 813 
4974 1874 3000 1563 
4975 184 591 183 
4976 721 3096 1162 
4977 1969 3217 2360 
4978 872 1048 871 
4979 1639 1641 1640 
4980 3203 3458 2249 
4981 825 3174 858 
4982 1257 1258 1041 
4983 1548 1966 1549 
4984 2369 2370 2368 
4985 150 3119 2853 
4986 678 793 680 
4987 1034 3111 1317 
4988 976 3086 1172 
4989 1569 2003 1318 
4990 1257 1601 1258 
4991 904 3142 918 
4992 702 2850 1113 
4993 3051 3138 484 
4994 1021 1262 1022 
4995 577 3026 521 
4996 648 1165 716 
4997 2228 3156 2231 
4998 977 3060 983 
4999 937 3117 2883 
5000 916 960 945 
5001 579 590 589 
5002 1361 3164 1243 
5003 640 3137 726 
5004 2305 2396 2307 
5005 2355 2398 2356 
5006 498 3175 504 
5007 2198 2225 1928 
5008 797 833 798 
5009 2240 2242 2241 
5010 1021 1022 849 
5011 907 3223 933 
5012 2108 2110 2107 
5013 1259 3139 830 
5014 797 798 719 
5015 2849 3212 1305 
5016 674 675 673 
5017 844 884 845 
5018 994 3209 993 
5019 1262 1615 1263 
5020 978 3086 976 
5021 1092 3164 3046 
5022 3347 3379 2024 
5023 805 3228 979 
5024 2301 3250 2305 
5025 1779 3286 2001 
5026 1548 1549 1276 
5027 1019 3282 3176 
5028 1369 3051 433 
5029 960 1025 991 
5030 1788 2324 2323 
5031 1800 3202 1902 
5032 590 642 641 
5033 875 944 943 
5034 1823 1824 1387 
5035 399 3238 403 
5036 1250 1444 1393 
5037 2078 2081 2080 
5038 790 3235 829 
5039 409 3162 187 
5040 761 762 724 
5041 1557 1788 1699 
5042 718 719 646 
5043 1195 1428 1306 
5044 1388 1390 1389 
5045 441 3077 439 
5046 726 803 802 
5047 1275 1644 1465 
5048 520 2976 540 
5049 608 619 609 
5050 1164 3034 1261 
5051 1863 3206 1815 
5052 1825 2024 1827 
5053 1501 1648 1499 
5054 2782 3254 2784 
5055 3470 3519 2892 
5056 2404 3183 2405 
5057 1712 3169 1709 
5058 527 550 531 
5059 412 414 413 
5060 1764 1765 1654 
5061 187 3162 186 
5062 1569 3208 2004 
5063 1701 3266 1623 
5064 1996 3189 2518 
5065 917 3216 916 
5066 636 3145 1365 
5067 833 868 834 
5068 915 916 914 
5069 486 2851 457 
5070 462 3271 3073 
5071 1912 1914 1415 
5072 2984 3413 2247 
5073 416 880 418 
5074 682 683 681 
5075 2317 2318 1967 
5076 807 2923 2922 
5077 1047 3240 940 
5078 1045 1196 1195 
5079 1179 1256 1255 
5080 2029 3500 3456 
5081 2992 3068 711 
5082 1154 1194 1193 
5083 894 914 913 
5084 925 3276 923 
5085 1623 3266 1621 
5086 550 571 551 
5087 1156 3273 786 
5088 889 891 890 
5089 1236 3050 1324 
5090 1409 3256 2573 
5091 1586 3270 2871 
5092 2301 2305 2303 
5093 562 2976 1364 
5094 1992 3085 3071 
5095 987 1211 995 
5096 1677 2219 2218 
5097 960 1160 1025 
5098 868 870 834 
5099 580 3151 1147 
5100 1007 2866 1009 
5101 718 797 719 
5102 803 843 842 
5103 1370 3187 1434 
5104 3095 3277 3098 
5105 1447 3045 1311 
5106 1403 3205 1401 
5107 803 3218 1161 
5108 1170 2996 1284 
5109 439 3077 480 
5110 193 3052 364 
5111 822 3168 1787 
5112 1829 3045 1450 
5113 1732 3259 3019 
5114 2120 2758 2757 
5115 480 3591 2959 
5116 692 1122 694 
5117 2541 3213 1796 
5118 592 3151 572 
5119 562 1364 579 
5120 292 754 10 
5121 286 752 287 
5122 1189 3239 1417 
5123 2375 2377 2376 
5124 1737 1739 1738 
5125 1488 1490 1489 
5126 884 947 885 
5127 1025 1270 1043 
5128 1263 1374 1022 
5129 392 3295 390 
5130 1387 2866 1007 
5131 644 646 612 
5132 1149 3095 3094 
5133 1500 3258 1503 
5134 1519 1668 1517 
5135 506 3133 503 
5136 1210 2996 1181 
5137 1267 3171 1800 
5138 1676 2179 1951 
5139 2871 3330 1858 
5140 289 753 290 
5141 1229 3200 1227 
5142 680 681 679 
5143 835 836 762 
5144 1917 2142 1918 
5145 571 592 572 
5146 897 3235 790 
5147 219 804 218 
5148 412 3153 1811 
5149 1484 1487 1486 
5150 1532 1534 1533 
5151 426 434 433 
5152 701 3166 703 
5153 1846 3195 2028 
5154 1434 3187 2018 
5155 1804 3288 1806 
5156 2108 2117 2111 
5157 1270 1642 1271 
5158 1148 2956 461 
5159 1195 3274 1428 
5160 1940 3381 1772 
5161 843 894 893 
5162 716 2813 655 
5163 724 3168 822 
5164 558 3186 1149 
5165 511 3026 2846 
5166 1002 3181 999 
5167 502 3133 2465 
5168 1286 3247 1831 
5169 414 416 415 
5170 1081 1083 1080 
5171 646 3231 612 
5172 1734 3259 1732 
5173 2242 2250 2241 
5174 2209 2274 1952 
5175 1262 1263 1022 
5176 750 2344 2343 
5177 3064 3305 3228 
5178 1019 3176 957 
5179 1980 1982 1738 
5180 2251 2266 2250 
5181 1766 1767 1765 
5182 1389 1427 1383 
5183 972 3171 971 
5184 2240 2241 2238 
5185 1063 3211 1010 
5186 1720 3241 2948 
5187 3100 3101 1162 
5188 1147 3137 607 
5189 1603 3215 1259 
5190 246 2510 245 
5191 619 648 622 
5192 894 3230 915 
5193 85 3114 84 
5194 1408 2618 1876 
5195 2738 3248 2002 
5196 739 3228 805 
5197 1009 2866 1013 
5198 460 3271 462 
5199 1258 3160 1041 
5200 1644 3180 1465 
5201 1455 1458 1457 
5202 901 3256 1023 
5203 1378 2032 2031 
5204 684 686 685 
5205 663 3179 665 
5206 838 3224 840 
5207 1187 1204 1181 
5208 1382 1388 1383 
5209 3064 3228 739 
5210 1780 3263 3164 
5211 2024 2025 1827 
5212 590 733 642 
5213 334 3387 335 
5214 84 3114 621 
5215 2067 2186 1661 
5216 1263 1375 1374 
5217 2953 3223 907 
5218 949 3374 1584 
5219 2031 3292 1376 
5220 2561 3469 2542 
5221 1428 1924 1461 
5222 1926 2153 2141 
5223 1203 2613 1060 
5224 1375 3261 2737 
5225 2111 2112 2110 
5226 1377 1379 1378 
5227 1528 1529 1527 
5228 2188 3358 1932 
5229 2954 3254 2782 
5230 3149 3296 2013 
5231 540 2976 562 
5232 1825 1826 1824 
5233 120 488 119 
5234 315 811 316 
5235 970 1187 1181 
5236 829 3235 3165 
5237 433 3051 432 
5238 1040 3111 1036 
5239 1457 3232 1453 
5240 1272 1273 1204 
5241 1844 3195 1846 
5242 2891 2892 1109 
5243 619 3257 648 
5244 122 1155 121 
5245 2250 2254 2241 
5246 1401 1432 1399 
5247 2990 3219 1814 
5248 1827 1931 1826 
5249 2162 2163 2161 
5250 1810 3151 592 
5251 1737 1738 1736 
5252 416 418 417 
5253 1161 3481 3445 
5254 1497 1910 1495 
5255 2106 2108 2107 
5256 2176 2189 2163 
5257 1204 1210 1181 
5258 1858 3314 1786 
5259 1240 3176 3109 
5260 124 380 123 
5261 1375 1377 1376 
5262 1782 3429 2561 
5263 3096 3097 1162 
5264 1452 3232 1830 
5265 1220 1230 965 
5266 674 676 675 
5267 1920 2927 2147 
5268 1176 1178 1159 
5269 23 1163 22 
5270 1643 1906 1904 
5271 1865 3275 2991 
5272 933 3223 939 
5273 3228 3305 3013 
5274 1364 3283 579 
5275 648 716 655 
5276 754 755 10 
5277 993 3209 1045 
5278 1392 1598 1249 
5279 1295 1442 1419 
5280 2359 3435 3362 
5281 2973 2975 2974 
5282 957 3176 997 
5283 1380 1382 1381 
5284 676 678 677 
5285 1768 3336 1944 
5286 807 2922 329 
5287 1428 1926 1924 
5288 1621 3266 1995 
5289 1530 1532 1531 
5290 1704 3071 1774 
5291 2007 3466 3451 
5292 711 3068 713 
5293 840 3224 1075 
5294 2065 3210 1771 
5295 1615 3261 1263 
5296 1375 1376 1374 
5297 579 3283 590 
5298 2373 2375 2374 
5299 951 3320 782 
5300 742 3101 801 
5301 2082 2084 2083 
5302 672 674 673 
5303 918 3142 1047 
5304 1365 3191 3124 
5305 3277 3309 3098 
5306 849 3149 848 
5307 1832 3328 2770 
5308 3156 3157 2231 
5309 1036 3111 1034 
5310 1270 1643 1642 
5311 726 3218 803 
5312 812 883 844 
5313 1954 2222 2221 
5314 1077 2641 728 
5315 1456 3132 1954 
5316 1259 3215 3139 
5317 1286 1287 1256 
5318 3124 3191 3190 
5319 1056 1057 1055 
5320 1722 3241 1720 
5321 853 1157 764 
5322 665 3179 761 
5323 1995 3208 1619 
5324 2033 3193 676 
5325 1638 1639 1287 
5326 2631 3265 1562 
5327 2991 3219 2990 
5328 612 3231 581 
5329 1991 3394 2825 
5330 1174 3603 3600 
5331 1179 1286 1256 
5332 610 611 588 
5333 1394 1395 1391 
5334 577 3415 3323 
5335 1488 1489 1486 
5336 1643 1904 1642 
5337 1132 3004 905 
5338 2640 3334 3140 
5339 3176 3282 3109 
5340 426 433 432 
5341 853 1158 1157 
5342 2072 2074 2073 
5343 3164 3263 3046 
5344 186 3162 1188 
5345 1154 3149 2013 
5346 1263 3261 1375 
5347 1284 2996 1798 
5348 735 3244 3121 
5349 1136 3238 399 
5350 2113 2114 2112 
5351 678 680 679 
5352 3076 3114 85 
5353 2000 3418 1782 
5354 668 669 632 
5355 1825 1827 1826 
5356 3263 3308 2768 
5357 2153 2267 2141 
5358 1444 1445 1393 
5359 418 420 419 
5360 1460 1471 1470 
5361 884 1186 947 
5362 1160 3251 1025 
5363 1256 3182 1599 
5364 1982 3267 1738 
5365 503 3133 502 
5366 3137 3218 726 
5367 1557 3062 1788 
5368 1200 1541 1540 
5369 1544 3233 2070 
5370 891 970 969 
5371 1399 3178 1397 
5372 123 3204 122 
5373 1487 1488 1486 
5374 329 2922 330 
5375 1642 3132 1271 
5376 1992 3071 1704 
5377 846 847 755 
5378 1809 3187 1370 
5379 1453 3232 1452 
5380 997 3176 1240 
5381 2215 2292 1955 
5382 521 3026 511 
5383 916 3216 960 
5384 2623 3434 3431 
5385 2150 2226 2151 
5386 1771 3210 1940 
5387 2409 2410 2407 
5388 1906 2061 1904 
5389 2975 3242 2974 
5390 420 426 425 
5391 3225 3333 2666 
5392 1390 1391 1389 
5393 1573 3269 1754 
5394 484 3138 495 
5395 1328 3321 575 
5396 121 3201 120 
5397 682 684 683 
5398 971 3171 1267 
5399 1038 3160 1040 
5400 1190 3199 1102 
5401 643 3404 3403 
5402 980 990 989 
5403 2574 3343 2011 
5404 846 980 895 
5405 2088 2778 2090 
5406 2676 3278 2677 
5407 642 3244 735 
5408 2051 3370 2049 
5409 1515 1669 1513 
5410 581 3231 1828 
5411 1286 1638 1287 
5412 228 3475 750 
5413 1646 2162 2161 
5414 1480 1483 1482 
5415 2992 3270 3068 
5416 2017 3180 1644 
5417 1281 3335 3038 
5418 1041 3160 1038 
5419 1176 1179 1178 
5420 1638 1905 1639 
5421 1102 3199 2532 
5422 2254 3300 3226 
5423 1866 3333 3275 
5424 628 629 611 
5425 1742 3259 1734 
5426 1823 1825 1824 
5427 847 872 871 
5428 1540 1542 1201 
5429 2812 3370 2464 
5430 648 3257 1165 
5431 2912 3248 740 
5432 1149 3277 3095 
5433 1655 2159 1690 
5434 1045 3209 1196 
5435 442 3310 444 
5436 1926 3274 2154 
5437 1926 2141 1924 
5438 905 3004 903 
5439 2297 3250 2298 
5440 1599 3182 2041 
5441 1562 3265 3062 
5442 125 3207 124 
5443 126 1218 125 
5444 2369 2371 2370 
5445 1001 3284 1003 
5446 1106 3359 2701 
5447 589 3391 578 
5448 1200 1201 1167 
5449 1746 3241 1722 
5450 1828 3277 3186 
5451 671 672 629 
5452 1051 1213 1027 
5453 2416 2420 2418 
5454 762 3168 724 
5455 2867 3367 3005 
5456 3308 3345 852 
5457 1013 3255 1015 
5458 2832 3264 2831 
5459 1484 1485 1482 
5460 1968 3122 1552 
5461 3046 3263 2767 
5462 2553 3288 1804 
5463 478 3378 499 
5464 1006 1823 1387 
5465 2086 2642 2119 
5466 1980 2355 1982 
5467 2115 2116 2114 
5468 970 1181 1170 
5469 1483 1484 1482 
5470 1798 3152 1616 
5471 1317 3225 1032 
5472 1552 3122 1313 
5473 1867 3401 1868 
5474 1274 3280 889 
5475 2082 2083 2080 
5476 1142 3486 3423 
5477 680 682 681 
5478 816 2407 2406 
5479 2238 3226 2234 
5480 3165 3235 2760 
5481 940 3240 961 
5482 1655 1656 1536 
5483 1754 3269 2508 
5484 1690 2160 1656 
5485 2150 2151 1923 
5486 928 3276 925 
5487 1941 1942 990 
5488 3181 3213 998 
5489 1181 2996 1170 
5490 2162 2176 2163 
5491 1432 3178 1399 
5492 1526 1527 1525 
5493 3186 3277 1149 
5494 80 1961 79 
5495 1154 2013 1194 
5496 1313 3122 1548 
5497 1175 1269 1176 
5498 1321 3269 1573 
5499 117 620 116 
5500 2484 3281 2010 
5501 1287 3182 1256 
5502 588 1351 567 
5503 2170 2284 2283 
5504 910 3149 1154 
5505 1380 1381 1379 
5506 1883 3268 3034 
5507 1025 3251 1270 
5508 3150 3360 3349 
5509 1113 2884 645 
5510 891 3280 2888 
5511 1275 3240 2015 
5512 2092 3279 2094 
5513 495 3138 882 
5514 1645 2613 1203 
5515 1207 1293 1206 
5516 1627 3291 1625 
5517 989 1167 895 
5518 1528 1530 1529 
5519 672 673 629 
5520 1484 1486 1485 
5521 1508 1764 1654 
5522 1367 3282 1019 
5523 1857 3282 1367 
5524 1868 3401 3366 
5525 2959 3585 1369 
5526 3034 3268 1261 
5527 1917 1918 1445 
5528 1955 3336 1768 
5529 960 3216 1160 
5530 1397 1423 1395 
5531 1907 3545 1908 
5532 1388 1389 1383 
5533 1428 3274 1926 
5534 534 3405 2589 
5535 1276 3293 1063 
5536 1139 3075 3074 
5537 1524 1525 1523 
5538 1158 1175 1159 
5539 3014 3346 1359 
5540 1419 3260 1921 
5541 1739 1980 1738 
5542 1032 3225 1030 
5543 3270 3330 2871 
5544 1084 1085 1083 
5545 1984 3199 1190 
5546 1625 3291 1701 
5547 2108 2111 2110 
5548 3428 3440 2895 
5549 3297 3314 2981 
5550 788 3273 897 
5551 2886 3396 1106 
5552 1540 1662 1542 
5553 2607 3351 2608 
5554 754 846 755 
5555 1862 3329 1857 
5556 3131 3369 898 
5557 1430 3205 1403 
5558 1401 3205 1432 
5559 1542 3236 1646 
5560 1918 2059 1445 
5561 1393 1410 1392 
5562 2241 3226 2238 
5563 2371 2373 2372 
5564 1377 1378 1376 
5565 1200 1540 1201 
5566 2001 3286 2817 
5567 2375 2376 2374 
5568 1180 3566 2321 
5569 846 895 847 
5570 2902 3482 2109 
5571 590 3283 733 
5572 1534 1655 1536 
5573 3130 3246 1861 
5574 2728 3365 2730 
5575 2081 2118 2082 
5576 786 3273 788 
5577 980 989 895 
5578 2377 2379 2376 
5579 848 3149 910 
5580 2866 3255 1013 
5581 2072 2073 2071 
5582 852 3345 2867 
5583 2081 2082 2080 
5584 2481 3307 605 
5585 2412 2414 820 
5586 1893 3268 1883 
5587 3148 3419 2027 
5588 2042 3409 2614 
5589 3353 3371 2946 
5590 1015 1051 1027 
5591 1736 3267 1742 
5592 733 3244 642 
5593 1003 3284 1006 
5594 1185 1207 1206 
5595 844 3243 884 
5596 1374 3296 1022 
5597 605 3307 59 
5598 2981 3314 799 
5599 868 3252 870 
5600 2124 2125 2116 
5601 145 2924 5 
5602 420 3294 2847 
5603 1175 1176 1159 
5604 2124 2203 2199 
5605 2111 2113 2112 
5606 2216 2217 2215 
5607 1204 3262 1210 
5608 2565 3627 3621 
5609 18 651 17 
5610 313 3351 314 
5611 21 751 20 
5612 1030 3225 2669 
5613 1269 3247 1176 
5614 1080 2641 1077 
5615 2159 2255 1690 
5616 1549 3293 1276 
5617 1530 1659 1532 
5618 1985 3408 1411 
5619 1393 3285 1410 
5620 2113 2130 2115 
5621 676 3193 678 
5622 961 3240 1275 
5623 1655 1690 1656 
5624 3345 3367 2867 
5625 2058 3118 2057 
5626 1522 1524 1523 
5627 1650 2145 2144 
5628 2070 2071 2069 
5629 1470 3315 1469 
5630 883 3243 844 
5631 1176 3247 1179 
5632 989 1200 1167 
5633 2456 3512 3506 
5634 3077 3599 480 
5635 2641 2769 728 
5636 1382 1383 1381 
5637 1733 3606 1735 
5638 444 3310 530 
5639 1323 3441 1822 
5640 1862 3362 3329 
5641 1786 3297 3136 
5642 3150 3349 1360 
5643 1059 1197 1061 
5644 1051 1292 1213 
5645 947 948 885 
5646 1270 3251 1643 
5647 390 3295 603 
5648 3365 3369 2733 
5649 604 3271 460 
5650 924 3371 926 
5651 1074 3379 3347 
5652 2980 3303 3297 
5653 2254 3226 2241 
5654 345 2924 145 
5655 2980 3297 2981 
5656 2119 2778 2088 
5657 3297 3303 3136 
5658 1619 3208 1570 
5659 2572 3302 2568 
5660 889 3280 891 
5661 1162 3101 742 
5662 1570 3208 1569 
5663 1511 1860 1509 
5664 1677 3326 2219 
5665 884 3243 1186 
5666 1768 1944 1767 
5667 880 3294 418 
5668 2034 3518 3422 
5669 1158 1159 1157 
5670 1828 3309 3277 
5671 1360 3309 3231 
5672 949 3386 3374 
5673 1918 2060 2059 
5674 922 3369 1104 
5675 1584 3373 2887 
5676 453 3407 451 
5677 122 3204 1155 
5678 59 3307 58 
5679 1780 3308 3263 
5680 769 3361 767 
5681 1250 1392 1249 
5682 2613 3355 1058 
5683 2733 3369 3131 
5684 1417 3239 1920 
5685 2701 3338 942 
5686 1376 3292 1374 
5687 1273 3262 1204 
5688 3013 3305 1854 
5689 2113 2115 2114 
5690 1250 1393 1392 
5691 757 2349 2347 
5692 1478 3301 1477 
5693 1213 3326 1295 
5694 1890 3375 2573 
5695 2518 3341 2519 
5696 1861 3246 1986 
5697 784 3320 1156 
5698 1738 3267 1736 
5699 1307 3425 2886 
5700 447 3356 445 
5701 1646 3236 2162 
5702 1281 3371 3353 
5703 3370 3415 561 
5704 1526 1528 1527 
5705 481 2622 812 
5706 1825 3347 2024 
5707 1504 3299 1501 
5708 1022 3296 849 
5709 3250 3340 2305 
5710 1662 3236 1542 
5711 1006 3284 1823 
5712 1956 2216 2215 
5713 2865 3325 3145 
5714 1155 3201 121 
5715 1015 3255 1051 
5716 965 3252 868 
5717 920 3352 3327 
5718 380 3204 123 
5719 365 2475 2471 
5720 1662 3237 3236 
5721 1764 1766 1765 
5722 1866 3404 3333 
5723 1466 1675 1293 
5724 1675 3128 1293 
5725 1230 3252 965 
5726 2869 3339 1157 
5727 2887 3353 2727 
5728 3327 3352 3113 
5729 3070 3308 1780 
5730 2014 3454 3439 
5731 1787 3334 3192 
5732 120 3201 488 
5733 1085 1250 1249 
5734 2136 2152 1914 
5735 1677 2218 1927 
5736 928 3343 3276 
5737 3350 3393 2026 
5738 1179 3247 1286 
5739 2095 3279 2092 
5740 3276 3343 2574 
5741 1295 3326 1677 
5742 2775 3245 1459 
5743 2219 2220 2218 
5744 124 3207 380 
5745 2038 3503 3420 
5746 2117 3287 2111 
5747 942 3303 2980 
5748 1445 3285 1393 
5749 3145 3325 1365 
5750 3140 3334 1787 
5751 3314 3330 799 
5752 1074 3347 3284 
5753 2052 3323 2051 
5754 1524 1526 1525 
5755 2373 2374 2372 
5756 2928 3305 3064 
5757 2563 3380 3083 
5758 3132 3332 1954 
5759 2960 3344 1047 
5760 1954 3332 2222 
5761 1655 3289 2159 
5762 2233 3300 2650 
5763 861 3357 681 
5764 995 1185 1184 
5765 2359 3362 1862 
5766 1920 3239 2927 
5767 2379 2390 2376 
5768 1066 3272 3196 
5769 1435 3411 3386 
5770 1047 3344 3240 
5771 1381 1426 1379 
5772 950 3377 776 
5773 780 3368 951 
5774 1063 3293 3211 
5775 2199 2200 2125 
5776 1480 1482 1481 
5777 2012 3403 1864 
5778 1772 3381 3344 
5779 2074 2076 2075 
5780 1942 3298 990 
5781 2115 2124 2116 
5782 782 3320 784 
5783 2371 2372 2370 
5784 2077 2178 2075 
5785 2074 2075 2073 
5786 841 3398 494 
5787 1956 2215 1955 
5788 3108 3397 2312 
5789 2568 3302 2567 
5790 410 3384 422 
5791 3136 3303 2020 
5792 1397 3178 1423 
5793 358 606 356 
5794 1761 3341 3189 
5795 330 1124 331 
5796 1876 3454 1871 
5797 1442 3260 1419 
5798 3349 3360 3099 
5799 1460 3245 1471 
5800 3161 3321 2679 
5801 2503 3328 1832 
5802 1218 3207 125 
5803 418 3294 420 
5804 1317 3333 3225 
5805 2200 2202 2201 
5806 920 3327 2928 
5807 754 3350 2916 
5808 1200 3298 1541 
5809 1791 3389 1794 
5810 2084 3324 2642 
5811 1532 3289 1534 
5812 2078 2080 2079 
5813 2028 3465 2029 
5814 1480 1481 1478 
5815 2312 3312 1971 
5816 1296 1544 1543 
5817 475 3399 841 
5818 2124 2199 2125 
5819 2763 3395 2893 
5820 987 3322 1211 
5821 3070 3345 3308 
5822 1054 1056 1055 
5823 307 3410 308 
5824 799 3330 3043 
5825 1473 3315 1470 
5826 1808 3389 1793 
5827 1766 1768 1767 
5828 1879 1956 1955 
5829 3231 3309 1828 
5830 2701 3359 3338 
5831 2078 2079 2077 
5832 292 3350 754 
5833 987 995 988 
5834 947 987 948 
5835 560 3385 561 
5836 1739 1981 1980 
5837 1295 1677 1442 
5838 1415 3222 1085 
5839 3418 3429 1782 
5840 1383 3342 1381 
5841 519 3378 1135 
5842 3189 3341 2518 
5843 1085 3222 1250 
5844 1854 3327 3113 
5845 2727 3353 2946 
5846 523 3405 534 
5847 1909 3332 3132 
5848 291 3350 292 
5849 3196 3272 1795 
5850 2123 2513 2512 
5851 1726 3432 2705 
5852 3109 3329 1564 
5853 3038 3335 1809 
5854 2414 2549 820 
5855 2128 2129 2118 
5856 990 3298 989 
5857 1545 1964 1647 
5858 668 3339 669 
5859 1381 3342 1426 
5860 1157 3339 764 
5861 2305 3340 2396 
5862 1359 3346 3083 
5863 2769 3446 2033 
5864 1901 3597 2656 
5865 810 3351 313 
5866 2055 2056 1981 
5867 2056 2058 2057 
5868 2045 3434 2043 
5869 2966 3343 928 
5870 1185 1206 1184 
5871 3329 3362 1564 
5872 1788 3265 2324 
5873 2076 2077 2075 
5874 1085 1249 1083 
5875 3192 3334 1315 
5876 3339 3409 669 
5877 2113 3287 2130 
5878 1677 1927 1442 
5879 2661 3484 1795 
5880 2059 3285 1445 
5881 1544 2069 2068 
5882 3062 3265 1788 
5883 764 3339 668 
5884 1186 3322 947 
5885 1056 1182 1057 
5886 2076 2078 2077 
5887 1365 3325 3191 
5888 3378 3451 1135 
5889 2677 3345 3070 
5890 2090 2778 2095 
5891 530 3443 446 
5892 1598 3364 1249 
5893 3333 3404 2666 
5894 1509 3299 1504 
5895 481 812 729 
5896 1360 3349 3309 
5897 1534 3289 1655 
5898 1879 1955 1768 
5899 356 3306 354 
5900 1253 3437 1784 
5901 3012 3390 1315 
5902 1659 3289 1532 
5903 561 3415 541 
5904 3305 3327 1854 
5905 217 1152 216 
5906 1857 3329 3282 
5907 354 1437 2 
5908 1281 3353 3335 
5909 1479 1480 1478 
5910 1928 3260 1442 
5911 3240 3344 2015 
5912 1110 3443 2645 
5913 3022 3352 920 
5914 942 3338 3303 
5915 3027 3348 3026 
5916 1315 3390 1245 
5917 1549 3418 3293 
5918 480 3599 3591 
5919 3026 3348 2846 
5920 3083 3380 3084 
5921 2072 3304 2074 
5922 3275 3333 1317 
5923 1927 1928 1442 
5924 2677 3367 3345 
5925 2056 2057 1981 
5926 436 3442 438 
5927 987 988 948 
5928 3390 3441 2618 
5929 2205 2206 2202 
5930 3282 3329 3109 
5931 2737 3455 1878 
5932 383 3423 385 
5933 1481 3301 1478 
5934 1766 1879 1768 
5935 995 1184 988 
5936 2049 3370 2812 
5937 456 3448 458 
5938 2356 3501 1982 
5939 1142 3423 398 
5940 1205 2543 1061 
5941 3309 3349 3098 
5942 896 3428 770 
5943 3438 3450 2030 
5944 881 3436 371 
5945 2647 3456 1098 
5946 827 3413 875 
5947 1427 3342 1383 
5948 989 3298 1200 
5949 1106 3396 3359 
5950 875 3413 2984 
5951 1584 3374 3373 
5952 2928 3327 3305 
5953 442 3354 3310 
5954 2292 3336 1955 
5955 1728 3432 1726 
5956 3420 3523 2038 
5957 1292 3326 1213 
5958 2005 3366 3191 
5959 865 3361 769 
5960 1476 1479 1478 
5961 448 3443 1110 
5962 1426 3311 1379 
5963 753 3393 290 
5964 3293 3418 2000 
5965 2111 3287 2113 
5966 2020 3338 2021 
5967 3113 3352 2009 
5968 3303 3338 2020 
5969 1408 3390 2618 
5970 1379 3311 1378 
5971 7 1128 210 
5972 479 3356 447 
5973 1197 1205 1061 
5974 2082 3324 2084 
5975 330 2922 1124 
5976 3191 3366 3190 
5977 2638 3357 861 
5978 1083 3364 1080 
5979 3338 3359 2021 
5980 1914 3222 1415 
5981 1823 3347 1825 
5982 2998 3595 1902 
5983 774 3416 950 
5984 2730 3365 2733 
5985 2623 3431 669 
5986 2129 3324 2118 
5987 2021 3359 2023 
5988 2544 3500 2545 
5989 2073 2175 2071 
5990 617 3431 1810 
5991 3335 3353 2887 
5992 1927 2197 1928 
5993 2959 3591 3585 
5994 2124 3337 2203 
5995 926 3371 1281 
5996 1867 3438 3401 
5997 3335 3373 1809 
5998 279 1117 280 
5999 1564 3362 1873 
6000 2130 3337 2115 
6001 1993 3444 1363 
6002 2573 3375 1985 
6003 947 3322 987 
6004 898 3369 922 
6005 1165 3438 2030 
6006 2031 3392 3292 
6007 1932 3358 3148 
6008 2123 2512 2087 
6009 3098 3349 3099 
6010 778 3368 780 
6011 2133 2177 2155 
6012 2197 2198 1928 
6013 1476 1477 1474 
6014 3086 3417 1172 
6015 3616 3619 2056 
6016 2340 3430 1699 
6017 2357 3437 1372 
6018 367 3439 487 
6019 2869 3409 3339 
6020 499 3378 519 
6021 778 3377 3368 
6022 3361 3372 767 
6023 3283 3562 3556 
6024 487 3433 362 
6025 1459 1460 1458 
6026 2037 3422 1090 
6027 3187 3374 2018 
6028 2823 3467 1875 
6029 2941 3451 3378 
6030 946 3449 876 
6031 2456 3506 3063 
6032 2013 3392 1194 
6033 1502 3412 3258 
6034 2883 3483 1066 
6035 1460 1469 1458 
6036 2887 3373 3335 
6037 2118 3324 2082 
6038 1860 3299 1509 
6039 1980 3331 2355 
6040 1252 3360 3150 
6041 1544 2068 1543 
6042 1875 3471 3061 
6043 3284 3347 1823 
6044 3292 3392 2013 
6045 1249 3364 1083 
6046 1269 3363 3247 
6047 2617 3483 2883 
6048 1476 1478 1477 
6049 1080 3364 2641 
6050 776 3377 778 
6051 1596 3450 1594 
6052 3278 3367 2677 
6053 2326 3451 2941 
6054 643 3391 589 
6055 1378 3311 2032 
6056 2057 3331 1981 
6057 3258 3412 1764 
6058 2628 3379 1074 
6059 3247 3363 1831 
6060 3190 3366 631 
6061 1809 3373 3187 
6062 290 3393 291 
6063 1558 3397 3108 
6064 2886 3425 3396 
6065 291 3393 3350 
6066 2425 3559 347 
6067 3366 3401 631 
6068 2009 3383 2008 
6069 3102 3466 2647 
6070 1888 3490 2498 
6071 3374 3386 2018 
6072 1948 3457 1947 
6073 2115 3337 2124 
6074 912 3449 1338 
6075 3423 3486 2838 
6076 2200 2204 2202 
6077 578 3385 560 
6078 2188 3478 3358 
6079 3085 3421 537 
6080 423 3384 410 
6081 537 3421 552 
6082 1813 3420 1863 
6083 3084 3380 881 
6084 1153 3460 3459 
6085 2890 3382 3022 
6086 816 2406 333 
6087 2598 3520 2599 
6088 1459 3245 1460 
6089 1810 3427 3151 
6090 1197 3414 3233 
6091 2032 3376 2031 
6092 3352 3382 2009 
6093 2902 3453 2898 
6094 1793 3389 1791 
6095 1475 3313 1476 
6096 2008 3388 2214 
6097 2205 2208 2207 
6098 1338 3468 1334 
6099 2430 3394 1991 
6100 494 3398 509 
6101 2133 2155 1964 
6102 2015 3381 2016 
6103 2018 3386 2019 
6104 3373 3374 3187 
6105 2240 3546 3507 
6106 2666 3404 2665 
6107 3193 3402 3194 
6108 422 3399 475 
6109 2949 3610 2055 
6110 2824 3460 2823 
6111 1472 1473 1470 
6112 2764 3395 2763 
6113 2857 3479 2855 
6114 1245 3390 1408 
6115 669 3431 632 
6116 257 3447 1139 
6117 1764 3412 1766 
6118 3022 3382 3352 
6119 1460 1470 1469 
6120 3383 3388 2008 
6121 3359 3396 2023 
6122 747 3447 258 
6123 3230 3445 1789 
6124 1981 3331 1980 
6125 1543 1545 1312 
6126 2902 3509 3482 
6127 1194 3392 1422 
6128 3362 3435 1873 
6129 1296 1543 1312 
6130 3398 3405 509 
6131 1874 3452 3000 
6132 509 3405 523 
6133 3429 3469 2561 
6134 2029 3474 1848 
6135 2057 3473 3331 
6136 1763 3592 2810 
6137 1153 3459 427 
6138 631 3401 3257 
6139 3467 3471 1875 
6140 1864 3403 1866 
6141 347 3559 3557 
6142 1784 3417 3086 
6143 1296 1312 1205 
6144 1471 1472 1470 
6145 1558 3430 3397 
6146 1411 3408 2687 
6147 1476 3313 1479 
6148 2626 3447 747 
6149 3195 3440 2028 
6150 2023 3396 2063 
6151 2810 3589 1899 
6152 1881 3489 1882 
6153 3012 3441 3390 
6154 1336 3468 1341 
6155 2358 3566 1052 
6156 606 3306 356 
6157 1386 3410 307 
6158 1197 1296 1205 
6159 3344 3381 2015 
6160 3445 3481 2044 
6161 1059 3414 1197 
6162 3222 3400 1444 
6163 730 3485 415 
6164 3511 3522 2649 
6165 1795 3484 1703 
6166 1899 3586 2714 
6167 417 3494 730 
6168 2070 3499 2072 
6169 2040 3464 2044 
6170 347 3561 2425 
6171 2614 3409 2869 
6172 2033 3402 3193 
6173 3229 3498 2126 
6174 1094 3407 453 
6175 1392 3462 1598 
6176 1057 3414 1059 
6177 1364 3562 3283 
6178 1475 1476 1474 
6179 3460 3467 2823 
6180 2942 3540 3535 
6181 1341 3487 1339 
6182 3382 3383 2009 
6183 1168 3413 827 
6184 1967 3418 1549 
6185 2662 3424 1876 
6186 335 3387 819 
6187 1182 3414 1057 
6188 2897 3496 810 
6189 2838 3486 2837 
6190 2205 2207 2206 
6191 2714 3581 1897 
6192 2019 3411 3003 
6193 2027 3419 3255 
6194 3255 3419 1051 
6195 2043 3434 2623 
6196 1602 3420 1813 
6197 354 3306 1437 
6198 3596 3598 479 
6199 2204 2205 2202 
6200 413 3485 1142 
6201 772 3428 3416 
6202 3424 3433 487 
6203 398 3423 383 
6204 772 3416 774 
6205 1090 3422 1097 
6206 3610 3616 2055 
6207 3563 3572 2426 
6208 2891 3488 2892 
6209 2034 3502 1604 
6210 470 3495 425 
6211 1382 3470 1388 
6212 2102 3476 2844 
6213 2687 3555 2798 
6214 3386 3411 2019 
6215 1472 1475 1474 
6216 1899 3589 3586 
6217 1889 3548 1890 
6218 3493 3551 2183 
6219 2063 3425 2172 
6220 1867 3450 3438 
6221 1472 1474 1473 
6222 3427 3434 2045 
6223 1758 3426 3379 
6224 2109 3482 2106 
6225 602 3575 2882 
6226 1545 2133 1964 
6227 552 3421 576 
6228 3403 3404 1866 
6229 770 3428 772 
6230 1596 3463 3450 
6231 2535 3520 2534 
6232 2318 3429 1967 
6233 1745 3432 1728 
6234 362 3433 360 
6235 3101 3458 1168 
6236 3323 3415 2051 
6237 3032 3527 3503 
6238 3283 3556 733 
6239 750 2345 2344 
6240 2645 3533 1794 
6241 3424 3454 1876 
6242 3151 3427 1147 
6243 1699 3430 1558 
6244 2108 3482 2117 
6245 423 3459 3384 
6246 1051 3419 1292 
6247 2455 3512 2456 
6248 1967 3429 3418 
6249 3375 3542 1985 
6250 371 3436 369 
6251 438 3442 634 
6252 2188 3515 3478 
6253 3137 3477 3218 
6254 2455 3514 3512 
6255 3100 3461 3458 
6256 632 3431 617 
6257 3218 3481 1161 
6258 1873 3435 2350 
6259 3384 3459 2827 
6260 2810 3592 3589 
6261 3477 3481 3218 
6262 1766 3412 1879 
6263 1372 3437 1253 
6264 248 2546 247 
6265 3396 3425 2063 
6266 2407 2408 2406 
6267 2895 3440 3195 
6268 1914 3400 3222 
6269 3032 3503 792 
6270 2037 3502 3422 
6271 258 3447 257 
6272 2520 3491 1502 
6273 3401 3438 3257 
6274 1068 2510 246 
6275 680 3472 682 
6276 1598 3462 3402 
6277 1054 1180 1056 
6278 1220 3492 1230 
6279 369 3439 367 
6280 1363 3444 946 
6281 3549 3555 2687 
6282 1097 3518 1706 
6283 1822 3441 3012 
6284 1897 3579 2753 
6285 2024 3426 2025 
6286 3436 3439 369 
6287 446 3443 448 
6288 3304 3553 2127 
6289 1810 3434 3427 
6290 3514 3518 2034 
6291 870 3505 834 
6292 2660 3569 2036 
6293 1871 3454 2014 
6294 3465 3500 2029 
6295 1168 3458 3203 
6296 1598 3446 3364 
6297 3257 3438 1165 
6298 1903 3593 3530 
6299 458 3448 604 
6300 3059 3465 896 
6301 2152 3400 1914 
6302 2779 3530 2982 
6303 865 3501 3361 
6304 1161 3445 3230 
6305 2599 3490 1887 
6306 1650 2144 1443 
6307 876 3449 912 
6308 3521 3536 1885 
6309 1594 3450 1867 
6310 1631 3524 2947 
6311 2144 3123 1443 
6312 2304 3605 2587 
6313 3547 3604 2591 
6314 1633 3524 1631 
6315 1891 3513 2722 
6316 3000 3452 2325 
6317 1182 3499 3414 
6318 696 3517 727 
6319 3323 3543 3027 
6320 3455 3519 1878 
6321 1794 3533 3130 
6322 2901 3509 2900 
6323 2714 3586 3581 
6324 1098 3456 2544 
6325 1606 3514 2034 
6326 1131 3568 2433 
6327 2046 3538 1859 
6328 3033 3527 3032 
6329 1601 3523 1602 
6330 2245 3511 2649 
6331 2898 3453 2897 
6332 3459 3460 2827 
6333 1109 3519 1889 
6334 3408 3549 2687 
6335 3577 3584 2881 
6336 2039 3464 2040 
6337 3215 3521 1885 
6338 2753 3580 1896 
6339 2641 3446 2769 
6340 1122 3517 694 
6341 1947 3457 2968 
6342 3364 3446 2641 
6343 1172 3539 3009 
6344 1502 3491 3412 
6345 3361 3501 2356 
6346 2647 3474 3456 
6347 1135 3466 3102 
6348 1897 3581 3579 
6349 3307 3609 3588 
6350 3033 3532 3527 
6351 3422 3502 2034 
6352 2037 3521 3502 
6353 794 3525 688 
6354 684 3510 686 
6355 3427 3477 1147 
6356 1262 3542 1615 
6357 3099 3461 3100 
6358 2827 3460 2824 
6359 930 3532 3033 
6360 427 3459 423 
6361 2044 3464 3445 
6362 2318 3469 3429 
6363 3360 3461 3099 
6364 3279 3614 2437 
6365 3141 3467 1153 
6366 348 3588 2698 
6367 2708 3528 930 
6368 2045 3477 3427 
6369 3456 3474 2029 
6370 3379 3426 2024 
6371 3100 3458 3101 
6372 1351 3547 3158 
6373 3402 3462 3194 
6374 1334 3468 1336 
6375 1285 3540 2942 
6376 1940 3480 3381 
6377 1784 3538 3417 
6378 2723 3634 3630 
6379 2030 3463 2135 
6380 3360 3497 3461 
6381 2437 3614 2435 
6382 692 3529 1122 
6383 2252 3507 3492 
6384 3261 3455 2737 
6385 1410 3462 1392 
6386 3471 3506 3061 
6387 3534 3541 3216 
6388 2061 3635 3624 
6389 3028 3469 2318 
6390 1878 3470 1382 
6391 1153 3467 3460 
6392 650 2546 248 
6393 3358 3478 1292 
6394 2249 3497 2248 
6395 2039 3504 3464 
6396 793 3472 680 
6397 1292 3478 3326 
6398 2590 3547 2591 
6399 1848 3474 2007 
6400 3445 3464 1789 
6401 3412 3491 1879 
6402 492 3471 3141 
6403 3528 3532 930 
6404 1505 3544 2520 
6405 3537 3604 1637 
6406 3251 3526 1907 
6407 3580 3583 1896 
6408 3141 3471 3467 
6409 3579 3580 2753 
6410 1896 3583 3049 
6411 3440 3465 2028 
6412 2844 3476 3093 
6413 3536 3539 2046 
6414 1789 3504 917 
6415 3118 3473 2057 
6416 2855 3479 2861 
6417 2055 3616 2056 
6418 2700 3559 2699 
6419 3450 3463 2030 
6420 2846 3564 1020 
6421 3550 3558 606 
6422 2044 3481 2045 
6423 3464 3504 1789 
6424 3497 3505 2248 
6425 1615 3542 3375 
6426 1147 3477 3137 
6427 415 3485 413 
6428 2649 3522 2239 
6429 2604 3569 2660 
6430 1703 3484 2320 
6431 3414 3499 3233 
6432 3121 3549 1870 
6433 1895 3559 2425 
6434 229 3475 228 
6435 2045 3481 3477 
6436 2239 3546 2240 
6437 487 3454 3424 
6438 3461 3497 2249 
6439 1885 3536 2046 
6440 917 3534 3216 
6441 896 3465 3440 
6442 870 3511 3505 
6443 50 3557 49 
6444 3326 3478 2219 
6445 727 3488 2891 
6446 1173 3535 3531 
6447 3417 3538 2046 
6448 870 3522 3511 
6449 1339 3487 1342 
6450 3348 3565 3554 
6451 1887 3490 1888 
6452 419 3494 417 
6453 3506 3512 3061 
6454 3152 3558 1894 
6455 1066 3483 3272 
6456 1173 3531 2708 
6457 2351 3489 1881 
6458 2106 3482 2108 
6459 1160 3541 3526 
6460 3507 3546 1230 
6461 425 3495 419 
6462 51 3561 347 
6463 3194 3607 793 
6464 2942 3535 1173 
6465 3478 3515 2219 
6466 419 3495 3494 
6467 1505 3551 3544 
6468 3381 3480 2016 
6469 602 3563 53 
6470 1852 3552 3484 
6471 2746 3501 865 
6472 3049 3587 1898 
6473 1892 3570 1893 
6474 1889 3519 3455 
6475 2240 3507 2242 
6476 1431 3492 1220 
6477 2216 3493 2217 
6478 2584 3551 1505 
6479 2910 3572 2999 
6480 3583 3587 3049 
6481 2358 3625 3566 
6482 3126 3568 1131 
6483 3451 3466 1135 
6484 3407 3596 451 
6485 1604 3502 1603 
6486 2127 3498 3229 
6487 358 3550 606 
6488 2520 3544 3491 
6489 1879 3491 1956 
6490 485 3571 470 
6491 3535 3540 2052 
6492 2545 3500 3059 
6493 2480 3608 1743 
6494 54 3575 602 
6495 1252 3505 3497 
6496 2880 3584 2697 
6497 1369 3574 3051 
6498 2708 3531 3528 
6499 1870 3549 3408 
6500 2376 3560 2374 
6501 3063 3506 492 
6502 1893 3554 3268 
6503 2041 3504 2039 
6504 3433 3550 360 
6505 2976 3567 1364 
6506 810 3496 3351 
6507 834 3505 1252 
6508 348 3577 56 
6509 3504 3534 917 
6510 3503 3527 1863 
6511 2900 3509 2902 
6512 2717 3508 1696 
6513 3420 3503 1863 
6514 3059 3500 3465 
6515 3351 3496 2608 
6516 3476 3582 2608 
6517 2455 3518 3514 
6518 1252 3497 3360 
6519 1322 3593 2937 
6520 3526 3541 2053 
6521 1166 3510 684 
6522 2663 3550 3433 
6523 3492 3507 1230 
6524 3233 3499 2070 
6525 2534 3520 2598 
6526 3027 3565 3348 
6527 2248 3511 2245 
6528 3522 3546 2239 
6529 57 3588 348 
6530 3512 3514 1608 
6531 2037 3536 3521 
6532 3061 3512 1608 
6533 1182 3553 3304 
6534 1056 3553 1182 
6535 2552 3513 1891 
6536 2038 3516 1099 
6537 3502 3521 1603 
6538 1608 3514 1606 
6539 1706 3518 2455 
6540 694 3517 696 
6541 3087 3541 3534 
6542 3508 3524 1696 
6543 3531 3535 2050 
6544 492 3506 3471 
6545 3527 3532 3206 
6546 3261 3548 3455 
6547 2982 3530 1322 
6548 3216 3541 1160 
6549 3543 3565 3027 
6550 2656 3598 2654 
6551 1880 3523 1601 
6552 449 3596 479 
6553 2052 3543 3323 
6554 3252 3522 870 
6555 3455 3548 1889 
6556 3491 3544 1956 
6557 2047 3532 3528 
6558 2892 3519 1109 
6559 3307 3588 58 
6560 1696 3524 1633 
6561 688 3525 690 
6562 2436 3582 2437 
6563 2094 3594 2097 
6564 2048 3531 2050 
6565 2047 3528 2048 
6566 3356 3603 445 
6567 1603 3521 3215 
6568 1777 3539 3536 
6569 2219 3515 2220 
6570 3206 3532 2047 
6571 2655 3596 3407 
6572 443 3603 1174 
6573 690 3529 692 
6574 1863 3527 3206 
6575 2050 3535 2052 
6576 3525 3529 690 
6577 3118 3621 3363 
6578 1160 3526 3251 
6579 1731 3601 1733 
6580 1859 3538 1993 
6581 3087 3534 2041 
6582 3116 3590 611 
6583 2720 3604 3547 
6584 1777 3536 2037 
6585 2591 3537 2592 
6586 2479 3608 2480 
6587 3130 3533 3246 
6588 3009 3539 1777 
6589 3120 3540 1285 
6590 1641 3545 2053 
6591 611 3590 588 
6592 2054 3603 3356 
6593 2041 3534 3504 
6594 2303 3605 2304 
6595 1902 3600 1900 
6596 543 3633 3632 
6597 1870 3542 1262 
6598 3528 3531 2048 
6599 2716 3604 2720 
6600 1741 3609 3601 
6601 3505 3511 2248 
6602 2053 3541 3087 
6603 402 3615 2566 
6604 3600 3603 2054 
6605 2663 3558 3550 
6606 3252 3546 3522 
6607 3158 3547 2590 
6608 1893 3564 3554 
6609 1956 3544 2216 
6610 1615 3548 3261 
6611 1230 3546 3252 
6612 3544 3551 2216 
6613 3567 3576 2689 
6614 3152 3573 3558 
6615 3615 3628 1905 
6616 360 3550 358 
6617 3516 3523 1880 
6618 3120 3565 3543 
6619 3526 3545 1907 
6620 3244 3549 3121 
6621 1054 3566 1180 
6622 2038 3523 3516 
6623 2320 3552 3023 
6624 3268 3554 3081 
6625 3244 3555 3549 
6626 3619 3620 2058 
6627 1364 3567 3562 
6628 2655 3598 3596 
6629 3554 3565 3081 
6630 2689 3576 3090 
6631 2798 3556 2688 
6632 2699 3559 1895 
6633 3556 3562 2688 
6634 1638 3612 1905 
6635 733 3555 3244 
6636 1894 3558 2663 
6637 3566 3625 2321 
6638 347 3557 50 
6639 52 3561 51 
6640 2688 3562 2689 
6641 3540 3543 2052 
6642 1052 3566 1054 
6643 2868 3576 3567 
6644 2868 3567 2976 
6645 3588 3609 2698 
6646 2565 3620 2547 
6647 3576 3578 3090 
6648 2660 3568 3126 
6649 3081 3565 3120 
6650 52 3563 3561 
6651 53 3563 52 
6652 3090 3578 2691 
6653 1103 3569 2604 
6654 2390 3560 2376 
6655 2426 3572 2910 
6656 1020 3571 485 
6657 2342 3570 1892 
6658 2095 3614 3279 
6659 1180 3553 1056 
6660 2053 3545 3526 
6661 2056 3619 2058 
6662 3348 3564 2846 
6663 2102 3594 3582 
6664 882 3576 2868 
6665 3051 3574 3138 
6666 55 3575 54 
6667 3484 3552 2320 
6668 3601 3609 2481 
6669 2216 3551 3493 
6670 3120 3543 3540 
6671 3597 3598 2656 
6672 55 3577 3575 
6673 882 3578 3576 
6674 2480 3606 2481 
6675 2691 3585 2690 
6676 56 3577 55 
6677 3554 3564 3348 
6678 2095 3622 3614 
6679 3138 3578 882 
6680 3125 3583 3580 
6681 3125 3580 1148 
6682 1148 3579 2956 
6683 2956 3581 486 
6684 2102 3582 3476 
6685 2881 3584 2880 
6686 3574 3578 3138 
6687 3579 3581 2956 
6688 1369 3585 3574 
6689 606 3573 3306 
6690 483 3583 3125 
6691 3582 3594 2437 
6692 1148 3580 3579 
6693 2691 3578 3574 
6694 2937 3587 483 
6695 2851 3589 1094 
6696 3581 3586 486 
6697 58 3588 57 
6698 486 3586 2851 
6699 3586 3589 2851 
6700 2565 3621 3620 
6701 483 3587 3583 
6702 1898 3593 1903 
6703 2698 3609 1741 
6704 3595 3600 1902 
6705 2690 3591 2692 
6706 2496 3613 1412 
6707 1107 3628 2611 
6708 588 3590 1351 
6709 3585 3591 2690 
6710 2097 3594 2102 
6711 1174 3595 3077 
6712 451 3596 449 
6713 3589 3592 1094 
6714 3558 3573 606 
6715 2654 3598 2655 
6716 3462 3602 3194 
6717 2061 3623 1904 
6718 1412 3617 2706 
6719 3562 3567 2689 
6720 2692 3599 2998 
6721 1900 3600 2054 
6722 3591 3599 2692 
6723 2497 3611 2496 
6724 1741 3601 1731 
6725 1905 3626 1639 
6726 479 3597 3356 
6727 445 3603 443 
6728 3613 3617 1412 
6729 2498 3607 2497 
6730 2778 3631 3622 
6731 1094 3592 3407 
6732 2307 3605 2303 
6733 1906 3633 2061 
6734 3545 3618 1908 
6735 73 3635 72 
6736 3601 3606 1733 
6737 2361 3610 3608 
6738 3570 3571 1020 
6739 2402 3616 350 
6740 1410 3611 3602 
6741 2361 3608 2479 
6742 3611 3613 2496 
6743 2342 3571 3570 
6744 1121 3634 2723 
6745 2566 3627 2565 
6746 1410 3602 3462 
6747 3602 3611 2497 
6748 350 3610 2361 
6749 543 3632 2657 
6750 2402 3619 3616 
6751 3574 3585 2691 
6752 2566 3615 3612 
6753 3285 3611 1410 
6754 3630 3634 2129 
6755 2481 3609 3307 
6756 350 3616 3610 
6757 2129 3639 3324 
6758 1831 3612 1638 
6759 2778 3622 2095 
6760 2591 3604 3537 
6761 74 3624 73 
6762 3622 3631 2412 
6763 479 3598 3597 
6764 2435 3614 2413 
6765 2611 3615 402 
6766 2481 3606 3601 
6767 2059 3617 3613 
6768 2059 3613 3285 
6769 3285 3613 3611 
6770 3612 3615 1905 
6771 3587 3593 1898 
6772 1174 3600 3595 
6773 2060 3617 2059 
6774 2937 3593 3587 
6775 3632 3633 1908 
6776 3614 3622 2413 
6777 3625 3630 2128 
6778 1062 3619 2402 
6779 1905 3628 3626 
6780 824 3624 74 
6781 1062 3620 3619 
6782 3602 3607 3194 
6783 2497 3607 3602 
6784 2547 3620 1062 
6785 1831 3627 3612 
6786 2321 3625 2128 
6787 3612 3627 2566 
6788 763 3630 3625 
6789 2058 3621 3118 
6790 1291 3637 2588 
6791 2413 3622 2412 
6792 3620 3621 2058 
6793 2412 3631 2414 
6794 2414 3629 2550 
6795 1641 3626 3618 
6796 1641 3618 3545 
6797 1291 3638 3637 
6798 2588 3636 824 
6799 3618 3626 2658 
6800 763 3625 2358 
6801 1904 3623 1909 
6802 2061 3624 3623 
6803 2657 3632 2658 
6804 3633 3635 2061 
6805 2723 3630 763 
6806 1639 3626 1641 
6807 2658 3628 1107 
6808 2588 3637 3636 
6809 3634 3639 2129 
6810 3623 3636 1909 
6811 2119 3631 2778 
6812 3363 3627 1831 
6813 824 3636 3623 
6814 3629 3631 2119 
6815 2642 3629 2119 
6816 2128 3630 2129 
6817 2414 3631 3629 
6818 2550 3634 1121 
6819 2642 3639 3629 
6820 1908 3633 1906 
6821 72 3635 543 
6822 3629 3639 2550 
6823 2222 3638 2223 
6824 1909 3636 3332 
6825 3332 3637 2222 
6826 3637 3638 2222 
6827 3324 3639 2642 
6828 3636 3637 3332 
6829 3623 3624 824 
6830 3626 3628 2658 
6831 3618 3632 1908 
6832 2658 3632 3618 
6833 543 3635 3633 
6834 2550 3639 3634 
6835 2421 3641 2422 
6836 3648 3934 2493 
6837 3655 3941 2582 
6838 2672 3675 2674 
6839 1479 3776 2908 
6840 281 3640 815 
6841 1117 3640 280 
6842 1520 3641 1522 
6843 27 3642 26 
6844 2996 3643 1798 
6845 3741 3943 2210 
6846 1957 3670 2843 
6847 892 3644 2652 
6848 3197 3674 2186 
6849 253 3645 252 
6850 251 3646 250 
6851 2289 3862 1650 
6852 1667 3647 1521 
6853 1519 3647 1668 
6854 3698 3942 351 
6855 2494 3648 2493 
6856 280 3640 281 
6857 182 3764 2571 
6858 1651 3641 1520 
6859 749 3642 27 
6860 1218 3785 2522 
6861 2261 3786 118 
6862 118 3800 2261 
6863 127 3813 2262 
6864 1921 3797 2500 
6865 2586 3788 614 
6866 2263 3789 147 
6867 2822 3798 1422 
6868 341 3790 2509 
6869 2988 3801 601 
6870 2264 3793 156 
6871 2306 3795 153 
6872 156 3803 2264 
6873 159 3804 2265 
6874 1067 3807 2226 
6875 2354 3814 2142 
6876 1429 3810 2473 
6877 1427 3806 2371 
6878 2253 3808 1087 
6879 166 3799 2266 
6880 1925 3794 2603 
6881 1087 3809 2253 
6882 2267 3811 173 
6883 1391 3805 2378 
6884 2474 3802 1431 
6885 2706 3812 2388 
6886 872 3668 2273 
6887 2514 3841 3718 
6888 3245 3840 3653 
6889 1210 3643 2996 
6890 2652 3644 2653 
6891 3287 3863 2130 
6892 3642 3648 2494 
6893 252 3645 744 
6894 744 3646 251 
6895 2789 3650 2911 
6896 3075 3667 2775 
6897 2793 3651 2792 
6898 2295 3649 1096 
6899 1096 3649 2416 
6900 2908 3829 1479 
6901 1650 3862 2145 
6902 1521 3647 1519 
6903 2130 3863 3644 
6904 1958 3657 2293 
6905 2293 3656 2211 
6906 3480 3942 3698 
6907 2906 3652 2908 
6908 2915 3652 2907 
6909 2571 3752 1049 
6910 2627 3653 2625 
6911 2410 3654 2407 
6912 3301 3654 1477 
6913 2416 3649 2420 
6914 2211 3656 1829 
6915 3045 3656 1645 
6916 3355 3657 1958 
6917 1645 3657 2613 
6918 293 3658 294 
6919 78 3659 77 
6920 111 3660 110 
6921 1291 3659 3638 
6922 1305 3661 3143 
6923 2653 3676 2901 
6924 2274 3756 401 
6925 3091 3755 2168 
6926 2179 3673 2272 
6927 2190 3784 3262 
6928 2256 3649 2295 
6929 1068 3751 2510 
6930 3681 3935 2460 
6931 2595 3936 3680 
6932 2285 3895 1662 
6933 815 3655 2583 
6934 1665 3663 2576 
6935 267 3664 266 
6936 2915 3932 3652 
6937 1163 3923 2492 
6938 1659 3925 2420 
6939 818 3926 2255 
6940 651 3921 2257 
6941 817 3929 2284 
6942 2284 3928 817 
6943 2269 3922 751 
6944 2492 3923 748 
6945 2284 3929 1297 
6946 2255 3926 2759 
6947 2759 3927 2255 
6948 2418 3924 1652 
6949 1675 3856 3128 
6950 288 3669 2280 
6951 2790 3650 2789 
6952 1150 3753 2268 
6953 2609 3754 2203 
6954 2792 3651 2795 
6955 3280 3665 2888 
6956 2673 3784 2671 
6957 1139 3667 3075 
6958 2626 3667 3447 
6959 3317 3742 2409 
6960 2863 3740 2931 
6961 2273 3671 2158 
6962 847 3668 872 
6963 1167 3668 895 
6964 752 3669 287 
6965 2843 3670 2842 
6966 1123 3670 3054 
6967 3661 3839 3143 
6968 3054 3661 3055 
6969 2158 3671 1547 
6970 1201 3671 1167 
6971 2907 3652 2906 
6972 3055 3672 3052 
6973 872 3673 1048 
6974 1676 3673 2179 
6975 2796 3692 2337 
6976 2337 3692 1910 
6977 2449 3920 3682 
6978 1466 3674 1675 
6979 2186 3674 1661 
6980 3573 3675 3306 
6981 3652 3932 1483 
6982 2901 3676 3509 
6983 2117 3676 3287 
6984 2625 3653 2626 
6985 2923 3678 2922 
6986 3317 3678 3316 
6987 1933 3677 1935 
6988 2200 3679 2204 
6989 3075 3680 3074 
6990 2449 3682 2448 
6991 342 3683 2843 
6992 2879 3684 2878 
6993 381 3684 2926 
6994 2290 3758 2193 
6995 2407 3654 2408 
6996 2583 3655 2582 
6997 600 3747 2970 
6998 1965 3686 2180 
6999 2017 3687 3180 
7000 2280 3669 2281 
7001 650 3935 3681 
7002 3680 3936 743 
7003 1829 3656 3045 
7004 2613 3657 3355 
7005 559 3858 3835 
7006 3831 3842 2622 
7007 1485 3817 2793 
7008 3653 3840 2626 
7009 268 3688 267 
7010 294 3658 473 
7011 77 3659 1291 
7012 110 3660 1290 
7013 1931 3689 2187 
7014 2171 3690 2062 
7015 39 3738 2286 
7016 3646 3746 250 
7017 253 3745 3645 
7018 3835 3858 2189 
7019 2713 3842 3831 
7020 1672 3693 1272 
7021 3212 3661 1305 
7022 1910 3692 1495 
7023 1944 3694 1767 
7024 2172 3695 2171 
7025 2187 3696 2188 
7026 2938 3666 2185 
7027 2182 3697 2183 
7028 2186 3783 3198 
7029 2911 3815 1485 
7030 2016 3698 2017 
7031 2343 3710 226 
7032 2694 3699 2693 
7033 2830 3703 2829 
7034 2538 3709 2537 
7035 2756 3704 2755 
7036 2758 3699 2757 
7037 2754 3704 2539 
7038 2131 3703 2694 
7039 2201 3707 2830 
7040 215 3705 626 
7041 745 3702 221 
7042 2457 3709 2458 
7043 626 3711 214 
7044 219 3700 804 
7045 804 3701 218 
7046 222 3706 745 
7047 746 3708 224 
7048 2206 3707 2202 
7049 217 3701 1152 
7050 1152 3705 216 
7051 212 3712 554 
7052 225 3710 746 
7053 2122 3713 2093 
7054 2089 3714 2123 
7055 2467 3719 2466 
7056 2514 3717 237 
7057 236 3717 756 
7058 760 3715 230 
7059 756 3721 235 
7060 234 3721 1088 
7061 241 3727 1086 
7062 3146 3729 2876 
7063 2710 3723 2712 
7064 306 3724 1386 
7065 2132 3726 2083 
7066 377 3724 305 
7067 2513 3716 2512 
7068 2712 3725 2711 
7069 2874 3732 2872 
7070 2920 3734 2919 
7071 2786 3732 2920 
7072 301 3731 1183 
7073 344 3731 300 
7074 2873 3730 2874 
7075 299 3733 344 
7076 1134 3733 298 
7077 2080 3726 2079 
7078 1539 3735 1299 
7079 2178 3720 2075 
7080 1298 3735 1673 
7081 2077 3722 2178 
7082 652 3738 40 
7083 1349 3736 1596 
7084 229 3715 3475 
7085 2175 3718 2071 
7086 3066 3729 1538 
7087 2073 3720 2175 
7088 2068 3728 1543 
7089 1545 3728 2133 
7090 2162 3739 2176 
7091 3237 3739 3236 
7092 667 3749 2292 
7093 3643 3931 2673 
7094 823 3771 2288 
7095 2860 3740 2859 
7096 1935 3741 1936 
7097 2204 3743 2205 
7098 2163 3744 2161 
7099 3643 3770 1798 
7100 243 3662 242 
7101 3645 3745 2594 
7102 2462 3746 3646 
7103 743 3745 254 
7104 249 3746 650 
7105 1949 3747 2854 
7106 2595 3680 2606 
7107 2157 3681 2460 
7108 2925 3748 1125 
7109 1101 3749 273 
7110 272 3749 667 
7111 2347 3750 2348 
7112 3313 3776 1479 
7113 1964 3751 2156 
7114 2569 3752 2571 
7115 3774 3937 2145 
7116 82 3753 1150 
7117 621 3753 83 
7118 885 3754 2609 
7119 1050 3754 948 
7120 1137 3755 190 
7121 189 3755 3091 
7122 401 3756 100 
7123 99 3756 1233 
7124 1138 3938 2451 
7125 2945 3757 1120 
7126 406 3758 208 
7127 1150 3759 81 
7128 808 3760 326 
7129 80 3759 1961 
7130 2275 3760 2212 
7131 1049 3761 180 
7132 1138 3762 15 
7133 823 3763 107 
7134 106 3763 2651 
7135 591 3764 183 
7136 2167 3766 2943 
7137 2025 3765 2987 
7138 667 3767 271 
7139 270 3767 3069 
7140 2609 3816 892 
7141 201 3768 600 
7142 1274 3769 3280 
7143 2674 3770 3643 
7144 3152 3770 3573 
7145 108 3771 823 
7146 1290 3771 109 
7147 3054 3839 3661 
7148 1540 3772 1662 
7149 1475 3750 3313 
7150 1940 3775 3480 
7151 2349 3776 2347 
7152 2576 3663 2577 
7153 2210 3777 3388 
7154 266 3664 759 
7155 2463 3778 2064 
7156 2334 3821 2337 
7157 1487 3666 2938 
7158 2969 3781 2933 
7159 489 3741 3076 
7160 3128 3743 1217 
7161 1473 3742 3315 
7162 2863 3781 3487 
7163 1342 3781 2969 
7164 2067 3783 2186 
7165 2522 3785 2136 
7166 1087 3808 2475 
7167 2821 3792 2822 
7168 118 3786 117 
7169 2252 3802 2253 
7170 2469 3807 1067 
7171 2137 3788 2586 
7172 2509 3790 2139 
7173 147 3789 146 
7174 128 3813 127 
7175 156 3793 155 
7176 153 3795 152 
7177 2299 3801 2988 
7178 2473 3807 2470 
7179 1422 3798 1420 
7180 167 3799 166 
7181 1537 3798 2148 
7182 1924 3794 1925 
7183 119 3800 118 
7184 157 3803 156 
7185 2371 3806 2373 
7186 160 3804 159 
7187 3018 3810 1429 
7188 2471 3808 2474 
7189 1395 3805 1391 
7190 173 3811 172 
7191 3260 3797 1921 
7192 2253 3809 2251 
7193 2226 3810 2151 
7194 1431 3802 3492 
7195 3617 3812 2706 
7196 1073 3814 2354 
7197 2490 3940 2495 
7198 1485 3815 1482 
7199 1486 3817 1485 
7200 2174 3818 2192 
7201 1 3820 276 
7202 13 3820 1 
7203 1684 3820 2450 
7204 112 3822 4 
7205 2 3824 45 
7206 4 3822 111 
7207 1437 3824 2 
7208 6 3825 177 
7209 178 3825 6 
7210 2670 3824 2672 
7211 1685 3825 2558 
7212 1958 3819 12 
7213 340 3821 9 
7214 9 3821 2334 
7215 12 3819 325 
7216 1959 3823 11 
7217 809 3823 2901 
7218 11 3823 309 
7219 3 3826 78 
7220 79 3826 3 
7221 10 3827 293 
7222 3123 3827 10 
7223 2489 3940 2490 
7224 2840 3698 351 
7225 1945 3683 1949 
7226 1479 3829 1480 
7227 2648 3832 2066 
7228 1183 3830 3017 
7229 1088 3833 2602 
7230 42 3834 41 
7231 2634 3836 760 
7232 43 3835 42 
7233 1386 3831 3410 
7234 3020 3837 377 
7235 3036 3838 1134 
7236 1493 3933 1490 
7237 1484 3932 1487 
7238 2759 3926 34 
7239 36 3929 817 
7240 1297 3929 37 
7241 33 3926 818 
7242 1652 3924 1526 
7243 2170 3928 2284 
7244 2255 3927 1690 
7245 1530 3925 1659 
7246 748 3923 24 
7247 23 3923 1163 
7248 751 3922 20 
7249 18 3921 651 
7250 1347 3848 1350 
7251 1472 3861 1475 
7252 2388 3900 2389 
7253 2500 3901 2499 
7254 2264 3905 2149 
7255 873 3915 174 
7256 2559 3917 2557 
7257 2927 3902 2147 
7258 2300 3909 2306 
7259 2378 3916 2375 
7260 165 3912 1087 
7261 2261 3899 2138 
7262 2153 3911 2267 
7263 2140 3908 2264 
7264 2265 3906 2150 
7265 1389 3913 1427 
7266 2266 3914 2250 
7267 614 3903 148 
7268 158 3910 341 
7269 601 3907 154 
7270 126 3904 1218 
7271 2142 3897 1918 
7272 2262 3898 2152 
7273 2571 3764 2570 
7274 1474 3865 1473 
7275 2275 3779 807 
7276 3069 3697 758 
7277 244 3828 8 
7278 8 3828 243 
7279 2888 3665 1414 
7280 1273 3744 3262 
7281 2914 3666 2915 
7282 2522 3880 1218 
7283 614 3868 2586 
7284 2142 3888 2354 
7285 1422 3872 2822 
7286 2473 3883 1429 
7287 2371 3882 1427 
7288 1431 3890 2474 
7289 2388 3894 2706 
7290 2500 3902 1921 
7291 2262 3904 127 
7292 147 3903 2263 
7293 2509 3905 341 
7294 601 3908 2988 
7295 153 3907 2306 
7296 2226 3906 1067 
7297 2265 3910 159 
7298 2266 3912 166 
7299 2603 3917 1925 
7300 173 3915 2267 
7301 2378 3913 1391 
7302 1960 3748 2926 
7303 3682 3920 1944 
7304 2651 3696 542 
7305 2934 3695 591 
7306 2860 3768 202 
7307 2069 3841 2068 
7308 3447 3667 1139 
7309 3301 3896 3654 
7310 3336 3682 1944 
7311 895 3668 847 
7312 287 3669 288 
7313 3198 3783 406 
7314 2842 3670 1123 
7315 3642 3939 3648 
7316 3662 3727 242 
7317 3162 3690 1188 
7318 2560 3689 1100 
7319 2156 3681 2157 
7320 2879 3757 2065 
7321 1547 3671 1201 
7322 3052 3672 364 
7323 1048 3673 1676 
7324 2790 3896 3650 
7325 2197 3685 2198 
7326 3010 3686 1137 
7327 1233 3687 2839 
7328 1661 3674 1466 
7329 3306 3675 1437 
7330 3648 3939 2422 
7331 3661 3918 3055 
7332 3509 3676 2117 
7333 1650 3780 2289 
7334 3641 3934 2422 
7335 2629 3677 1933 
7336 3114 3677 621 
7337 2199 3679 2200 
7338 2922 3678 1124 
7339 3047 3679 1050 
7340 2290 3782 1129 
7341 3074 3680 743 
7342 650 3681 2546 
7343 2448 3682 1101 
7344 2939 3683 342 
7345 2878 3684 381 
7346 2213 3779 2275 
7347 2410 3865 3654 
7348 3654 3896 2408 
7349 2740 3686 1965 
7350 3180 3687 2209 
7351 2279 3691 2277 
7352 3658 3937 473 
7353 3212 3918 3661 
7354 758 3688 268 
7355 2987 3689 1931 
7356 2062 3690 2167 
7357 1495 3692 1493 
7358 2422 3934 3648 
7359 2194 3782 2290 
7360 1272 3693 1273 
7361 2145 3862 3774 
7362 1649 3780 1650 
7363 1350 3848 3818 
7364 2291 3780 1930 
7365 1767 3694 2166 
7366 2572 3695 2172 
7367 2188 3696 3515 
7368 14 3762 2450 
7369 179 3761 2558 
7370 3315 3742 3317 
7371 2931 3740 352 
7372 2627 3861 3653 
7373 2858 3768 2860 
7374 2183 3697 3493 
7375 3480 3698 2016 
7376 2693 3699 2758 
7377 2829 3703 2131 
7378 220 3700 219 
7379 218 3701 217 
7380 220 3702 3700 
7381 221 3702 220 
7382 2755 3704 2754 
7383 216 3705 215 
7384 214 3711 213 
7385 223 3706 222 
7386 223 3708 3706 
7387 224 3708 223 
7388 2202 3707 2201 
7389 2537 3709 2457 
7390 226 3710 225 
7391 3711 3712 213 
7392 213 3712 212 
7393 2093 3713 2091 
7394 3713 3714 2091 
7395 2091 3714 2089 
7396 2512 3716 2132 
7397 230 3715 229 
7398 2466 3719 666 
7399 237 3717 236 
7400 2713 3723 2710 
7401 235 3721 234 
7402 2075 3720 2073 
7403 2071 3718 2069 
7404 2079 3722 2077 
7405 305 3724 306 
7406 2711 3725 3066 
7407 242 3727 241 
7408 2083 3726 2080 
7409 1538 3729 3146 
7410 2872 3732 2786 
7411 2876 3730 2873 
7412 300 3731 301 
7413 298 3733 299 
7414 1543 3728 1545 
7415 2919 3734 2787 
7416 1299 3735 1298 
7417 1350 3736 1349 
7418 2176 3737 2189 
7419 40 3738 39 
7420 3236 3739 2162 
7421 760 3836 3716 
7422 377 3837 3725 
7423 1134 3838 3734 
7424 42 3835 3737 
7425 3722 3833 1088 
7426 3736 3832 2648 
7427 3737 3834 42 
7428 3730 3830 1183 
7429 3723 3831 1386 
7430 1930 3780 1649 
7431 2859 3740 2863 
7432 1936 3741 2210 
7433 2409 3742 2410 
7434 2205 3743 2208 
7435 2190 3744 2163 
7436 3654 3865 1477 
7437 3660 3685 1290 
7438 2932 3782 2196 
7439 2214 3748 1960 
7440 2065 3757 3210 
7441 3812 3900 2388 
7442 3791 3917 2559 
7443 3796 3915 873 
7444 3805 3916 2378 
7445 3799 3914 2266 
7446 1087 3912 3809 
7447 1427 3913 3806 
7448 2267 3911 3811 
7449 2306 3909 3795 
7450 2264 3908 3793 
7451 341 3910 3790 
7452 3803 3905 2264 
7453 1218 3904 3785 
7454 3804 3906 2265 
7455 3801 3907 601 
7456 3788 3903 614 
7457 2147 3902 3787 
7458 3797 3901 2500 
7459 3800 3899 2261 
7460 3813 3898 2262 
7461 3814 3897 2142 
7462 2196 3782 2194 
7463 2130 3816 3337 
7464 254 3745 253 
7465 250 3746 249 
7466 2854 3747 2856 
7467 3652 3829 2908 
7468 2068 3841 3719 
7469 3319 3779 2213 
7470 2923 3779 3319 
7471 2926 3748 2925 
7472 273 3749 272 
7473 2348 3750 2627 
7474 2155 3751 1964 
7475 2695 3752 2569 
7476 3647 3941 2440 
7477 3644 3816 2130 
7478 83 3753 82 
7479 948 3754 885 
7480 190 3755 189 
7481 100 3756 99 
7482 1120 3757 2879 
7483 208 3758 207 
7484 15 3762 14 
7485 81 3759 80 
7486 180 3761 179 
7487 326 3760 327 
7488 2450 3762 2451 
7489 2558 3761 2559 
7490 3653 3861 1471 
7491 107 3763 106 
7492 183 3764 182 
7493 2777 3765 2025 
7494 2943 3766 2146 
7495 271 3767 270 
7496 808 3819 2293 
7497 2293 3819 1958 
7498 202 3768 201 
7499 3039 3769 1274 
7500 1798 3770 3152 
7501 109 3771 108 
7502 1541 3772 1540 
7503 554 3855 2809 
7504 2458 3859 2122 
7505 3475 3850 2345 
7506 3002 3844 2134 
7507 3003 3845 3002 
7508 2622 3842 883 
7509 2134 3843 2173 
7510 3002 3845 3844 
7511 2134 3844 3843 
7512 2802 3846 3003 
7513 3003 3846 3845 
7514 2800 3851 2802 
7515 2800 3852 3851 
7516 2799 3854 3852 
7517 3853 3854 2135 
7518 2799 3852 2800 
7519 2802 3851 3846 
7520 3849 3853 3463 
7521 2135 3854 2799 
7522 1086 3857 2467 
7523 2195 3847 2196 
7524 2195 3848 3847 
7525 3463 3853 2135 
7526 1596 3849 3463 
7527 2671 3858 559 
7528 2787 3860 1539 
7529 2177 3773 2155 
7530 2524 3774 2526 
7531 3210 3775 1940 
7532 2908 3776 2349 
7533 3838 3860 2787 
7534 3388 3777 2214 
7535 2064 3778 2593 
7536 2695 3791 3752 
7537 2440 3941 3655 
7538 807 3779 2923 
7539 1210 3931 3643 
7540 2793 3817 3651 
7541 2289 3780 2291 
7542 1686 3773 3662 
7543 3650 3815 2911 
7544 3487 3781 1342 
7545 1483 3829 3652 
7546 1662 3895 3237 
7547 1129 3782 2932 
7548 78 3826 3659 
7549 293 3827 3658 
7550 111 3822 3660 
7551 3262 3931 1210 
7552 3055 3918 3672 
7553 2191 3783 2067 
7554 2286 3895 2285 
7555 2136 3785 2262 
7556 620 3787 2500 
7557 117 3786 620 
7558 3786 3787 620 
7559 345 3792 2821 
7560 2263 3788 2137 
7561 1925 3791 2695 
7562 2139 3790 2265 
7563 146 3789 345 
7564 155 3793 601 
7565 2141 3794 1924 
7566 152 3795 343 
7567 2225 3797 3260 
7568 3789 3792 345 
7569 2141 3796 3794 
7570 2267 3796 2141 
7571 1420 3798 1537 
7572 405 3799 167 
7573 488 3800 119 
7574 2306 3801 2299 
7575 341 3803 157 
7576 2470 3807 2469 
7577 1067 3804 160 
7578 1423 3805 1395 
7579 2373 3806 2378 
7580 2475 3808 2471 
7581 3492 3802 2252 
7582 2251 3809 2266 
7583 2151 3810 3018 
7584 172 3811 555 
7585 346 3813 128 
7586 2392 3814 1073 
7587 2060 3812 3617 
7588 2210 3943 3777 
7589 1482 3815 1481 
7590 2524 3937 3774 
7591 892 3816 3644 
7592 3775 3942 3480 
7593 1489 3817 1486 
7594 2192 3818 2195 
7595 3674 3864 1675 
7596 1686 3828 244 
7597 276 3820 1684 
7598 1962 3822 112 
7599 325 3819 808 
7600 45 3824 2670 
7601 177 3825 1685 
7602 821 3821 340 
7603 309 3823 809 
7604 1961 3826 79 
7605 2144 3827 3123 
7606 743 3936 3745 
7607 3746 3935 650 
7608 1673 3862 2289 
7609 2775 3840 3245 
7610 3670 3839 3054 
7611 3676 3863 3287 
7612 2626 3840 3667 
7613 3651 3817 1489 
7614 1944 3920 3694 
7615 1672 3919 3693 
7616 1480 3829 1483 
7617 3017 3830 3021 
7618 3410 3831 2622 
7619 2066 3832 2174 
7620 2602 3833 2635 
7621 41 3834 652 
7622 559 3835 43 
7623 2635 3836 2634 
7624 2525 3838 3036 
7625 3021 3837 3020 
7626 1481 3815 3650 
7627 3143 3839 1957 
7628 2525 3860 3838 
7629 2143 3919 2158 
7630 2173 3842 2713 
7631 883 3843 3243 
7632 3243 3844 1186 
7633 3844 3845 1186 
7634 3843 3844 3243 
7635 1186 3845 3322 
7636 1689 3854 2515 
7637 3322 3846 1211 
7638 3846 3851 1211 
7639 2515 3854 3853 
7640 1963 3849 2648 
7641 1963 3853 3849 
7642 2969 3847 1346 
7643 1346 3848 1347 
7644 3852 3854 1689 
7645 3847 3848 1346 
7646 2123 3850 2513 
7647 1211 3851 3188 
7648 3851 3852 3188 
7649 2515 3853 1963 
7650 3845 3846 3322 
7651 3188 3852 1689 
7652 2208 3855 2207 
7653 2133 3857 2177 
7654 2189 3858 2190 
7655 2344 3859 2343 
7656 2526 3860 2525 
7657 752 3866 3669 
7658 2451 3920 2449 
7659 1471 3861 1472 
7660 2198 3930 3873 
7661 2809 3864 3197 
7662 1477 3865 1474 
7663 343 3909 3877 
7664 3884 3914 405 
7665 555 3911 3887 
7666 3889 3916 1423 
7667 3873 3901 2225 
7668 3867 3899 488 
7669 3888 3898 346 
7670 3897 3900 2060 
7671 2392 3900 3897 
7672 2260 3871 2311 
7673 2224 3867 2339 
7674 2310 3880 2522 
7675 2311 3878 2310 
7676 2511 3888 2142 
7677 1069 3873 2423 
7678 3878 3880 2310 
7679 2259 3870 2260 
7680 2339 3869 2259 
7681 3871 3878 2311 
7682 2587 3874 2304 
7683 3869 3870 2259 
7684 3870 3871 2260 
7685 3867 3869 2339 
7686 2354 3888 346 
7687 1426 3881 3879 
7688 3879 3881 2367 
7689 3868 3874 2587 
7690 2586 3868 2587 
7691 2853 3868 614 
7692 3201 3867 488 
7693 3205 3893 3892 
7694 3376 3875 3872 
7695 3892 3893 2384 
7696 3201 3869 3867 
7697 1155 3869 3201 
7698 1155 3870 3869 
7699 3376 3872 1422 
7700 3204 3870 1155 
7701 2822 3872 2820 
7702 380 3871 3204 
7703 3883 3890 2903 
7704 3311 3879 3876 
7705 2853 3874 3868 
7706 2032 3876 3875 
7707 3204 3871 3870 
7708 1429 3883 2903 
7709 2820 3875 2819 
7710 2304 3877 2302 
7711 3872 3875 2820 
7712 2819 3876 2366 
7713 3119 3874 2853 
7714 2198 3873 2225 
7715 3311 3876 2032 
7716 380 3878 3871 
7717 3119 3877 3874 
7718 2366 3879 2367 
7719 3874 3877 2304 
7720 3876 3879 2366 
7721 2032 3875 3376 
7722 2367 3881 2369 
7723 3875 3876 2819 
7724 343 3877 3119 
7725 1426 3879 3311 
7726 2903 3890 1431 
7727 555 3887 2761 
7728 2761 3886 1119 
7729 2811 3884 405 
7730 1119 3885 2811 
7731 3207 3878 380 
7732 2761 3887 3886 
7733 1218 3880 3207 
7734 2369 3882 2371 
7735 2811 3885 3884 
7736 3207 3880 3878 
7737 3342 3881 1426 
7738 1119 3886 3885 
7739 1427 3882 3342 
7740 2472 3883 2473 
7741 2472 3890 3883 
7742 2377 3889 2380 
7743 2380 3891 2382 
7744 2382 3892 2384 
7745 2650 3886 2229 
7746 2474 3890 2472 
7747 1430 3894 3893 
7748 3884 3885 3300 
7749 3886 3887 2229 
7750 2229 3887 2227 
7751 2254 3884 3300 
7752 3885 3886 2650 
7753 3300 3885 2650 
7754 2706 3894 1430 
7755 3178 3889 1423 
7756 1430 3893 3205 
7757 3891 3892 2382 
7758 1432 3891 3178 
7759 3178 3891 3889 
7760 2384 3893 2386 
7761 3889 3891 2380 
7762 1432 3892 3891 
7763 3893 3894 2386 
7764 2386 3894 2388 
7765 3205 3892 1432 
7766 3881 3882 2369 
7767 3342 3882 3881 
7768 3877 3909 2302 
7769 3887 3911 2227 
7770 2254 3914 3884 
7771 2377 3916 3889 
7772 1069 3901 3873 
7773 2224 3899 3867 
7774 2511 3898 3888 
7775 2408 3896 2790 
7776 2389 3900 2392 
7777 2152 3898 2511 
7778 1918 3897 2060 
7779 1921 3902 2927 
7780 2138 3899 2224 
7781 2499 3901 1069 
7782 148 3903 147 
7783 2149 3905 2509 
7784 127 3904 126 
7785 2150 3906 2226 
7786 154 3907 153 
7787 2302 3909 2300 
7788 2988 3908 2140 
7789 159 3910 158 
7790 166 3912 165 
7791 2227 3911 2153 
7792 1391 3913 1389 
7793 2557 3917 2603 
7794 2375 3916 2377 
7795 2250 3914 2254 
7796 174 3915 173 
7797 2181 3918 3212 
7798 3873 3930 2423 
7799 19 3921 18 
7800 24 3923 23 
7801 20 3922 19 
7802 19 3922 3921 
7803 1526 3924 1528 
7804 3924 3925 1528 
7805 34 3926 33 
7806 1528 3925 1530 
7807 37 3929 36 
7808 3927 3928 2160 
7809 1690 3927 2160 
7810 2160 3928 2170 
7811 2423 3930 1962 
7812 1483 3932 1484 
7813 1490 3933 1489 
7814 2460 3935 2462 
7815 2594 3936 2595 
7816 473 3937 2524 
7817 1667 3941 3647 
7818 2995 3943 489 
7819 1657 3940 2489 
7820 351 3942 2944 
7821 3658 3827 2144 
7822 3659 3826 1961 
7823 3660 3822 1962 
7824 3644 3863 2653 
7825 1651 3934 3641 
7826 749 3939 3642 
7827 2451 3938 3694 
7828 3662 3828 1686 
7829 243 3828 3662 
7830 3719 3841 666 
7831 2713 3831 3723 
7832 2079 3833 3722 
7833 2876 3830 3730 
7834 3716 3836 2132 
7835 1350 3832 3736 
7836 3725 3837 3066 
7837 2176 3834 3737 
7838 3734 3838 2787 
7839 3737 3835 2189 
7840 3672 3918 2181 
7841 3667 3840 2775 
7842 2281 3866 3663 
7843 1957 3839 3670 
7844 3669 3866 2281 
7845 3197 3864 3674 
7846 2208 3856 3855 
7847 3855 3856 2809 
7848 2653 3863 3676 
7849 3842 3843 883 
7850 2173 3843 3842 
7851 3818 3848 2195 
7852 3693 3919 2143 
7853 3784 3931 3262 
7854 3685 3930 2198 
7855 3694 3920 2451 
7856 3718 3841 2069 
7857 3774 3862 1673 
7858 3694 3938 2166 
7859 3745 3936 2594 
7860 2462 3935 3746 
7861 3785 3904 2262 
7862 3787 3902 2500 
7863 2263 3903 3788 
7864 488 3899 3800 
7865 3790 3910 2265 
7866 3793 3908 601 
7867 2225 3901 3797 
7868 3795 3909 343 
7869 1925 3917 3791 
7870 2267 3915 3796 
7871 2306 3907 3801 
7872 341 3905 3803 
7873 405 3914 3799 
7874 1067 3906 3804 
7875 1423 3916 3805 
7876 3806 3913 2378 
7877 3809 3912 2266 
7878 3811 3911 555 
7879 346 3898 3813 
7880 2060 3900 3812 
7881 2392 3897 3814 
7882 2944 3942 3775 
7883 3777 3943 2995 
7884 1675 3864 3856 
7885 3856 3864 2809 
7886 2673 3931 3784 
$EndElements
