NDIME= 2
NELEM= 2361
5 646 877 557 0
5 350 1284 338 1
5 1016 1154 482 2
5 1059 1152 804 3
5 305 807 703 4
5 678 713 658 5
5 716 1010 963 6
5 1137 1266 494 7
5 426 1179 430 8
5 492 749 726 9
5 284 883 848 10
5 508 515 506 11
5 726 1054 492 12
5 537 1294 519 13
5 927 1012 260 14
5 288 796 289 15
5 618 1131 324 16
5 281 1035 744 17
5 712 815 336 18
5 778 865 553 19
5 503 506 501 20
5 496 833 495 21
5 584 1134 709 22
5 510 785 784 23
5 980 989 668 24
5 1002 1050 1023 25
5 422 455 425 26
5 299 300 297 27
5 717 1248 672 28
5 615 918 812 29
5 295 1224 1094 30
5 968 1113 261 31
5 599 731 594 32
5 820 917 789 33
5 410 986 621 34
5 762 947 441 35
5 9 1020 701 36
5 336 815 337 37
5 410 621 422 38
5 367 382 368 39
5 315 839 680 40
5 826 1102 746 41
5 292 1268 293 42
5 607 694 584 43
5 515 584 516 44
5 354 1060 619 45
5 374 1197 905 46
5 706 1137 494 47
5 320 1068 446 48
5 503 508 506 49
5 630 632 631 50
5 338 630 342 51
5 354 619 353 52
5 287 796 288 53
5 333 338 334 54
5 283 1244 290 55
5 327 336 328 56
5 519 1294 536 57
5 364 717 672 58
5 353 384 355 59
5 671 1156 851 60
5 694 1134 584 61
5 988 1233 1063 62
5 541 799 798 63
5 239 938 765 64
5 490 1106 732 65
5 591 687 600 66
5 403 682 670 67
5 275 800 23 68
5 730 1266 1137 69
5 487 1126 790 70
5 621 668 455 71
5 497 503 501 72
5 515 607 584 73
5 811 1142 295 74
5 991 1104 454 75
5 299 301 300 76
5 418 617 372 77
5 339 350 338 78
5 370 418 372 79
5 351 388 350 80
5 454 1104 714 81
5 389 624 388 82
5 595 602 597 83
5 600 849 601 84
5 732 1074 490 85
5 319 839 315 86
5 344 345 336 87
5 770 1119 1005 88
5 296 297 285 89
5 519 536 513 90
5 383 439 382 91
5 309 1078 445 92
5 455 691 425 93
5 380 642 622 94
5 967 1012 754 95
5 368 449 370 96
5 746 1102 493 97
5 806 1154 1016 98
5 346 353 345 99
5 602 818 728 100
5 433 996 436 101
5 326 618 324 102
5 309 327 308 103
5 303 335 301 104
5 513 608 508 105
5 632 685 634 106
5 320 333 319 107
5 660 678 658 108
5 494 1266 679 109
5 499 833 496 110
5 579 1025 542 111
5 523 623 538 112
5 458 777 539 113
5 532 671 614 114
5 536 639 608 115
5 523 538 521 116
5 1120 1131 675 117
5 399 1183 651 118
5 1093 1194 1120 119
5 1113 1210 261 120
5 681 1185 570 121
5 841 1007 776 122
5 532 614 530 123
5 290 1039 287 124
5 754 1191 967 125
5 337 367 366 126
5 701 1118 9 127
5 928 1012 927 128
5 467 504 469 129
5 510 962 785 130
5 794 819 550 131
5 637 824 717 132
5 551 578 548 133
5 489 1065 1001 134
5 305 703 303 135
5 801 1108 767 136
5 439 447 382 137
5 667 1121 575 138
5 308 807 305 139
5 575 681 572 140
5 654 667 576 141
5 536 689 639 142
5 634 690 637 143
5 530 640 526 144
5 384 702 404 145
5 679 1266 1076 146
5 295 1290 811 147
5 391 650 389 148
5 849 883 601 149
5 348 1297 347 150
5 367 368 366 151
5 501 1285 502 152
5 384 404 355 153
5 705 718 277 154
5 497 501 498 155
5 906 1097 377 156
5 336 337 328 157
5 591 600 593 158
5 1054 1065 492 159
5 399 651 396 160
5 338 342 334 161
5 427 1253 1098 162
5 756 1046 278 163
5 632 634 631 164
5 630 631 342 165
5 403 670 401 166
5 619 695 384 167
5 607 994 748 168
5 624 641 388 169
5 781 1000 378 170
5 650 1129 389 171
5 368 1013 449 172
5 848 883 849 173
5 411 990 792 174
5 388 393 350 175
5 717 1108 637 176
5 396 649 391 177
5 353 355 345 178
5 690 755 637 179
5 293 1143 811 180
5 333 334 319 181
5 551 698 578 182
5 548 638 545 183
5 622 1051 357 184
5 784 961 510 185
5 441 822 762 186
5 484 1283 492 187
5 1002 1024 757 188
5 504 1059 804 189
5 676 678 660 190
5 360 622 357 191
5 327 328 308 192
5 584 709 585 193
5 296 1046 298 194
5 401 669 399 195
5 576 667 575 196
5 564 708 560 197
5 30 1290 286 198
5 237 1028 788 199
5 761 868 534 200
5 357 416 354 201
5 572 681 570 202
5 561 916 779 203
5 469 706 471 204
5 307 308 305 205
5 298 1046 756 206
5 611 738 568 207
5 303 703 335 208
5 671 851 614 209
5 1023 1024 1002 210
5 635 869 755 211
5 471 494 473 212
5 364 672 362 213
5 553 865 774 214
5 541 944 799 215
5 362 380 360 216
5 324 332 322 217
5 415 801 767 218
5 240 1049 926 219
5 439 1049 447 220
5 734 800 275 221
5 918 1239 812 222
5 557 778 554 223
5 469 1033 706 224
5 313 318 311 225
5 380 644 642 226
5 14 1296 281 227
5 712 814 442 228
5 773 1224 295 229
5 289 795 740 230
5 640 1135 526 231
5 317 319 315 232
5 1000 1048 921 233
5 794 1150 819 234
5 642 645 622 235
5 791 969 241 236
5 16 287 15 237
5 16 290 287 238
5 287 288 15 239
5 567 707 564 240
5 373 1262 406 241
5 502 1146 731 242
5 479 493 481 243
5 449 716 418 244
5 396 651 649 245
5 333 339 338 246
5 649 650 391 247
5 685 690 634 248
5 475 491 477 249
5 575 754 681 250
5 363 802 767 251
5 484 492 486 252
5 315 680 313 253
5 813 1136 1135 254
5 339 351 350 255
5 327 344 336 256
5 351 389 388 257
5 608 994 508 258
5 653 654 576 259
5 515 516 506 260
5 298 299 297 261
5 963 1080 716 262
5 418 791 617 263
5 353 619 384 264
5 1135 1136 704 265
5 424 1213 772 266
5 2 285 1 267
5 30 286 29 268
5 34 1041 33 269
5 748 785 607 270
5 601 1228 595 271
5 565 567 564 272
5 566 911 774 273
5 260 1012 967 274
5 447 954 764 275
5 663 676 660 276
5 1079 1163 753 277
5 367 383 382 278
5 380 622 360 279
5 679 1092 494 280
5 307 309 308 281
5 322 1068 320 282
5 344 346 345 283
5 475 816 491 284
5 345 712 336 285
5 584 585 516 286
5 638 1124 545 287
5 737 1288 28 288
5 278 797 756 289
5 346 354 353 290
5 285 1268 292 291
5 301 837 300 292
5 1241 1253 427 293
5 406 739 412 294
5 285 292 1 295
5 18 283 17 296
5 14 281 13 297
5 362 672 380 298
5 972 1210 1130 299
5 401 670 669 300
5 677 978 676 301
5 293 811 292 302
5 788 866 237 303
5 704 1178 1011 304
5 283 290 17 305
5 831 832 19 306
5 607 1203 1099 307
5 1019 1187 452 308
5 1120 1194 332 309
5 822 1049 439 310
5 289 1296 288 311
5 311 1078 309 312
5 636 1108 801 313
5 387 757 376 314
5 907 909 782 315
5 422 425 423 316
5 383 440 439 317
5 1094 1115 295 318
5 675 1131 836 319
5 682 1082 670 320
5 558 646 557 321
5 458 539 460 322
5 512 513 508 323
5 412 820 789 324
5 624 788 641 325
5 422 621 455 326
5 2 296 285 327
5 632 686 685 328
5 462 1032 465 329
5 471 706 494 330
5 554 778 553 331
5 28 1288 1066 332
5 486 1065 489 333
5 313 680 318 334
5 266 898 823 335
5 317 320 319 336
5 623 798 538 337
5 668 1057 455 338
5 489 497 496 339
5 508 994 515 340
5 574 575 572 341
5 370 449 418 342
5 820 983 413 343
5 611 943 738 344
5 676 1040 678 345
5 688 1042 687 346
5 585 710 587 347
5 570 611 568 348
5 858 859 579 349
5 740 1035 289 350
5 18 832 283 351
5 332 1131 1120 352
5 549 551 548 353
5 552 553 551 354
5 697 1243 664 355
5 518 519 513 356
5 606 808 747 357
5 753 802 363 358
5 365 889 807 359
5 286 737 29 360
5 630 711 632 361
5 372 1262 373 362
5 718 720 719 363
5 440 762 439 364
5 798 867 541 365
5 621 789 668 366
5 297 1268 285 367
5 477 794 479 368
5 642 892 645 369
5 772 1169 424 370
5 542 1025 761 371
5 536 608 513 372
5 698 871 578 373
5 697 1032 462 374
5 639 748 608 375
5 377 1097 1053 376
5 602 603 597 377
5 644 873 642 378
5 406 412 407 379
5 704 1011 623 380
5 654 847 667 381
5 582 1065 1054 382
5 1063 1233 907 383
5 969 1080 419 384
5 619 696 695 385
5 531 532 530 386
5 300 780 297 387
5 520 521 519 388
5 533 542 532 389
5 794 1030 479 390
5 309 445 327 391
5 347 1280 348 392
5 543 579 542 393
5 347 1297 326 394
5 758 958 414 395
5 23 800 22 396
5 766 1180 1015 397
5 956 1021 282 398
5 563 564 560 399
5 708 1081 560 400
5 455 792 691 401
5 320 446 333 402
5 600 601 593 403
5 879 1140 878 404
5 682 1219 1082 405
5 370 372 371 406
5 806 1247 500 407
5 823 1042 266 408
5 397 885 840 409
5 689 809 639 410
5 670 844 669 411
5 522 523 521 412
5 568 738 567 413
5 521 1264 519 414
5 780 1268 297 415
5 19 1133 831 416
5 614 640 530 417
5 653 655 654 418
5 802 839 415 419
5 920 1173 952 420
5 790 1075 487 421
5 382 1013 368 422
5 524 525 523 423
5 368 370 369 424
5 357 1051 416 425
5 668 1017 980 426
5 687 823 600 427
5 383 815 442 428
5 557 779 778 429
5 10 1020 9 430
5 416 1060 354 431
5 764 1013 447 432
5 868 1025 269 433
5 506 1141 501 434
5 430 752 432 435
5 1195 1272 713 436
5 834 1070 715 437
5 599 783 731 438
5 741 1206 352 439
5 903 1063 907 440
5 607 1099 694 441
5 709 1173 710 442
5 249 1123 869 443
5 556 557 554 444
5 720 722 721 445
5 663 677 676 446
5 639 784 748 447
5 710 803 587 448
5 753 1163 318 449
5 1130 1210 793 450
5 593 601 595 451
5 378 1234 781 452
5 367 815 383 453
5 755 1261 635 454
5 688 1221 1042 455
5 741 1035 740 456
5 878 1140 620 457
5 938 1180 765 458
5 766 1015 763 459
5 840 1182 397 460
5 790 1126 724 461
5 27 277 26 462
5 5 278 4 463
5 355 814 712 464
5 538 993 521 465
5 269 1025 922 466
5 11 280 10 467
5 21 279 20 468
5 388 1286 393 469
5 745 1235 1229 470
5 465 467 466 471
5 302 303 301 472
5 254 1128 976 473
5 462 465 464 474
5 651 840 649 475
5 578 638 548 476
5 762 1148 947 477
5 595 1228 602 478
5 500 1216 806 479
5 547 548 545 480
5 410 422 421 481
5 634 637 636 482
5 534 1172 761 483
5 785 1203 607 484
5 553 1270 551 485
5 709 710 585 486
5 989 1057 668 487
5 337 815 367 488
5 685 1167 690 489
5 324 1131 332 490
5 649 846 650 491
5 769 1155 1055 492
5 529 1136 874 493
5 281 1204 13 494
5 501 502 498 495
5 578 769 638 496
5 765 1117 239 497
5 3 1046 296 498
5 680 1211 318 499
5 475 1092 816 500
5 722 790 724 501
5 789 1017 668 502
5 338 1284 630 503
5 528 530 526 504
5 655 793 654 505
5 492 1283 749 506
5 767 1108 364 507
5 288 1296 14 508
5 502 1285 1146 509
5 337 366 365 510
5 722 724 723 511
5 812 1226 615 512
5 665 964 847 513
5 1173 1205 952 514
5 25 1056 751 515
5 497 498 496 516
5 574 576 575 517
5 703 1159 335 518
5 24 275 23 519
5 8 276 7 520
5 953 1049 240 521
5 1018 1235 745 522
5 296 298 297 523
5 342 801 415 524
5 702 765 404 525
5 732 1106 733 526
5 765 1180 766 527
5 757 1024 758 528
5 335 1176 301 529
5 926 1049 822 530
5 467 469 468 531
5 294 1290 30 532
5 991 1103 330 533
5 413 917 820 534
5 374 1295 1197 535
5 795 1245 740 536
5 718 805 720 537
5 529 1178 1136 538
5 275 1058 734 539
5 449 764 716 540
5 700 1019 452 541
5 718 719 277 542
5 416 1110 863 543
5 663 1276 677 544
5 300 1255 780 545
5 1134 1205 709 546
5 542 1281 532 547
5 504 1033 469 548
5 318 1211 753 549
5 465 1153 467 550
5 515 994 607 551
5 570 1185 611 552
5 565 568 567 553
5 637 1108 636 554
5 1229 1235 280 555
5 304 305 303 556
5 578 1165 769 557
5 949 955 694 558
5 917 985 242 559
5 289 796 795 560
5 732 1087 1074 561
5 482 1084 1016 562
5 686 1043 685 563
5 874 1136 268 564
5 761 1025 868 565
5 976 982 254 566
5 779 877 561 567
5 469 471 470 568
5 432 1225 434 569
5 672 1273 380 570
5 990 995 792 571
5 738 1045 567 572
5 792 1057 411 573
5 696 879 695 574
5 426 430 428 575
5 954 1193 764 576
5 863 1251 1060 577
5 456 821 458 578
5 514 1114 944 579
5 299 756 302 580
5 563 565 564 581
5 869 1123 755 582
5 695 1202 384 583
5 614 812 640 584
5 1070 1105 715 585
5 791 1080 969 586
5 525 1278 523 587
5 479 1030 493 588
5 1197 1295 414 589
5 905 1222 374 590
5 724 732 725 591
5 442 815 712 592
5 310 311 309 593
5 241 1125 791 594
5 306 307 305 595
5 471 473 472 596
5 489 1001 497 597
5 757 1231 376 598
5 844 1082 244 599
5 390 391 389 600
5 277 1066 705 601
5 731 783 502 602
5 1136 1239 268 603
5 678 1195 713 604
5 356 357 354 605
5 669 1183 399 606
5 503 512 508 607
5 389 1129 624 608
5 749 1283 750 609
5 764 1010 716 610
5 716 1080 418 611
5 419 1080 963 612
5 714 1105 454 613
5 903 907 906 614
5 425 692 426 615
5 774 865 566 616
5 664 1032 697 617
5 781 1048 1000 618
5 440 763 762 619
5 1020 1235 699 620
5 280 1020 10 621
5 1040 1230 678 622
5 491 794 477 623
5 287 1039 1038 624
5 376 1295 349 625
5 842 881 647 626
5 751 1111 25 627
5 395 396 391 628
5 556 558 557 629
5 321 322 320 630
5 720 1246 722 631
5 377 1222 906 632
5 292 811 294 633
5 871 1165 578 634
5 359 360 357 635
5 579 1055 858 636
5 793 1210 1113 637
5 434 1225 456 638
5 895 1123 249 639
5 567 845 707 640
5 722 1246 1016 641
5 19 832 18 642
5 473 475 474 643
5 1225 1254 821 644
5 6 1070 834 645
5 361 362 360 646
5 691 770 692 647
5 691 1119 770 648
5 481 1215 484 649
5 587 1269 589 650
5 962 1203 785 651
5 808 1050 1002 652
5 549 552 551 653
5 1055 1155 858 654
5 349 1280 347 655
5 710 1096 803 656
5 707 708 564 657
5 398 399 396 658
5 1280 1295 374 659
5 954 1049 953 660
5 763 1236 766 661
5 467 1059 504 662
5 363 364 362 663
5 552 554 553 664
5 693 1286 1028 665
5 286 1116 737 666
5 767 802 415 667
5 778 1151 865 668
5 979 1238 540 669
5 244 959 844 670
5 539 697 460 671
5 833 1031 495 672
5 547 549 548 673
5 493 1127 746 674
5 441 926 822 675
5 788 1028 641 676
5 494 1092 473 677
5 680 839 802 678
5 512 518 513 679
5 332 1068 322 680
5 804 1293 504 681
5 312 313 311 682
5 323 324 322 683
5 1182 1183 931 684
5 265 1173 920 685
5 720 721 719 686
5 915 1273 673 687
5 430 432 431 688
5 786 1199 787 689
5 606 747 610 690
5 473 1092 475 691
5 1016 1246 806 692
5 758 1021 957 693
5 314 315 313 694
5 644 1273 915 695
5 298 756 299 696
5 518 520 519 697
5 531 533 532 698
5 580 932 845 699
5 1215 1283 484 700
5 316 317 315 701
5 838 1255 300 702
5 407 986 410 703
5 1016 1084 790 704
5 733 736 735 705
5 533 543 542 706
5 585 587 586 707
5 539 1243 697 708
5 1028 1286 641 709
5 1142 1147 773 710
5 318 1078 311 711
5 528 531 530 712
5 759 1041 34 713
5 760 975 904 714
5 683 781 682 715
5 400 401 399 716
5 475 477 476 717
5 770 1169 771 718
5 996 1062 436 719
5 458 821 777 720
5 784 785 748 721
5 422 423 421 722
5 961 1208 509 723
5 295 1142 773 724
5 299 302 301 725
5 330 1104 991 726
5 520 522 521 727
5 807 889 703 728
5 402 403 401 729
5 477 479 478 730
5 763 1148 762 731
5 540 1238 1008 732
5 1214 1254 1225 733
5 479 481 480 734
5 711 817 686 735
5 465 466 464 736
5 5 834 278 737
5 352 742 741 738
5 728 1171 602 739
5 922 1025 859 740
5 406 407 373 741
5 368 369 366 742
5 481 484 483 743
5 1036 1150 1037 744
5 722 723 721 745
5 916 1275 779 746
5 805 1247 806 747
5 355 712 345 748
5 840 885 243 749
5 803 1112 688 750
5 380 1273 644 751
5 732 1126 1087 752
5 522 524 523 753
5 587 589 588 754
5 342 415 334 755
5 372 373 371 756
5 634 636 631 757
5 597 825 596 758
5 846 913 341 759
5 944 1114 799 760
5 524 526 525 761
5 447 1013 382 762
5 484 486 485 763
5 627 805 718 764
5 1077 1256 377 765
5 567 1045 845 766
5 21 835 279 767
5 798 799 538 768
5 836 1131 618 769
5 957 958 758 770
5 589 1279 591 771
5 707 842 708 772
5 1196 1197 958 773
5 370 371 369 774
5 242 1017 917 775
5 349 1295 1280 776
5 768 1159 437 777
5 819 1150 1036 778
5 666 1152 1059 779
5 739 820 412 780
5 1004 1217 1026 781
5 526 1135 525 782
5 11 1229 280 783
5 777 1027 841 784
5 724 1126 732 785
5 337 365 328 786
5 292 294 0 787
5 402 684 403 788
5 960 1114 514 789
5 656 658 655 790
5 32 1214 1213 791
5 589 591 590 792
5 658 1130 655 793
5 957 1021 956 794
5 609 1257 605 795
5 492 1065 486 796
5 1051 1110 416 797
5 486 489 488 798
5 1007 1008 776 799
5 232 882 231 800
5 928 1185 1012 801
5 279 1133 20 802
5 1096 1173 265 803
5 620 1140 934 804
5 659 660 658 805
5 980 1017 242 806
5 497 1064 503 807
5 800 835 22 808
5 1149 1167 685 809
5 1096 1207 803 810
5 779 1275 778 811
5 302 304 303 812
5 724 725 723 813
5 605 1257 825 814
5 467 468 466 815
5 384 1202 702 816
5 9 1118 8 817
5 467 1153 1059 818
5 691 692 425 819
5 411 1057 989 820
5 652 653 576 821
5 403 683 682 822
5 904 957 760 823
5 755 824 637 824
5 662 663 660 825
5 425 426 423 826
5 278 1046 4 827
5 456 458 457 828
5 851 1226 614 829
5 651 1182 840 830
5 828 833 499 831
5 859 1025 579 832
5 921 1048 245 833
5 393 1091 350 834
5 812 813 640 835
5 1115 1290 295 836
5 17 290 16 837
5 15 288 14 838
5 307 310 309 839
5 995 1119 792 840
5 469 470 468 841
5 777 841 539 842
5 386 387 376 843
5 651 1183 1182 844
5 999 1063 901 845
5 699 700 452 846
5 762 822 439 847
5 326 1297 618 848
5 460 697 462 849
5 27 1066 277 850
5 799 1114 993 851
5 602 1171 603 852
5 276 1105 1070 853
5 733 1106 736 854
5 493 1215 481 855
5 525 1135 704 856
5 0 294 30 857
5 1 292 0 858
5 1204 1223 12 859
5 304 306 305 860
5 489 496 495 861
5 847 1113 665 862
5 547 819 549 863
5 978 1237 676 864
5 841 1217 1007 865
5 22 835 21 866
5 687 1279 688 867
5 418 1080 791 868
5 471 472 470 869
5 327 445 344 870
5 820 1128 983 871
5 277 1056 26 872
5 632 711 686 873
5 569 570 568 874
5 646 1162 1160 875
5 641 1286 388 876
5 523 1278 623 877
5 233 727 232 878
5 333 446 339 879
5 346 356 354 880
5 812 1239 813 881
5 351 390 389 882
5 437 1159 889 883
5 690 1261 755 884
5 1146 1285 648 885
5 863 1060 416 886
5 749 1061 726 887
5 26 1056 25 888
5 440 1236 763 889
5 3 296 2 890
5 811 1290 294 891
5 775 1276 663 892
5 1034 1104 330 893
5 317 321 320 894
5 406 987 739 895
5 550 1030 794 896
5 732 733 725 897
5 473 474 472 898
5 413 985 917 899
5 754 1012 681 900
5 560 1081 558 901
5 778 1275 1151 902
5 325 326 324 903
5 838 1253 1241 904
5 911 1158 774 905
5 909 1048 782 906
5 817 997 686 907
5 744 1204 281 908
5 855 1123 895 909
5 843 1162 646 910
5 571 572 570 911
5 693 1085 817 912
5 761 1172 671 913
5 669 1209 931 914
5 614 1226 812 915
5 715 1105 714 916
5 559 560 558 917
5 573 574 572 918
5 1184 1249 1018 919
5 1033 1293 810 920
5 29 737 28 921
5 769 1055 638 922
5 743 1184 1018 923
5 383 442 440 924
5 784 1208 961 925
5 1141 1285 501 926
5 287 1038 796 927
5 356 359 357 928
5 562 563 560 929
5 8 1118 276 930
5 765 766 404 931
5 267 1217 1004 932
5 390 395 391 933
5 359 361 360 934
5 780 1062 293 935
5 1100 1129 925 936
5 776 1145 841 937
5 702 1117 765 938
5 310 312 311 939
5 617 1262 372 940
5 925 1129 1086 941
5 404 814 355 942
5 430 431 428 943
5 276 1070 7 944
5 781 1234 682 945
5 555 556 554 946
5 280 1235 1020 947
5 687 1042 823 948
5 412 986 407 949
5 445 1083 344 950
5 361 363 362 951
5 928 1177 611 952
5 1035 1296 289 953
5 446 1090 339 954
5 945 999 901 955
5 430 1242 752 956
5 532 1281 671 957
5 528 826 531 958
5 591 593 592 959
5 623 1263 798 960
5 509 1208 937 961
5 334 839 319 962
5 455 1057 792 963
5 627 1247 805 964
5 363 767 364 965
5 24 1111 275 966
5 278 1220 797 967
5 321 323 322 968
5 830 833 828 969
5 13 1204 12 970
5 842 843 708 971
5 395 398 396 972
5 402 836 684 973
5 20 1133 19 974
5 631 801 342 975
5 746 1047 826 976
5 475 476 474 977
5 331 347 326 978
5 307 1034 310 979
5 770 771 692 980
5 1028 1186 693 981
5 543 1124 579 982
5 756 1067 302 983
5 692 1179 426 984
5 782 1097 907 985
5 623 1278 704 986
5 845 1045 580 987
5 747 795 610 988
5 699 1235 700 989
5 312 314 313 990
5 544 545 543 991
5 1011 1263 623 992
5 647 1166 842 993
5 776 1276 775 994
5 314 316 315 995
5 585 586 516 996
5 546 547 545 997
5 558 1081 646 998
5 964 1200 847 999
5 540 1009 979 1000
5 328 807 308 1001
5 4 1046 3 1002
5 519 1264 537 1003
5 366 1089 365 1004
5 770 1005 998 1005
5 593 595 594 1006
5 579 1124 1055 1007
5 1091 1259 711 1008
5 28 1066 27 1009
5 993 1264 521 1010
5 12 1229 11 1011
5 627 718 705 1012
5 341 1086 846 1013
5 414 1231 758 1014
5 683 782 781 1015
5 491 1150 794 1016
5 655 1130 793 1017
5 477 478 476 1018
5 755 1123 824 1019
5 6 834 5 1020
5 479 480 478 1021
5 630 1091 711 1022
5 976 1128 739 1023
5 735 1071 835 1024
5 481 483 480 1025
5 591 1279 687 1026
5 527 528 526 1027
5 1112 1212 688 1028
5 484 485 483 1029
5 832 1101 283 1030
5 677 979 978 1031
5 243 1227 840 1032
5 799 993 538 1033
5 696 1140 879 1034
5 934 1140 862 1035
5 505 627 626 1036
5 789 986 412 1037
5 774 1158 698 1038
5 824 856 717 1039
5 665 1113 968 1040
5 646 1081 843 1041
5 486 488 485 1042
5 398 400 399 1043
5 595 597 596 1044
5 84 235 83 1045
5 184 255 183 1046
5 750 1283 1215 1047
5 92 238 91 1048
5 176 258 175 1049
5 192 256 191 1050
5 76 236 75 1051
5 888 1114 960 1052
5 505 1073 627 1053
5 1039 1244 291 1054
5 88 250 87 1055
5 180 270 179 1056
5 1031 1106 1095 1057
5 806 1246 805 1058
5 889 1159 703 1059
5 80 249 79 1060
5 188 269 187 1061
5 694 1099 949 1062
5 91 860 90 1063
5 83 853 82 1064
5 317 1044 321 1065
5 172 271 171 1066
5 96 251 95 1067
5 100 239 99 1068
5 168 259 167 1069
5 85 914 84 1070
5 89 891 88 1071
5 68 237 67 1072
5 200 257 199 1073
5 81 895 80 1074
5 1001 1065 582 1075
5 451 454 453 1076
5 939 1209 844 1077
5 75 852 74 1078
5 77 929 76 1079
5 87 872 86 1080
5 93 934 92 1081
5 183 897 182 1082
5 748 994 608 1083
5 177 864 176 1084
5 1223 1229 12 1085
5 175 916 174 1086
5 72 248 71 1087
5 196 268 195 1088
5 462 464 463 1089
5 79 869 78 1090
5 600 1201 849 1091
5 181 870 180 1092
5 179 911 178 1093
5 171 896 170 1094
5 185 857 184 1095
5 169 881 168 1096
5 69 923 68 1097
5 95 878 94 1098
5 97 935 96 1099
5 99 880 98 1100
5 101 938 100 1101
5 73 919 72 1102
5 173 876 172 1103
5 193 850 192 1104
5 71 875 70 1105
5 458 460 459 1106
5 191 933 190 1107
5 67 866 66 1108
5 187 922 186 1109
5 167 932 166 1110
5 837 838 300 1111
5 7 1070 6 1112
5 414 1295 1231 1113
5 1150 1277 1037 1114
5 189 868 188 1115
5 653 656 655 1116
5 456 457 434 1117
5 104 252 103 1118
5 164 272 163 1119
5 90 643 89 1120
5 170 647 169 1121
5 103 894 102 1122
5 451 991 454 1123
5 195 918 194 1124
5 62 913 61 1125
5 66 890 65 1126
5 489 495 488 1127
5 689 1144 887 1128
5 182 583 181 1129
5 855 856 824 1130
5 82 674 81 1131
5 178 566 177 1132
5 842 1166 843 1133
5 165 893 164 1134
5 664 775 663 1135
5 174 561 173 1136
5 787 828 827 1137
5 105 947 104 1138
5 60 885 59 1139
5 199 940 198 1140
5 86 381 85 1141
5 160 260 159 1142
5 108 240 107 1143
5 163 942 162 1144
5 443 1104 1034 1145
5 1114 1289 993 1146
5 343 991 451 1147
5 197 874 196 1148
5 201 867 200 1149
5 892 1287 645 1150
5 166 580 165 1151
5 64 924 63 1152
5 107 926 106 1153
5 206 886 205 1154
5 61 243 60 1155
5 207 263 206 1156
5 94 620 93 1157
5 98 385 97 1158
5 1021 1022 282 1159
5 161 927 160 1160
5 186 581 185 1161
5 102 405 101 1162
5 109 953 108 1163
5 931 1183 669 1164
5 194 615 193 1165
5 78 635 77 1166
5 74 633 73 1167
5 162 612 161 1168
5 190 534 189 1169
5 645 1051 622 1170
5 596 825 628 1171
5 70 394 69 1172
5 58 930 57 1173
5 407 410 409 1174
5 106 441 105 1175
5 63 341 62 1176
5 159 967 158 1177
5 675 836 402 1178
5 65 340 64 1179
5 290 1244 1039 1180
5 587 588 586 1181
5 793 1113 654 1182
5 574 652 576 1183
5 110 448 109 1184
5 198 529 197 1185
5 111 966 110 1186
5 400 402 401 1187
5 798 1263 867 1188
5 782 1048 781 1189
5 59 397 58 1190
5 551 1270 698 1191
5 565 569 568 1192
5 202 541 201 1193
5 208 884 207 1194
5 449 1013 764 1195
5 219 920 218 1196
5 787 1199 1101 1197
5 56 939 55 1198
5 112 253 111 1199
5 156 273 155 1200
5 158 577 157 1201
5 55 959 54 1202
5 157 965 156 1203
5 155 964 154 1204
5 205 960 204 1205
5 57 392 56 1206
5 466 1073 464 1207
5 203 944 202 1208
5 829 830 828 1209
5 113 963 112 1210
5 245 1048 909 1211
5 664 1243 775 1212
5 209 937 208 1213
5 629 783 599 1214
5 154 665 153 1215
5 153 968 152 1216
5 204 514 203 1217
5 151 971 150 1218
5 114 419 113 1219
5 460 462 461 1220
5 150 657 149 1221
5 364 1108 717 1222
5 379 443 306 1223
5 115 969 114 1224
5 437 1072 768 1225
5 149 970 148 1226
5 648 1285 1141 1227
5 955 1134 694 1228
5 220 265 219 1229
5 48 245 47 1230
5 152 261 151 1231
5 116 241 115 1232
5 214 264 213 1233
5 54 244 53 1234
5 536 1294 689 1235
5 721 751 719 1236
5 210 509 209 1237
5 144 262 143 1238
5 124 242 123 1239
5 117 973 116 1240
5 1102 1215 493 1241
5 25 1111 24 1242
5 410 421 420 1243
5 118 408 117 1244
5 213 962 212 1245
5 123 985 122 1246
5 119 982 118 1247
5 211 961 210 1248
5 148 274 147 1249
5 120 254 119 1250
5 215 949 214 1251
5 121 983 120 1252
5 212 510 211 1253
5 122 413 121 1254
5 589 590 588 1255
5 217 507 216 1256
5 216 955 215 1257
5 629 827 783 1258
5 53 950 52 1259
5 218 952 217 1260
5 901 1063 903 1261
5 145 992 144 1262
5 147 984 146 1263
5 125 980 124 1264
5 556 559 558 1265
5 722 1016 790 1266
5 844 959 939 1267
5 126 989 125 1268
5 127 411 126 1269
5 343 1103 991 1270
5 913 1227 243 1271
5 221 910 220 1272
5 444 714 443 1273
5 809 1189 884 1274
5 733 735 734 1275
5 223 517 222 1276
5 222 951 221 1277
5 146 661 145 1278
5 47 908 46 1279
5 639 1208 784 1280
5 128 990 127 1281
5 49 921 48 1282
5 771 1169 772 1283
5 50 1000 49 1284
5 545 1124 543 1285
5 736 1071 735 1286
5 656 659 658 1287
5 52 981 51 1288
5 619 1060 696 1289
5 552 555 554 1290
5 133 424 132 1291
5 310 1034 330 1292
5 224 941 223 1293
5 787 827 629 1294
5 38 956 37 1295
5 41 899 40 1296
5 739 987 976 1297
5 129 995 128 1298
5 652 804 653 1299
5 306 1034 307 1300
5 670 1082 844 1301
5 659 662 660 1302
5 653 804 656 1303
5 323 325 324 1304
5 723 1014 721 1305
5 225 948 224 1306
5 713 1130 658 1307
5 226 266 225 1308
5 42 246 41 1309
5 46 988 45 1310
5 834 1220 278 1311
5 727 882 232 1312
5 231 882 284 1313
5 432 434 433 1314
5 714 1104 443 1315
5 143 977 142 1316
5 642 1164 892 1317
5 130 247 129 1318
5 138 267 137 1319
5 735 835 800 1320
5 346 1083 356 1321
5 884 937 809 1322
5 915 1170 644 1323
5 819 1036 549 1324
5 569 571 570 1325
5 550 819 547 1326
5 379 797 444 1327
5 44 999 43 1328
5 343 450 316 1329
5 131 1005 130 1330
5 559 562 560 1331
5 792 1119 691 1332
5 713 1271 972 1333
5 673 856 854 1334
5 352 743 742 1335
5 844 1209 669 1336
5 889 1089 437 1337
5 40 975 39 1338
5 860 1139 643 1339
5 1008 1029 540 1340
5 132 998 131 1341
5 443 1034 306 1342
5 864 1151 258 1343
5 351 1090 390 1344
5 837 1253 838 1345
5 824 1123 855 1346
5 51 378 50 1347
5 349 386 376 1348
5 281 1296 1035 1349
5 1007 1217 267 1350
5 301 1176 837 1351
5 533 544 543 1352
5 1115 1116 286 1353
5 227 898 226 1354
5 581 859 858 1355
5 768 1175 1159 1356
5 582 1064 1001 1357
5 854 855 674 1358
5 624 1129 1100 1359
5 787 829 828 1360
5 238 862 861 1361
5 512 582 518 1362
5 571 573 572 1363
5 573 810 574 1364
5 574 810 652 1365
5 743 1018 745 1366
5 924 1086 341 1367
5 451 452 450 1368
5 646 1160 877 1369
5 498 499 496 1370
5 958 1197 414 1371
5 873 1164 642 1372
5 504 1293 1033 1373
5 43 945 42 1374
5 45 375 44 1375
5 139 1006 138 1376
5 228 946 227 1377
5 689 1189 809 1378
5 791 1125 617 1379
5 229 613 228 1380
5 733 734 725 1381
5 435 1147 1142 1382
5 797 1067 756 1383
5 520 726 522 1384
5 304 379 306 1385
5 830 912 833 1386
5 500 1073 466 1387
5 453 699 452 1388
5 231 284 230 1389
5 37 282 36 1390
5 1026 1217 1027 1391
5 393 1259 1091 1392
5 644 1170 873 1393
5 973 1125 241 1394
5 468 500 466 1395
5 611 1185 928 1396
5 1086 1129 650 1397
5 33 1041 604 1398
5 524 527 526 1399
5 348 1256 1077 1400
5 344 1083 346 1401
5 1066 1288 705 1402
5 365 1089 889 1403
5 818 882 727 1404
5 415 839 334 1405
5 142 1009 141 1406
5 230 848 229 1407
5 546 550 547 1408
5 339 1090 351 1409
5 636 801 631 1410
5 447 1049 954 1411
5 544 546 545 1412
5 937 1208 809 1413
5 835 1071 279 1414
5 1136 1178 704 1415
5 805 1246 720 1416
5 887 888 886 1417
5 408 976 974 1418
5 808 1002 747 1419
5 743 745 744 1420
5 621 986 789 1421
5 140 1029 139 1422
5 735 800 734 1423
5 316 1044 317 1424
5 898 946 823 1425
5 1019 1138 329 1426
5 662 664 663 1427
5 904 958 957 1428
5 627 705 626 1429
5 314 343 316 1430
5 444 715 714 1431
5 775 1145 776 1432
5 766 814 404 1433
5 234 598 233 1434
5 474 482 472 1435
5 488 490 485 1436
5 480 487 478 1437
5 453 701 699 1438
5 611 1177 943 1439
5 1027 1217 841 1440
5 575 1121 754 1441
5 343 451 450 1442
5 829 832 831 1443
5 321 1044 329 1444
5 379 444 443 1445
5 527 535 528 1446
5 39 760 38 1447
5 310 330 312 1448
5 1053 1274 377 1449
5 688 1269 803 1450
5 535 826 528 1451
5 1002 1252 747 1452
5 757 1252 1002 1453
5 137 1004 136 1454
5 842 1198 881 1455
5 846 1227 913 1456
5 407 409 373 1457
5 464 505 463 1458
5 451 453 452 1459
5 527 749 535 1460
5 936 1240 702 1461
5 371 437 369 1462
5 624 1100 788 1463
5 458 459 457 1464
5 356 438 359 1465
5 890 1100 340 1466
5 903 906 905 1467
5 544 746 546 1468
5 35 759 34 1469
5 365 807 328 1470
5 709 1205 1173 1471
5 736 1106 1031 1472
5 591 592 590 1473
5 912 1031 833 1474
5 141 540 140 1475
5 1001 1064 497 1476
5 758 1231 757 1477
5 1076 1107 563 1478
5 361 753 363 1479
5 559 616 562 1480
5 715 1220 834 1481
5 1231 1295 376 1482
5 753 1211 802 1483
5 275 1111 1014 1484
5 325 331 326 1485
5 386 740 387 1486
5 996 1143 293 1487
5 704 1278 525 1488
5 826 1047 531 1489
5 235 853 83 1490
5 238 860 91 1491
5 331 352 347 1492
5 654 1113 847 1493
5 84 914 235 1494
5 671 1281 761 1495
5 788 890 866 1496
5 255 897 183 1497
5 843 1081 708 1498
5 390 417 395 1499
5 562 1076 563 1500
5 321 329 323 1501
5 176 864 258 1502
5 258 916 175 1503
5 92 934 238 1504
5 616 816 679 1505
5 184 857 255 1506
5 491 1277 1150 1507
5 236 852 75 1508
5 76 929 236 1509
5 616 679 562 1510
5 88 891 250 1511
5 829 831 830 1512
5 387 1252 757 1513
5 192 850 256 1514
5 256 933 191 1515
5 250 872 87 1516
5 80 895 249 1517
5 180 870 270 1518
5 270 911 179 1519
5 861 1139 860 1520
5 249 869 79 1521
5 698 1157 871 1522
5 269 922 187 1523
5 271 896 171 1524
5 569 730 571 1525
5 168 881 259 1526
5 188 868 269 1527
5 172 876 271 1528
5 234 1109 598 1529
5 251 878 95 1530
5 817 1259 693 1531
5 96 935 251 1532
5 239 880 99 1533
5 100 938 239 1534
5 808 1190 1050 1535
5 854 856 855 1536
5 259 932 167 1537
5 581 922 859 1538
5 68 923 237 1539
5 711 1259 817 1540
5 855 895 674 1541
5 747 1245 795 1542
5 452 1187 450 1543
5 237 866 67 1544
5 90 860 643 1545
5 1014 1058 275 1546
5 450 1044 316 1547
5 72 919 248 1548
5 238 934 862 1549
5 643 891 89 1550
5 248 875 71 1551
5 257 940 199 1552
5 82 853 674 1553
5 454 1105 1052 1554
5 268 918 195 1555
5 827 828 499 1556
5 901 903 902 1557
5 200 867 257 1558
5 865 1151 864 1559
5 182 897 583 1560
5 743 744 742 1561
5 674 895 81 1562
5 566 864 177 1563
5 664 1188 1032 1564
5 170 896 647 1565
5 647 881 169 1566
5 381 914 85 1567
5 174 916 561 1568
5 196 874 268 1569
5 563 1107 565 1570
5 583 870 181 1571
5 972 1130 713 1572
5 178 911 566 1573
5 862 863 861 1574
5 1076 1266 1107 1575
5 606 610 609 1576
5 86 872 381 1577
5 36 1192 35 1578
5 1038 1039 609 1579
5 561 876 173 1580
5 420 768 409 1581
5 620 934 93 1582
5 432 433 431 1583
5 721 1014 751 1584
5 581 857 185 1585
5 635 929 77 1586
5 252 894 103 1587
5 74 852 633 1588
5 164 893 272 1589
5 166 932 580 1590
5 615 850 193 1591
5 94 878 620 1592
5 186 922 581 1593
5 385 935 97 1594
5 78 869 635 1595
5 98 880 385 1596
5 272 942 163 1597
5 866 890 66 1598
5 405 938 101 1599
5 104 947 252 1600
5 556 1088 559 1601
5 190 933 534 1602
5 742 1035 741 1603
5 925 1086 924 1604
5 847 1200 667 1605
5 633 919 73 1606
5 516 1141 506 1607
5 454 1052 453 1608
5 749 750 535 1609
5 394 923 69 1610
5 534 868 189 1611
5 888 960 886 1612
5 739 1128 820 1613
5 194 918 615 1614
5 580 893 165 1615
5 70 875 394 1616
5 61 913 243 1617
5 912 1132 1071 1618
5 102 894 405 1619
5 603 1122 606 1620
5 740 1245 387 1621
5 243 885 60 1622
5 160 927 260 1623
5 240 926 107 1624
5 673 1161 915 1625
5 462 463 461 1626
5 974 987 617 1627
5 263 886 206 1628
5 108 953 240 1629
5 410 420 409 1630
5 162 942 612 1631
5 341 913 62 1632
5 426 428 427 1633
5 505 625 463 1634
5 356 1083 438 1635
5 358 1249 1184 1636
5 612 927 161 1637
5 65 890 340 1638
5 246 901 900 1639
5 511 1258 1069 1640
5 441 947 105 1641
5 198 940 529 1642
5 978 979 977 1643
5 260 967 159 1644
5 529 874 197 1645
5 63 924 341 1646
5 555 1088 556 1647
5 106 926 441 1648
5 340 924 64 1649
5 400 675 402 1650
5 136 1026 135 1651
5 541 867 201 1652
5 207 884 263 1653
5 907 1233 909 1654
5 912 1071 736 1655
5 379 1067 797 1656
5 59 885 397 1657
5 325 358 331 1658
5 408 982 976 1659
5 645 1287 1139 1660
5 577 1191 965 1661
5 460 461 459 1662
5 421 429 420 1663
5 747 1252 1245 1664
5 403 684 683 1665
5 448 953 109 1666
5 442 1236 440 1667
5 701 1020 699 1668
5 1022 1192 282 1669
5 32 1254 1214 1670
5 783 1218 502 1671
5 293 1268 780 1672
5 886 960 205 1673
5 788 1100 890 1674
5 397 930 58 1675
5 352 1206 347 1676
5 974 1125 973 1677
5 110 966 448 1678
5 586 1141 516 1679
5 719 1056 277 1680
5 57 930 392 1681
5 802 1211 680 1682
5 158 967 577 1683
5 549 1036 552 1684
5 813 1239 1136 1685
5 976 987 974 1686
5 809 1208 639 1687
5 390 1090 417 1688
5 617 1125 974 1689
5 907 1097 906 1690
5 683 1053 782 1691
5 253 966 111 1692
5 1006 1008 1007 1693
5 202 944 541 1694
5 208 937 884 1695
5 156 965 273 1696
5 577 965 157 1697
5 392 939 56 1698
5 505 626 625 1699
5 273 964 155 1700
5 588 648 586 1701
5 686 1181 1043 1702
5 593 594 592 1703
5 112 963 253 1704
5 204 960 514 1705
5 939 959 55 1706
5 725 1058 723 1707
5 514 944 203 1708
5 816 1092 679 1709
5 154 964 665 1710
5 659 666 662 1711
5 265 920 219 1712
5 595 596 594 1713
5 698 1270 774 1714
5 246 945 901 1715
5 54 959 244 1716
5 813 1135 640 1717
5 426 427 423 1718
5 419 963 113 1719
5 665 968 153 1720
5 509 937 209 1721
5 786 1232 291 1722
5 340 1100 925 1723
5 114 969 419 1724
5 1031 1095 495 1725
5 150 971 657 1726
5 603 606 605 1727
5 920 952 218 1728
5 1012 1185 681 1729
5 152 968 261 1730
5 238 861 860 1731
5 264 962 213 1732
5 214 949 264 1733
5 657 970 149 1734
5 261 971 151 1735
5 329 1187 1019 1736
5 645 1110 1051 1737
5 241 969 115 1738
5 816 1277 491 1739
5 883 1228 601 1740
5 891 892 250 1741
5 210 961 509 1742
5 32 1213 133 1743
5 914 915 235 1744
5 116 973 241 1745
5 566 865 864 1746
5 212 962 510 1747
5 1059 1153 666 1748
5 215 955 949 1749
5 510 961 211 1750
5 872 873 381 1751
5 1159 1175 335 1752
5 507 955 216 1753
5 850 851 256 1754
5 148 970 274 1755
5 217 952 507 1756
5 561 877 876 1757
5 220 910 265 1758
5 408 973 117 1759
5 242 985 123 1760
5 583 871 870 1761
5 531 1047 533 1762
5 118 982 408 1763
5 853 854 674 1764
5 759 1192 1022 1765
5 244 950 53 1766
5 254 982 119 1767
5 122 985 413 1768
5 251 879 878 1769
5 900 904 899 1770
5 581 858 857 1771
5 120 983 254 1772
5 559 1088 616 1773
5 413 983 121 1774
5 1122 1171 729 1775
5 604 1109 31 1776
5 144 992 262 1777
5 48 921 245 1778
5 124 980 242 1779
5 923 1028 237 1780
5 598 727 233 1781
5 385 936 935 1782
5 580 1045 893 1783
5 852 1043 633 1784
5 919 997 248 1785
5 463 1094 461 1786
5 485 1074 483 1787
5 1036 1037 555 1788
5 272 943 942 1789
5 274 984 147 1790
5 795 796 610 1791
5 829 1101 832 1792
5 729 1190 1122 1793
5 257 1011 940 1794
5 245 908 47 1795
5 894 1015 405 1796
5 803 1269 587 1797
5 612 928 927 1798
5 221 951 910 1799
5 358 1138 1019 1800
5 125 989 980 1801
5 302 1067 304 1802
5 818 883 882 1803
5 517 951 222 1804
5 875 1085 394 1805
5 518 1054 520 1806
5 411 989 126 1807
5 932 1250 845 1808
5 340 925 924 1809
5 786 787 629 1810
5 745 1229 1223 1811
5 610 1038 609 1812
5 661 992 145 1813
5 459 773 457 1814
5 478 1075 476 1815
5 503 1064 512 1816
5 146 984 661 1817
5 135 511 134 1818
5 223 941 517 1819
5 522 1061 524 1820
5 1006 1029 1008 1821
5 448 954 953 1822
5 127 990 411 1823
5 736 1031 912 1824
5 950 981 52 1825
5 677 1238 979 1826
5 1039 1257 609 1827
5 845 1250 707 1828
5 723 1058 1014 1829
5 263 887 886 1830
5 565 1107 569 1831
5 293 1062 996 1832
5 262 977 143 1833
5 604 1190 1109 1834
5 435 996 433 1835
5 49 1000 921 1836
5 224 948 941 1837
5 253 1010 966 1838
5 707 1198 842 1839
5 787 1101 829 1840
5 764 1193 1010 1841
5 266 948 225 1842
5 291 1199 786 1843
5 453 1052 701 1844
5 359 1079 361 1845
5 827 1218 783 1846
5 965 1003 273 1847
5 128 995 990 1848
5 464 1073 505 1849
5 1107 1266 730 1850
5 831 1132 830 1851
5 904 975 899 1852
5 472 1154 470 1853
5 930 931 392 1854
5 684 1274 1053 1855
5 552 1036 555 1856
5 965 1191 1003 1857
5 856 1248 717 1858
5 246 899 41 1859
5 1044 1187 329 1860
5 908 988 46 1861
5 527 1061 749 1862
5 446 1265 1090 1863
5 1052 1105 276 1864
5 502 1218 498 1865
5 445 1260 1083 1866
5 582 1054 518 1867
5 226 898 266 1868
5 628 786 629 1869
5 751 1056 719 1870
5 408 974 973 1871
5 979 1009 977 1872
5 247 995 129 1873
5 1022 1023 759 1874
5 628 629 599 1875
5 373 1072 371 1876
5 702 1202 936 1877
5 378 1000 50 1878
5 51 981 378 1879
5 971 972 657 1880
5 498 1218 499 1881
5 424 998 132 1882
5 596 599 594 1883
5 476 1084 474 1884
5 903 905 902 1885
5 887 1144 888 1886
5 1091 1284 350 1887
5 1085 1174 817 1888
5 592 731 590 1889
5 42 945 246 1890
5 37 956 282 1891
5 239 1117 880 1892
5 606 609 605 1893
5 910 1096 265 1894
5 667 1200 1003 1895
5 386 741 740 1896
5 734 1058 725 1897
5 544 1047 746 1898
5 679 1076 562 1899
5 1259 1286 693 1900
5 352 1184 743 1901
5 130 1005 247 1902
5 726 1061 522 1903
5 790 1084 1075 1904
5 728 818 727 1905
5 846 1086 650 1906
5 369 1089 366 1907
5 618 1077 836 1908
5 284 848 230 1909
5 244 1082 950 1910
5 347 1206 349 1911
5 613 1201 946 1912
5 1014 1111 751 1913
5 535 1102 826 1914
5 1213 1214 772 1915
5 312 1103 314 1916
5 227 946 898 1917
5 998 1005 131 1918
5 395 1093 398 1919
5 490 1074 485 1920
5 899 975 40 1921
5 483 1087 480 1922
5 45 988 375 1923
5 517 1112 951 1924
5 1060 1251 696 1925
5 613 946 228 1926
5 533 1047 544 1927
5 768 1072 409 1928
5 863 1110 861 1929
5 603 605 597 1930
5 830 1132 912 1931
5 229 848 613 1932
5 596 628 599 1933
5 138 1006 267 1934
5 946 1201 823 1935
5 1030 1127 493 1936
5 43 999 945 1937
5 286 1290 1115 1938
5 917 1017 789 1939
5 840 1227 649 1940
5 487 1075 478 1941
5 1245 1252 387 1942
5 814 1236 442 1943
5 375 999 44 1944
5 1018 1249 700 1945
5 456 1225 821 1946
5 695 1168 936 1947
5 661 1040 992 1948
5 882 883 284 1949
5 761 1281 542 1950
5 688 1279 1269 1951
5 291 1257 1039 1952
5 431 436 428 1953
5 304 1067 379 1954
5 901 902 900 1955
5 977 1009 142 1956
5 332 1194 1068 1957
5 266 1042 948 1958
5 423 1098 421 1959
5 421 1098 429 1960
5 605 825 597 1961
5 134 1069 32 1962
5 606 1122 808 1963
5 468 1216 500 1964
5 520 1054 726 1965
5 760 956 38 1966
5 35 1192 759 1967
5 998 1169 770 1968
5 314 1103 343 1969
5 434 435 433 1970
5 649 1227 846 1971
5 247 1119 995 1972
5 766 1236 814 1973
5 689 1294 1144 1974
5 349 1206 386 1975
5 648 1141 586 1976
5 1165 1291 769 1977
5 524 1061 527 1978
5 495 1095 488 1979
5 282 1192 36 1980
5 949 1099 264 1981
5 700 1235 1018 1982
5 1073 1247 627 1983
5 262 978 977 1984
5 512 1064 582 1985
5 436 1255 1241 1986
5 550 1127 1030 1987
5 569 1107 730 1988
5 1068 1265 446 1989
5 245 909 908 1990
5 1037 1088 555 1991
5 39 975 760 1992
5 1095 1106 490 1993
5 480 1087 487 1994
5 625 1094 463 1995
5 625 1115 1094 1996
5 267 1004 137 1997
5 482 1154 472 1998
5 371 1072 437 1999
5 602 1228 818 2000
5 470 1216 468 2001
5 1027 1258 511 2002
5 1088 1277 616 2003
5 450 1187 1044 2004
5 139 1029 1006 2005
5 474 1084 482 2006
5 774 1270 553 2007
5 823 1201 600 2008
5 361 1079 753 2009
5 854 1161 673 2010
5 438 1079 359 2011
5 499 1218 827 2012
5 444 1220 715 2013
5 750 1102 535 2014
5 330 1103 312 2015
5 488 1095 490 2016
5 777 1258 1027 2017
5 983 1128 254 2018
5 1142 1143 435 2019
5 821 1258 777 2020
5 947 1148 252 2021
5 1037 1277 1088 2022
5 848 849 613 2023
5 1053 1097 782 2024
5 797 1220 444 2025
5 752 1225 432 2026
5 246 900 899 2027
5 684 1053 683 2028
5 31 1109 234 2029
5 1003 1121 667 2030
5 318 1163 1078 2031
5 1087 1126 487 2032
5 745 1223 744 2033
5 796 1038 610 2034
5 409 1072 373 2035
5 1019 1249 358 2036
5 141 1009 540 2037
5 1078 1260 445 2038
5 398 1120 400 2039
5 1175 1176 335 2040
5 375 1063 999 2041
5 417 1093 395 2042
5 810 1292 1033 2043
5 676 1237 1040 2044
5 673 1273 1248 2045
5 673 1248 856 2046
5 993 1289 537 2047
5 276 1118 1052 2048
5 645 1139 1110 2049
5 1074 1087 483 2050
5 936 1202 695 2051
5 771 1179 692 2052
5 540 1029 140 2053
5 1023 1041 759 2054
5 887 1189 689 2055
5 706 1292 1137 2056
5 841 1145 539 2057
5 1055 1124 638 2058
5 1006 1007 267 2059
5 507 1134 955 2060
5 406 1262 987 2061
5 133 1213 424 2062
5 1071 1132 279 2063
5 325 1138 358 2064
5 746 1127 546 2065
5 1094 1224 461 2066
5 437 1089 369 2067
5 274 1195 984 2068
5 710 1173 1096 2069
5 831 1133 1132 2070
5 804 1152 656 2071
5 626 1116 625 2072
5 1122 1190 808 2073
5 879 1168 695 2074
5 546 1127 550 2075
5 760 957 956 2076
5 906 1222 905 2077
5 435 1143 996 2078
5 1110 1139 861 2079
5 625 1116 1115 2080
5 1022 1024 1023 2081
5 1075 1084 476 2082
5 598 728 727 2083
5 438 1163 1079 2084
5 810 1293 652 2085
5 236 1149 852 2086
5 377 1256 1222 2087
5 400 1120 675 2088
5 1069 1258 1254 2089
5 849 1201 613 2090
5 862 1251 863 2091
5 429 1253 1176 2092
5 857 1155 255 2093
5 870 1157 270 2094
5 598 1109 729 2095
5 457 1147 434 2096
5 1021 1024 1022 2097
5 571 1137 573 2098
5 876 1160 271 2099
5 659 1152 666 2100
5 1241 1255 838 2101
5 256 1156 933 2102
5 235 1161 853 2103
5 1062 1255 436 2104
5 616 1277 816 2105
5 250 1164 872 2106
5 730 1137 571 2107
5 897 1165 583 2108
5 656 1152 659 2109
5 881 1198 259 2110
5 427 1098 423 2111
5 329 1138 323 2112
5 698 1158 1157 2113
5 1154 1216 470 2114
5 1004 1026 136 2115
5 935 1168 251 2116
5 381 1170 914 2117
5 270 1158 911 2118
5 772 1214 752 2119
5 775 1243 1145 2120
5 271 1162 896 2121
5 323 1138 325 2122
5 1052 1118 701 2123
5 248 1174 875 2124
5 872 1164 873 2125
5 871 1157 870 2126
5 852 1149 1043 2127
5 386 1206 741 2128
5 877 1160 876 2129
5 929 1167 236 2130
5 858 1155 857 2131
5 405 1180 938 2132
5 853 1161 854 2133
5 615 1226 850 2134
5 268 1239 918 2135
5 836 1274 684 2136
5 590 1146 588 2137
5 892 1164 250 2138
5 896 1166 647 2139
5 997 1181 686 2140
5 1003 1191 1121 2141
5 33 604 31 2142
5 633 1181 919 2143
5 915 1161 235 2144
5 914 1170 915 2145
5 904 1196 958 2146
5 851 1156 256 2147
5 583 1165 871 2148
5 942 1177 612 2149
5 880 1240 385 2150
5 394 1186 923 2151
5 417 1194 1093 2152
5 873 1170 381 2153
5 771 1242 1179 2154
5 936 1168 935 2155
5 940 1178 529 2156
5 397 1182 930 2157
5 825 1232 628 2158
5 251 1168 879 2159
5 630 1284 1091 2160
5 1140 1251 862 2161
5 358 1184 331 2162
5 933 1172 534 2163
5 420 1175 768 2164
5 919 1181 997 2165
5 875 1174 1085 2166
5 923 1186 1028 2167
5 850 1226 851 2168
5 744 1223 1204 2169
5 943 1177 942 2170
5 997 1174 248 2171
5 1153 1188 666 2172
5 707 1250 1198 2173
5 385 1240 936 2174
5 884 1189 263 2175
5 612 1177 928 2176
5 1043 1181 633 2177
5 1015 1180 405 2178
5 1041 1050 604 2179
5 731 1146 590 2180
5 1045 1267 893 2181
5 1098 1253 429 2182
5 272 1267 943 2183
5 1085 1186 394 2184
5 1011 1178 940 2185
5 891 1287 892 2186
5 1093 1120 398 2187
5 966 1193 448 2188
5 817 1174 997 2189
5 894 1282 1015 2190
5 257 1263 1011 2191
5 436 1241 428 2192
5 331 1184 352 2193
5 758 1024 1021 2194
5 424 1169 998 2195
5 750 1215 1102 2196
5 428 1241 427 2197
5 930 1182 931 2198
5 448 1193 954 2199
5 273 1200 964 2200
5 1010 1193 966 2201
5 943 1267 738 2202
5 773 1147 457 2203
5 263 1189 887 2204
5 652 1293 804 2205
5 393 1286 1259 2206
5 1117 1240 880 2207
5 588 1146 648 2208
5 598 729 728 2209
5 429 1175 420 2210
5 635 1261 929 2211
5 628 1232 786 2212
5 1032 1153 465 2213
5 573 1292 810 2214
5 1132 1133 279 2215
5 264 1203 962 2216
5 1003 1200 273 2217
5 429 1176 1175 2218
5 893 1267 272 2219
5 261 1210 971 2220
5 392 1209 939 2221
5 1145 1243 539 2222
5 662 1188 664 2223
5 705 1288 626 2224
5 900 1196 904 2225
5 666 1188 662 2226
5 259 1250 932 2227
5 377 1274 1077 2228
5 952 1205 507 2229
5 951 1207 910 2230
5 818 1228 883 2231
5 867 1263 257 2232
5 1077 1274 836 2233
5 252 1282 894 2234
5 434 1147 435 2235
5 931 1209 392 2236
5 971 1210 972 2237
5 135 1026 511 2238
5 941 1212 517 2239
5 537 1264 993 2240
5 255 1291 897 2241
5 1033 1292 706 2242
5 1151 1275 258 2243
5 657 1271 970 2244
5 1026 1027 511 2245
5 972 1271 657 2246
5 1139 1287 643 2247
5 987 1262 617 2248
5 910 1207 1096 2249
5 970 1272 274 2250
5 1008 1238 776 2251
5 763 1282 1148 2252
5 1121 1191 754 2253
5 1112 1207 951 2254
5 752 1242 772 2255
5 1099 1203 264 2256
5 992 1237 262 2257
5 950 1219 981 2258
5 626 1288 1116 2259
5 700 1249 1019 2260
5 517 1212 1112 2261
5 1157 1158 270 2262
5 461 1224 459 2263
5 825 1257 1232 2264
5 1069 1254 32 2265
5 1083 1260 438 2266
5 258 1275 916 2267
5 1160 1162 271 2268
5 948 1221 941 2269
5 1082 1219 950 2270
5 984 1230 661 2271
5 236 1167 1149 2272
5 1148 1282 252 2273
5 1269 1279 589 2274
5 780 1255 1062 2275
5 729 1171 728 2276
5 905 1197 902 2277
5 1032 1188 1153 2278
5 1137 1292 573 2279
5 1042 1221 948 2280
5 1162 1166 896 2281
5 1212 1221 688 2282
5 661 1230 1040 2283
5 1040 1237 992 2284
5 459 1224 773 2285
5 643 1287 891 2286
5 1156 1172 933 2287
5 1090 1265 417 2288
5 1050 1190 604 2289
5 438 1260 1163 2290
5 262 1237 978 2291
5 772 1242 771 2292
5 1155 1291 255 2293
5 1043 1149 685 2294
5 1248 1273 672 2295
5 1199 1244 283 2296
5 902 1196 900 2297
5 908 1233 988 2298
5 507 1205 1134 2299
5 1198 1250 259 2300
5 897 1291 1165 2301
5 500 1247 1073 2302
5 929 1261 1167 2303
5 1214 1225 752 2304
5 981 1234 378 2305
5 1015 1282 763 2306
5 348 1280 1256 2307
5 769 1291 1155 2308
5 274 1272 1195 2309
5 417 1265 1194 2310
5 909 1233 908 2311
5 902 1197 1196 2312
5 1195 1230 984 2313
5 1144 1294 537 2314
5 803 1207 1112 2315
5 677 1276 1238 2316
5 603 1171 1122 2317
5 291 1244 1199 2318
5 1179 1242 430 2319
5 511 1069 134 2320
5 1101 1199 283 2321
5 1144 1289 888 2322
5 693 1186 1085 2323
5 671 1172 1156 2324
5 1109 1190 729 2325
5 888 1289 1114 2326
5 537 1289 1144 2327
5 682 1234 1219 2328
5 1163 1260 1078 2329
5 738 1267 1045 2330
5 806 1216 1154 2331
5 1194 1265 1068 2332
5 696 1251 1140 2333
5 1176 1253 837 2334
5 1271 1272 970 2335
5 678 1230 1195 2336
5 941 1221 1212 2337
5 1256 1280 374 2338
5 1219 1234 981 2339
5 1077 1297 348 2340
5 1116 1288 737 2341
5 843 1166 1162 2342
5 1167 1261 690 2343
5 618 1297 1077 2344
5 702 1240 1117 2345
5 811 1143 1142 2346
5 1232 1257 291 2347
5 1254 1258 821 2348
5 1222 1256 374 2349
5 1238 1276 776 2350
5 713 1272 1271 2351
5 1005 1119 247 2352
5 963 1010 253 2353
5 988 1063 375 2354
5 433 436 431 2355
5 557 877 779 2356
5 967 1191 577 2357
5 594 731 592 2358
5 744 1035 742 2359
5 1023 1050 1041 2360
NPOIN= 1298
1.5 -1.224606353822377e-16 0
1.479529941252494 0.2012985200886601 1
1.418957811620231 0.3943558551133186 2
1.320763441207276 0.5712682150947923 3
1.188966919075687 0.7247927872291199 4
1.028964010326962 0.8486442574947509 5
0.8473052528448203 0.9377521321470804 6
0.6514277775045767 0.9884683243281114 7
0.4493508311612874 0.9987165071710528 8
0.2493474677412796 0.9680771188662043 9
0.05960584844236561 0.8978045395707416 10
-0.1121059825476629 0.7907757369376985 11
-0.2587581226927909 0.6513724827222223 12
-0.3743466161445821 0.485301962531081 13
-0.4541392564000488 0.299363122973358 14
-0.4948693233918952 0.1011683219874323 15
-0.4948693233918952 -0.101168321987432 16
-0.4541392564000489 -0.2993631229733578 17
-0.3743466161445822 -0.4853019625310808 18
-0.2587581226927911 -0.651372482722222 19
-0.1121059825476627 -0.7907757369376986 20
0.05960584844236577 -0.8978045395707417 21
0.2493474677412795 -0.9680771188662043 22
0.4493508311612873 -0.9987165071710528 23
0.6514277775045767 -0.9884683243281114 24
0.8473052528448203 -0.9377521321470804 25
1.028964010326962 -0.848644257494751 26
1.188966919075686 -0.72479278722912 27
1.320763441207276 -0.5712682150947924 28
1.418957811620231 -0.3943558551133187 29
1.479529941252494 -0.2012985200886603 30
0 0 31
1 1.665334536937735e-17 32
0.002927794791252869 0.009415800529167467 33
0.009656523313840367 0.01675588445480599 34
0.01789006665981882 0.02240792935468262 35
0.02677759484239423 0.02697821380182864 36
0.03600767735529517 0.03081545030887602 37
0.04544273842558884 0.03411930144664514 38
0.05501209106519413 0.03701260878569966 39
0.06467512355984809 0.03957653292851807 40
0.0744065938808413 0.04186755872945873 41
0.08418980294175506 0.04392683701963417 42
0.09401316031908313 0.0457854474779464 43
0.1038683102037212 0.04746755104227264 44
0.1137490376515288 0.0489923961375093 45
0.1236505988097354 0.05037563997440872 46
0.1335692933244169 0.05163024732232557 47
0.1435021813241209 0.05276711997899894 48
0.1534468903208112 0.05379554910531448 49
0.1634014797029045 0.05472354756451336 50
0.1733643437711739 0.05555809888232886 51
0.1833341400926734 0.05630534650208142 52
0.1933097376884987 0.05697073626907351 53
0.2032901756162681 0.05755913232108753 54
0.2132746322199458 0.05807491172356698 55
0.2232624009222852 0.05852203782721956 56
0.233252871265421 0.05890411766453062 57
0.2432455139002008 0.05922444383709254 58
0.2532398678532976 0.05948604160339647 59
0.2632355305139356 0.05969170453811394 60
0.2732321497458899 0.059844017915927 61
0.2832294162586574 0.05994537710033268 62
0.2932270586995947 0.05999801664314593 63
0.3032248388583225 0.06000402660228468 64
0.3132225467571618 0.05996535836467663 65
0.3232199977663748 0.05988384397036466 66
0.3332170294949128 0.05976121014058201 67
0.3432134991909273 0.05959907900712737 68
0.3532092814703218 0.05939898073589334 69
0.3632042664029134 0.05916236530606218 70
0.3731983577824469 0.05889060035105331 71
0.3831914715576147 0.05858498127559184 72
0.3931835346567002 0.05824673985814462 73
0.4031744835908886 0.05787704044743518 74
0.4131642635413761 0.05747699001794391 75
0.4231528274749692 0.05704764269364474 76
0.4331401350673166 0.05658999608331786 77
0.4431261521867206 0.05610500161692807 78
0.453110850149026 0.05559356449228916 79
0.4630942049237802 0.05505654263355911 80
0.4730761968851371 0.05449475554508121 81
0.4830568100522501 0.05390898077852058 82
0.493036031662955 0.05329995680890704 83
0.5030138519611048 0.05266838838593248 84
0.512990263481047 0.05201494197276632 85
0.5229652609390717 0.05134025169197892 86
0.5329388409067822 0.05064492028184162 87
0.5429110012754533 0.04992951641519851 88
0.5528817413050932 0.04919458100874107 89
0.5628510611658177 0.04844062488816268 90
0.5728189616721576 0.04766812935253643 91
0.5827854443081157 0.04687755047141794 92
0.592750510733151 0.0460693156716965 93
0.6027141627493195 0.04524382670319039 94
0.6126764022150464 0.04440146141894001 95
0.6226372306241718 0.04354257093926388 96
0.6325966491870306 0.04266748341159374 97
0.6425546586613504 0.04177650400121766 98
0.6525112590330852 0.04086991323065118 99
0.662466449627552 0.03994797032430871 100
0.6724202288873627 0.03901091252484643 101
0.6823725941806168 0.03805895422455826 102
0.692323541846155 0.03709228959321811 103
0.7022730670418338 0.03611109198780213 104
0.7122211635286744 0.03511551327051166 105
0.7221678237475828 0.03410568582847278 106
0.7321130386836162 0.03308172245392191 107
0.742056797686785 0.03204371555252967 108
0.7519990884671259 0.03099173856097453 109
0.7619398970473195 0.02992584628841065 110
0.7718792076107913 0.0288460744635057 111
0.7818170024166162 0.02775244009023254 112
0.7917532617758011 0.02664494218607941 113
0.8016879639687747 0.02552356184190411 114
0.811621085137938 0.02438826215833426 115
0.8215525991942201 0.02323898851298162 116
0.8314824777857435 0.02207566898938071 117
0.841410690201313 0.02089821450646692 118
0.8513372033015451 0.01970651896019307 119
0.8612619814198699 0.01850045939393524 120
0.8711849862726828 0.01727989617881787 121
0.8811061769116808 0.01604467321930172 122
0.8910255096253028 0.01479461813926481 123
0.9009429378236032 0.01352954244986115 124
0.9108584119875036 0.01224924171377575 125
0.9207718795715566 0.01095349571896934 126
0.9306832849118319 0.009642068647303461 127
0.9405925690958794 0.008314709223195249 128
0.950499669893657 0.00697115089797727 129
0.9604045216683372 0.005611112066681424 130
0.9703070552628258 0.004234296144738209 131
0.9802071978600594 0.002840391827878165 132
0.9901048729081949 0.001429073213523504 133
0.9901048729081943 -0.001429073213523604 134
0.9802071978600582 -0.002840391827878292 135
0.9703070552628242 -0.004234296144738418 136
0.9604045216683359 -0.00561111206668164 137
0.9504996698936556 -0.006971150897977462 138
0.9405925690958783 -0.008314709223195424 139
0.9306832849118306 -0.009642068647303634 140
0.920771879571555 -0.01095349571896951 141
0.9108584119875026 -0.01224924171377591 142
0.9009429378236021 -0.01352954244986129 143
0.8910255096253012 -0.01479461813926496 144
0.8811061769116795 -0.01604467321930189 145
0.8711849862726814 -0.01727989617881801 146
0.8612619814198684 -0.01850045939393538 147
0.8513372033015437 -0.01970651896019321 148
0.8414106902013114 -0.0208982145064671 149
0.831482477785742 -0.02207566898938088 150
0.8215525991942187 -0.02323898851298178 151
0.8116210851379364 -0.02438826215833444 152
0.8016879639687733 -0.02552356184190428 153
0.7917532617757996 -0.02664494218607958 154
0.7818170024166147 -0.02775244009023268 155
0.7718792076107899 -0.02884607446350584 156
0.7619398970473181 -0.02992584628841078 157
0.7519990884671246 -0.03099173856097466 158
0.7420567976867836 -0.03204371555252979 159
0.7321130386836148 -0.03308172245392207 160
0.7221678237475817 -0.03410568582847291 161
0.7122211635286729 -0.0351155132705118 162
0.7022730670418326 -0.03611109198780226 163
0.6923235418461539 -0.03709228959321825 164
0.6823725941806155 -0.03805895422455838 165
0.6724202288873615 -0.03901091252484655 166
0.6624664496275506 -0.03994797032430883 167
0.652511259033084 -0.04086991323065131 168
0.6425546586613495 -0.04177650400121778 169
0.6325966491870295 -0.04266748341159387 170
0.6226372306241708 -0.04354257093926398 171
0.6126764022150452 -0.04440146141894011 172
0.6027141627493184 -0.04524382670319049 173
0.5927505107331499 -0.04606931567169659 174
0.5827854443081146 -0.04687755047141801 175
0.5728189616721564 -0.04766812935253652 176
0.5628510611658166 -0.04844062488816277 177
0.5528817413050919 -0.04919458100874116 178
0.5429110012754519 -0.04992951641519856 179
0.532938840906781 -0.05064492028184168 180
0.5229652609390704 -0.05134025169197902 181
0.5129902634810459 -0.0520149419727664 182
0.5030138519611037 -0.05266838838593254 183
0.4930360316629541 -0.0532999568089071 184
0.4830568100522489 -0.05390898077852065 185
0.473076196885136 -0.05449475554508128 186
0.463094204923779 -0.05505654263355915 187
0.4531108501490249 -0.0555935644922892 188
0.4431261521867195 -0.05610500161692812 189
0.4331401350673157 -0.05658999608331792 190
0.4231528274749683 -0.0570476426936448 191
0.413164263541375 -0.05747699001794396 192
0.4031744835908876 -0.05787704044743521 193
0.3931835346566994 -0.05824673985814465 194
0.3831914715576138 -0.05858498127559188 195
0.3731983577824463 -0.05889060035105335 196
0.3632042664029124 -0.05916236530606223 197
0.3532092814703212 -0.05939898073589336 198
0.3432134991909266 -0.0595990790071274 199
0.3332170294949124 -0.05976121014058201 200
0.3232199977663746 -0.05988384397036466 201
0.3132225467571615 -0.05996535836467662 202
0.3032248388583222 -0.06000402660228468 203
0.2932270586995944 -0.05999801664314593 204
0.283229416258657 -0.05994537710033269 205
0.2732321497458897 -0.059844017915927 206
0.2632355305139351 -0.05969170453811393 207
0.2532398678532971 -0.05948604160339645 208
0.2432455139002004 -0.05922444383709252 209
0.2332528712654207 -0.05890411766453062 210
0.2232624009222849 -0.05852203782721956 211
0.2132746322199454 -0.05807491172356695 212
0.2032901756162679 -0.05755913232108752 213
0.1933097376884983 -0.05697073626907348 214
0.183334140092673 -0.0563053465020814 215
0.1733643437711736 -0.05555809888232884 216
0.1634014797029043 -0.05472354756451336 217
0.1534468903208111 -0.05379554910531446 218
0.1435021813241209 -0.05276711997899894 219
0.1335692933244169 -0.05163024732232559 220
0.1236505988097356 -0.05037563997440874 221
0.113749037651529 -0.04899239613750933 222
0.1038683102037212 -0.04746755104227263 223
0.0940131603190828 -0.04578544747794633 224
0.08418980294175471 -0.04392683701963411 225
0.07440659388084074 -0.0418675587294586 226
0.06467512355984749 -0.03957653292851791 227
0.05501209106519334 -0.03701260878569945 228
0.04544273842558812 -0.03411930144664491 229
0.03600767735529454 -0.03081545030887578 230
0.02677759484239346 -0.02697821380182829 231
0.01789006665981858 -0.02240792935468248 232
0.009656523313840237 -0.01675588445480589 233
0.002927794791252976 -0.009415800529167637 234
0.4985898039693454 0.06191217497634657 235
0.4185324269588885 0.06595929290517633 236
0.3383556740195662 0.06833734105249137 237
0.5784868643827518 0.05590406703425414 238
0.6584000058685552 0.05051790895768522 239
0.7380667662491274 0.04032239052127241 240
0.8169484482006975 0.03411098028373077 241
0.8970798114072726 0.0227508250394931 242
0.268101932884023 0.06842518686728781 243
0.1977903908005872 0.06590824577984478 244
0.1379574686251325 0.06197851668077493 245
0.0775148177572772 0.05136967381755737 246
0.9554613363950073 0.01373144849998253 247
0.3784685112900028 0.067696765369791 248
0.4586153601519897 0.06290043993249463 249
0.5385649767930853 0.05921231661207461 250
0.6184261969103408 0.05289238601889733 251
0.6981480464955488 0.04521823235675653 252
0.7766525279482613 0.03565954361391744 253
0.8573440705822466 0.02769859914361641 254
0.4985649348410617 -0.0615210050429475 255
0.418542030851103 -0.06619873570577604 256
0.3383565355637258 -0.06838671834515711 257
0.5787489741928938 -0.05610269270886201 258
0.6582805074841773 -0.04895883322491124 259
0.7381625961789993 -0.04058750348072481 260
0.8175821423383409 -0.03241456880201688 261
0.8971293192400246 -0.02314087098086727 262
0.2680881762839026 -0.06874958801460984 263
0.1977712856820605 -0.06619574395751641 264
0.138156347870048 -0.0618888242873924 265
0.07751481775727675 -0.05136967381755741 266
0.9574711344065037 -0.0161186938981938 267
0.3776848934379928 -0.06802749654741952 268
0.4585309441961944 -0.06300339067404866 269
0.5385463512338556 -0.05895194058537936 270
0.6184029128811068 -0.05262604696720136 271
0.6981698485038826 -0.04543724627485644 272
0.7778297872266708 -0.03724024576754482 273
0.8573715925777774 -0.02792631892149778 274
0.5325105805684256 -0.8166333423916698 275
0.5372905330658422 0.8480086670601863 276
1.01568990989753 -0.6442893557163384 277
0.9932180049189889 0.6589712719158414 278
0.04742040813774173 -0.7271875381459066 279
0.05593811951525951 0.7130089718782371 280
-0.2647833712405799 0.3506586925842494 281
0.02586365004388474 0.03751706477832593 282
-0.2779178856499851 -0.3244757409678878 283
0.02738004299126423 -0.03588127417415645 284
1.309017445639193 0.265733773370836 285
1.299300748347459 -0.2880932725483198 286
-0.3196406495931751 1.180693192392381e-16 287
-0.3218914857874593 0.1484728707837631 288
-0.1905700545241165 0.1710021632653279 289
-0.3371349610069658 -0.1720356077627464 290
-0.1796532621611705 -0.1857755992060686 291
1.330566587989118 0.09851882033673766 292
1.201036712456981 0.102983356041187 293
1.370144389629981 -0.05101299714646888 294
1.192844083925907 -0.1163982608239677 295
1.247242212399195 0.414753263142303 296
1.154145313949646 0.3005490659958613 297
1.107180613772816 0.4249363615561996 298
1.025530444342235 0.345199786047506 299
1.050999671992234 0.2361392812590118 300
0.9487197222437806 0.2683528099314121 301
0.9214151503661279 0.368594888645837 302
0.8608469600269465 0.2970784113308653 303
0.8288984280070133 0.3828519564056471 304
0.7711569235178144 0.3044026024816245 305
0.7409744748691467 0.398300346834414 306
0.6901241436501342 0.329873709782974 307
0.7077607066376704 0.2578755677942873 308
0.6345997101054849 0.2671511788317643 309
0.6125272895530585 0.3384742888623507 310
0.5665650663537501 0.2842400373620914 311
0.5423530887876524 0.3465875261520004 312
0.5022903157611716 0.2913041445061091 313
0.4726400248197893 0.3535835849356334 314
0.4316064109879996 0.2873017996769047 315
0.4006006730371663 0.3621336421021241 316
0.3622729167703892 0.3015428112301358 317
0.529287568786861 0.232547594279499 318
0.383647548072397 0.2419742100030489 319
0.3203598459488809 0.2429712891739457 320
0.2952478746654549 0.3025807691651821 321
0.2596797420752541 0.251477595555115 322
0.2327687058208758 0.3044155006277839 323
0.1993271235326474 0.2417864168632341 324
0.1689656620987244 0.3063090410852292 325
0.1361940724487719 0.2480052619619962 326
0.6674322689664685 0.2127412200164147 327
0.7179666931758253 0.1997566502350657 328
0.2649339902126462 0.361874183745681 329
0.5843991239845813 0.4083909539784557 330
0.09894168038763751 0.3113142181817723 331
0.2352608942412667 0.203041758716813 332
0.3538498614304981 0.199680068117078 333
0.3982228700466021 0.193535316695394 334
0.8848609557952412 0.2256308795022652 335
0.6849943933244346 0.1605372741473386 336
0.7303202604754038 0.1536957540588781 337
0.372529841119565 0.1595306139708738 338
0.3353835761751083 0.1637155820430827 339
0.3085079732382072 0.06933039242120226 340
0.2881826502993896 0.0686299089028253 341
0.4091878598446922 0.1554031794224363 342
0.4453195477334833 0.4297257963969674 343
0.6413097089791482 0.1730699816020098 344
0.6519485433956741 0.1361929761533912 345
0.6184915726097361 0.1425552815247538 346
0.07375329409693965 0.2312317627998415 347
0.09988348782819451 0.183965269321265 348
0.02989784190867906 0.1782732818568624 349
0.3507453254310858 0.133483005278158 350
0.3203439320825346 0.1353109555302434 351
0.01356298625677926 0.3050410810703356 352
0.6307665135886742 0.1132445617167363 353
0.6005490467744607 0.1140968941794044 354
0.6571834754416014 0.1059969852471587 355
0.5873528210246812 0.1447946478792578 356
0.5689168471624617 0.1168124895268123 357
0.1410265996656316 0.3780125717281592 358
0.5573113022963023 0.1468591087672644 359
0.5396367377056644 0.1230325981277575 360
0.5278003874663518 0.1498971062194883 361
0.5117287082611254 0.1260653967220685 362
0.4984458298114716 0.1518473404025452 363
0.4856629727131934 0.126455209055203 364
0.763307368067452 0.1786834985888968 365
0.7664867428697959 0.1386242981527568 366
0.7407955367515666 0.1170855708500116 367
0.7716721587203068 0.1016711618816901 368
0.7980125831703457 0.1232135718892049 369
0.8021686502161869 0.09233140318297051 370
0.8260747428797883 0.1095557434483705 371
0.8250042725890091 0.08108163023325815 372
0.8489580981718872 0.09219413394469923 373
0.07187394123868357 0.1250954611382171 374
0.1066814410899056 0.05546545764181371 375
0.003949924593348142 0.1310394231333812 376
0.1183719896392141 0.1272673471658289 377
0.166813352460276 0.06504502034323123 378
0.8015007359364923 0.4752317454650334 379
0.5219730552247034 0.1010266304643625 380
0.518582449415524 0.060621414712221 381
0.7456660344503059 0.08799618987946747 382
0.7213621305858653 0.09609357342521069 383
0.6394762108417196 0.0866958654419053 384
0.638374503906972 0.05114796893964067 385
-0.02147549117353142 0.1771911932607935 386
-0.03796540644070623 0.1274952156637272 387
0.3338568779901501 0.1096917426394237 388
0.3053690316618191 0.109593739274302 389
0.2927522684778804 0.1337736184754535 390
0.2799932475362494 0.1117737739661421 391
0.2279125541445775 0.06771436397143993 392
0.3542804541027919 0.1115513841351911 393
0.358418652553766 0.06824905608885834 394
0.2673858348742251 0.1331129395354427 395
0.2562480798830997 0.1114789221585026 396
0.2483760607990945 0.06825259284392077 397
0.242477062855889 0.1319895085532936 398
0.2315002432323104 0.1080298767363368 399
0.217176200193054 0.131009716107221 400
0.2054502091571152 0.1089901439266375 401
0.1884672317953265 0.1295466745907596 402
0.1804624102518472 0.1051997632178034 403
0.6609372900394581 0.08242169357984305 404
0.6782504449839235 0.04746555388350624 405
0.8564847265246074 0.0670975558241827 406
0.8754364532386577 0.08348329446150746 407
0.8374662894869602 0.03008502590915987 408
0.8753443365158793 0.1116614684969831 409
0.9038892043869676 0.09262644846636414 410
0.9268633113989719 0.01888131097993693 411
0.875652743956185 0.0595386170931443 412
0.8780470483766918 0.02689435391936002 413
0.04041752950181726 0.0938572556198462 414
0.4362899901573526 0.1766638569157707 415
0.581208074440982 0.09557239350390692 416
0.2790572299792371 0.157191141694908 417
0.8050310808373229 0.06506296276784802 418
0.797458356723959 0.03382092455051479 419
0.9031833140118113 0.1313510704565494 420
0.9339505655336566 0.113153231386292 421
0.9351550036572679 0.07884466152745563 422
0.9632672098514563 0.09486708174069775 423
0.9868061267937007 0.01068879226731751 424
0.9596991971991276 0.06398531022726153 425
0.9912386631592098 0.0720977130328677 426
0.9940622692356014 0.1107144220840343 427
1.02581226062741 0.08880727029911092 428
0.9348592980069039 0.1512966156370982 429
1.019678309493178 0.04937619596711453 430
1.049982432431102 0.06158822555870373 431
1.048956223938186 0.0278768852340475 432
1.088123399781016 0.03806451994814905 433
1.074926605377351 -0.00328821964639206 434
1.133155297475052 0.008961839622511016 435
1.074333064267695 0.09923561749401108 436
0.8280692530628597 0.1462997799220238 437
0.5743990382345981 0.173928430730294 438
0.7288293715063066 0.0708547990709229 439
0.7081120502457162 0.07887844063065505 440
0.7183911508007352 0.04528735173572193 441
0.6980327451994938 0.1003312606118947 442
0.7001301233709079 0.4906861710000339 443
0.7682063088091862 0.5762123652608823 444
0.6189674742532217 0.2150123340244865 445
0.3123891490885596 0.1968076192986828 446
0.7504411371038301 0.0672816082600393 447
0.7579273872889917 0.03939062322285009 448
0.7834329573290555 0.07577489121308886 449
0.3647003217105955 0.4387619564793511 450
0.4133513854778562 0.5158565490997399 451
0.2980904366448255 0.514801133153112 452
0.3722496584488261 0.6204443686586869 453
0.510882195765158 0.5930920475261405 454
0.9349823506850616 0.04938304495497679 455
1.044170023904366 -0.02584856850238523 456
1.072000931343592 -0.05034479867466535 457
1.025951702292069 -0.05903441721728114 458
1.060509903321762 -0.09623612900792414 459
1.011171992003934 -0.1085720537435072 460
1.049404454504111 -0.1510055566348501 461
0.981769645633062 -0.1617955687951068 462
1.035880008159611 -0.214410911368493 463
0.9668929419462797 -0.2312774318605439 464
0.9204484084844337 -0.1850892661488987 465
0.9001221578713681 -0.2447673282267661 466
0.8576222070745312 -0.1912832673670099 467
0.8356289406997588 -0.2517576196702451 468
0.7927727926397263 -0.2002980227084261 469
0.7740788161547318 -0.2605966878926576 470
0.7344793161494206 -0.2166285127080358 471
0.7155474578020133 -0.2711384801014053 472
0.6808340416911383 -0.2290096383108779 473
0.6587173243689535 -0.2814233204798626 474
0.6240506154020515 -0.2307582815000366 475
0.6010709494662279 -0.2895358396906044 476
0.5660834944673366 -0.2456146398939108 477
0.5427898512454623 -0.3021510383115329 478
0.5055999714838011 -0.2488460836316365 479
0.4818125607184189 -0.3120279639391196 480
0.4452066896548486 -0.2663895979284381 481
0.6925820799609942 -0.3228766647408061 482
0.4187930382743013 -0.3237475107789486 483
0.3766026245307361 -0.273890577206875 484
0.3533010671247019 -0.3381039484269806 485
0.3133027330057916 -0.2867553245606985 486
0.5231033796880146 -0.3647849526280414 487
0.2856132605271056 -0.3515026256264396 488
0.2437555785595739 -0.2899728954063674 489
0.3321731166666311 -0.4085925620377581 490
0.5849875682037048 -0.1940977173050455 491
0.3346444365744632 -0.2253554986648762 492
0.4644700460417414 -0.209549469656173 493
0.6990682423883037 -0.1790866286646233 494
0.2117110323204372 -0.3724054193602156 495
0.1644855541310394 -0.313320544895071 496
0.193132814566177 -0.2396335821295323 497
0.128923321321059 -0.2525435363396511 498
0.08954204629871521 -0.3116982660536744 499
0.8680126332638377 -0.3033597548768566 500
0.1514723682996582 -0.1947643431653349 501
0.09461482457568254 -0.2034905228281025 502
0.2011393342752466 -0.1855732096543672 503
0.8161348862796898 -0.1509028818711018 504
1.019199686241774 -0.2941392443863619 505
0.176477495304356 -0.152772436383282 506
0.1676415808598271 -0.06397760879898012 507
0.2146428034167085 -0.1431397569266686 508
0.2381363602562874 -0.06647410316695265 509
0.2182268212721554 -0.06923676421219191 510
0.9875181676562208 -0.01237582792460708 511
0.2404048518784797 -0.1722903999369231 512
0.2506172724518531 -0.1385348183587268 513
0.2981098859819005 -0.0675546053993222 514
0.1876602332547962 -0.1216657480632417 515
0.1595193821711576 -0.1238143644588149 516
0.1074267226763448 -0.05716694125895631 517
0.2739449295990054 -0.1615515081991708 518
0.2812421520851432 -0.1249157929835407 519
0.3037863743930885 -0.1502834585937879 520
0.310703700318081 -0.1215065823217973 521
0.3313173007765934 -0.141350392875504 522
0.338891758810102 -0.1130813752490064 523
0.3569214238127192 -0.1323928639248237 524
0.3611732955763324 -0.1088631786149031 525
0.3817207415593238 -0.1207196775940869 526
0.3765201595250852 -0.1509317271372642 527
0.402896594960191 -0.1410764521967789 528
0.3590554204955643 -0.06837095907096899 529
0.407592271899304 -0.1142720652759522 530
0.4274195872424515 -0.1304055617812704 531
0.4314659348158517 -0.1037008509648223 532
0.4497112146561169 -0.119444228337405 533
0.4389420267391766 -0.06575278608781118 534
0.3983776588662813 -0.1720850613871243 535
0.2563253127054159 -0.1100771779159446 536
0.2864355518062509 -0.1029966151790438 537
0.3211199078684908 -0.09867990210194469 538
0.9830268436916185 -0.07362980149643049 539
0.9270790577951564 -0.02125571796406444 540
0.3180825250671689 -0.07057689549306628 541
0.4521356247624607 -0.09615900530039029 542
0.4699877164007109 -0.1107082061832547 543
0.4686786324862479 -0.1345603102669867 544
0.4923563768786335 -0.1202018363117945 545
0.4903917792964307 -0.1499901035149952 546
0.5156327407668901 -0.1375020245046562 547
0.5174978434833915 -0.1102999137424052 548
0.538821460442501 -0.1241392484486689 549
0.5130486277003733 -0.1714120672402253 550
0.5399115802279111 -0.09751423089384426 551
0.5595500497334578 -0.1108568561089446 552
0.5595026719462062 -0.08792557567237053 553
0.5789844498900941 -0.09918827136616984 554
0.5800377300347367 -0.1226534400442368 555
0.5992052177288081 -0.1094261785035494 556
0.5980493648439809 -0.08467506458592138 557
0.6171742296964677 -0.09634152192395581 558
0.6204195945817341 -0.119954376870768 559
0.6400467637161582 -0.1016462047553909 560
0.5982466670601034 -0.05569702816765488 561
0.6443149683803931 -0.1302820148779219 562
0.6640017143123358 -0.1126832252752475 563
0.6615922913388703 -0.08881091999214417 564
0.6826221620530731 -0.09673623023343639 565
0.5582751365543781 -0.05879461973521206 566
0.6790766565806534 -0.07395815233594374 567
0.6986900169976231 -0.08203329397725868 568
0.7040496744346901 -0.1041790867802372 569
0.7223256427744625 -0.08475109167125486 570
0.7271638171438461 -0.1109204452058392 571
0.7455743344579684 -0.09342854707312485 572
0.7519369262641751 -0.1188630680604403 573
0.7709213382320625 -0.1002784708661725 574
0.7643355778423241 -0.07466651407930112 575
0.7880506414842042 -0.08111245138566403 576
0.758477455266538 -0.03769204557809105 577
0.5194788457509298 -0.0857621197708681 578
0.4728549394989032 -0.0887809672990809 579
0.6780072883826913 -0.04820829449993005 580
0.478573799293599 -0.06284533264459406 581
0.2650670692816073 -0.1998801240118328 582
0.5185823530720172 -0.06061496562215913 583
0.170987250163203 -0.09665586765706653 584
0.1454107461546466 -0.1011432759938044 585
0.1321916035312957 -0.1239675676862957 586
0.1183018515424579 -0.09960972586159608 587
0.1049625303789559 -0.1229118677134237 588
0.09156589384387481 -0.1029323572448117 589
0.07710164921733259 -0.1227029941081022 590
0.06426513034164499 -0.09660858554768395 591
0.0494092395152419 -0.1188529770628715 592
0.03123035864282891 -0.0957012785763246 593
0.01252155703746266 -0.1252938342370089 594
-0.002753926176241928 -0.08967127055534954 595
-0.03363942927099817 -0.1281911860390139 596
-0.04768249075689568 -0.08611469613603445 597
-0.001403171231520228 -0.01839189391358598 598
-0.001372935657748098 -0.1691998316101288 599
0.04817317229291873 -0.07080193668767588 600
0.02398589211873992 -0.0691201069794361 601
-0.01717542174826514 -0.05623056881240586 602
-0.0510485524702553 -0.04885784756919744 603
-0.009658524395773194 0.00630064518833542 604
-0.09904110889491546 -0.07272998699551875 605
-0.09250057538628143 -0.01496651630342186 606
0.196887721922556 -0.09348928077168009 607
0.2331646453564296 -0.1157091895394225 608
-0.1564869394002492 -0.04730148796752485 609
-0.1503706300206793 0.02746701909887642 610
0.7136099903809989 -0.06641649775000645 611
0.7181008036618481 -0.04353609538103519 612
0.04768257547230409 -0.04468731191495268 613
0.4109261528878556 -0.09071909538667426 614
0.3987975406828981 -0.06735505123469063 615
0.623444658814857 -0.1480910408033818 616
0.8251804897454602 0.05716290136488938 617
0.1615091844363795 0.200788898020915 618
0.6166742339379986 0.09210679947165699 619
0.5981729502340134 0.053169744545313 620
0.9130417705408378 0.0627057161450678 621
0.5476404310405021 0.09948121733012597 622
0.3392461487440375 -0.09094418216258247 623
0.3186543322041702 0.0926639725930529 624
1.101435350059399 -0.2717855117526322 625
1.081743854710222 -0.3636071292207491 626
0.9733272119716692 -0.3860999574606013 627
-0.06265312880920715 -0.1756594541156175 628
-0.02690216374763688 -0.2284937523325695 629
0.3896567049723434 0.1295420903385686 630
0.4178207361772847 0.1253236307183526 631
0.4036167127290581 0.1055204344082544 632
0.3985103671622948 0.06702683579081664 633
0.4258884101831315 0.102451962067017 634
0.4391721422591045 0.06596767703785178 635
0.4384312301255246 0.1174263680424184 636
0.4487256498530497 0.0982687123602356 637
0.5009591874719436 -0.09777163400950227 638
0.2409339145343549 -0.09312211200722494 639
0.3923217897297722 -0.09907573710741734 640
0.3351154818366713 0.09106652293677892 641
0.5350277363498616 0.08162591077986603 642
0.5583503738711448 0.05763881677137871 643
0.5159257298665282 0.08218399835344475 644
0.55392578420956 0.07947526508915793 645
0.616407414740716 -0.07485220631800274 646
0.6386164652686175 -0.05164864021836069 647
0.118833351163888 -0.1445581837480501 648
0.2689087276927805 0.0915774097428218 649
0.2881711648400864 0.09447666404133331 650
0.2485527838344338 0.09358270752873968 651
0.7969626018766818 -0.1049623883215784 652
0.8128543009463909 -0.0851546901371638 653
0.8041840367602684 -0.06206977366103868 654
0.8266548084908025 -0.06768156284432686 655
0.8372612037046669 -0.08744451886988383 656
0.8375061341715482 -0.03041913000340261 657
0.8508080463032883 -0.06672536329661849 658
0.8618680470942942 -0.08881731530942608 659
0.8775258857081063 -0.06829503868101859 660
0.8772609895052046 -0.0256230687230464 661
0.8888448995320962 -0.0922688284956788 662
0.9073550089043658 -0.06764867559156731 663
0.9251731159255372 -0.09785271729852225 664
0.7982003795953567 -0.03624216144586796 665
0.8744161761669687 -0.1176439068276624 666
0.7824231499261751 -0.06016313511219099 667
0.9136625519761351 0.03861393558969383 668
0.2186145926832467 0.08912476764601605 669
0.1966685445263459 0.09030667657537021 670
0.4289563545339807 -0.08420561550679581 671
0.4975456768003742 0.1071221889244689 672
0.4935426736948886 0.08236247850471419 673
0.4785737992936001 0.06284533264459401 674
0.2002709004741187 0.1514550446883673 675
0.8926458851113053 -0.04724802558511954 676
0.9130266731954741 -0.04494676887062296 677
0.8700133870448532 -0.04798068156793634 678
0.6581702465458366 -0.1606340381752086 679
0.478417517564375 0.2392449193486865 680
0.7425810037901308 -0.0720424308283121 681
0.1768321190184715 0.08519406863763632 682
0.1588904806021101 0.09863252247797386 683
0.1632569763080532 0.1230346744327615 684
0.4135733108423501 0.08636402060459827 685
0.3938212180693414 0.08758570408762731 686
0.0722217698321056 -0.07537979089826201 687
0.09462433072754445 -0.07363285502726544 688
0.2616009550437544 -0.08986885242541441 689
0.4322907703612183 0.08575503730194223 690
0.9564777019243645 0.04064858821786806 691
0.9786138378266275 0.04763449683983381 692
0.357199404065159 0.08769832289860639 693
0.1821449804480337 -0.07897351178845001 694
0.6244715326900357 0.07334304719026676 695
0.607146709920989 0.07649626550896343 696
0.9643655727663127 -0.1139852929833906 697
0.5372657251205766 -0.078259803980953 698
0.2473459624364928 0.6270285562233963 699
0.1811208117509521 0.5254311355042476 700
0.3219228146037874 0.7518392991012035 701
0.6477832030791446 0.06966450030581406 702
0.8184313564213218 0.2365463156374439 703
0.3579119000591497 -0.08921816080278919 704
1.052636388803816 -0.4777140067251398 705
0.7491362799687749 -0.1715903434420426 706
0.6601525935824587 -0.0687204598915926 707
0.6445830553642966 -0.07966357301884414 708
0.1559093199318761 -0.08188656181363058 709
0.1352633614104879 -0.08460574852998125 710
0.3830551371832944 0.1034993822622679 711
0.6797600049301999 0.1202659222385798 712
0.8498541342030188 -0.04634340942507145 713
0.651807918756661 0.5990054982711224 714
0.7319302388297561 0.6995644255204161 715
0.786299657810457 0.05553484787481894 716
0.4748635171824748 0.1028557026979564 717
0.9274274134357641 -0.5072429283234998 718
0.8557369653534422 -0.6237639028946114 719
0.8027933010188764 -0.5120559899272226 720
0.7230518936874812 -0.6076468096676544 721
0.6801365005729085 -0.4921584945313678 722
0.6031567416433463 -0.5937396465378803 723
0.5518489740012046 -0.4912277398409378 724
0.4854196199108973 -0.5829811209344677 725
0.3311024977010116 -0.1729862270522544 726
0.006835139645520627 -0.02757441950157386 727
-0.008098185545040271 -0.03340829154597193 728
-0.01897676191664133 -0.0190952218018926 729
0.7087521815534028 -0.1237827614022282 730
0.0517397029263148 -0.1557495729641508 731
0.4285131833242659 -0.4697533092427564 732
0.3607552830443345 -0.5730116771743766 733
0.4176106331081719 -0.6815814547430572 734
0.2875149097246145 -0.6697233555067621 735
0.2417924748108718 -0.5574885935004008 736
1.272917888290986 -0.4046071752802157 737
0.6956170386571877 -0.06473289504494255 738
0.8597272558507082 0.0496487627994807 739
-0.09643849526230597 0.1693762554236561 740
-0.05347413129326806 0.2474530088085822 741
-0.06441831697874179 0.3348330578847136 742
-0.01596214283416308 0.4170624917717874 743
-0.1377135633880386 0.4166580973159105 744
-0.03918960533819016 0.5321170814731033 745
0.4582880576436217 -0.1668186072664402 746
-0.08013065032294864 0.05722125551162133 747
0.2198049862085083 -0.0978460008871912 748
0.3661299580685347 -0.1857785208584789 749
0.3938874772099996 -0.2077457580885988 750
0.7747105372162063 -0.7365915033852938 751
1.021185035399158 0.02268335080411455 752
0.5196579594740776 0.187941010764359 753
0.754434752728139 -0.0586735908929979 754
0.4465071764237563 0.07877488276703945 755
0.9879384574915351 0.476079593759588 756
-0.00558966415691653 0.09065389046606052 757
0.02275748473718653 0.07221588962650573 758
0.008574471378943349 0.02893126461011332 759
0.04772178677752198 0.04385309325893161 760
0.4444285107020451 -0.07905624440934091 761
0.712685436721794 0.06051056070533779 762
0.6962691152814071 0.06621106562753827 763
0.7681090463173368 0.06048321644234336 764
0.6639162736310635 0.06394757248858679 765
0.6783872245667983 0.07194515959814708 766
0.4658571199296411 0.1516071528265912 767
0.8689426456761629 0.1464752650806504 768
0.503338040810462 -0.08009469796643198 769
0.9724597295670877 0.02756677027058563 770
0.9906443608800874 0.03269358870440536 771
1.000031846685544 0.0192713570023135 772
1.120731419378348 -0.07808759533705416 773
0.5525821250586331 -0.07289587469301123 774
0.9356643792002441 -0.06877354365617272 775
0.9446618443366126 -0.04538733304579488 776
0.9985029665986322 -0.04225362515925653 777
0.5788180197011183 -0.07746256277033756 778
0.5926089234698861 -0.0692567232555327 779
1.139633571662442 0.2005162198101421 780
0.1594243905426173 0.07845895609280698 781
0.1397083014117736 0.08939640718184691 782
0.03657917403958488 -0.2143072207512324 783
0.2257778499947039 -0.0815782658244925 784
0.2095341024191775 -0.08303337002507639 785
-0.1036896081787776 -0.2321595000202963 786
-0.06237011291312611 -0.3089855294188855 787
0.3281496190846904 0.07819244581692208 788
0.8958547120424285 0.04854960665375436 789
0.6012865657061763 -0.4097286526976004 790
0.8121995092010899 0.04737283064448326 791
0.9402053570115627 0.02876597113667743 792
0.8195109187210704 -0.05434058028624236 793
0.5400265090055252 -0.2004915271615251 794
-0.1386429659280959 0.1017095346155904 795
-0.2234874785568481 0.07379427680487535 796
0.8802520874473019 0.5493226942037457 797
0.3263286953467028 -0.08306105966524052 798
0.3121555729726402 -0.08338395479825472 799
0.3505060180778578 -0.8146379779177595 800
0.4379161984521684 0.1418874547075406 801
0.4759012067274516 0.1913958771954094 802
0.1155056996203269 -0.0795069952312559 803
0.8246344043384722 -0.116700941699892 804
0.8639436890338155 -0.4213846955864027 805
0.8048668966746672 -0.3607665070776302 806
0.758101169652114 0.2288106650130649 807
-0.0505609329643083 0.01581271218652725 808
0.2509897743203829 -0.07911386713079362 809
0.7778409416827543 -0.1267666645457962 810
1.254551279951777 -0.006732692836671563 811
0.3964530830006922 -0.08225322280892142 812
0.3835684367268558 -0.08752979241693214 813
0.6774271118513279 0.09355844996973953 814
0.7092108452111607 0.1246682258886523 815
0.6250042028214318 -0.1822914430326569 816
0.3744871962466104 0.08693046725919575 817
0.003943270814661837 -0.04316889229350855 818
0.5395086373123882 -0.1559653061449965 819
0.873836118826796 0.04159881472923554 820
1.018297044153317 -0.02615509677243975 821
0.7256258995558009 0.05459945789186046 822
0.06490089458201354 -0.05902339138345354 823
0.4630947725083945 0.08737705960749259 824
-0.0874011150159375 -0.127101481335833 825
0.4261832984607348 -0.1576605189438257 826
0.02296970517095787 -0.2794919767607163 827
0.02250527785710182 -0.3675056920113779 828
-0.07062760773385657 -0.4197266752910981 829
0.028056596365022 -0.4748488841060149 830
-0.08486437675215852 -0.5446046134180816 831
-0.2033875481669128 -0.4641858783944434 832
0.1211213001198844 -0.402608010355774 833
0.8844159331189667 0.7661966979748895 834
0.1933278056559293 -0.785265456690055 835
0.170378937779575 0.1582095538715009 836
0.9844361953392055 0.2085038292049327 837
1.02579662865304 0.176293165769182 838
0.43068112873856 0.2219245745925567 839
0.2577321135600482 0.07801501704690268 840
0.9698560586389837 -0.0420786937502611 841
0.6450223081936116 -0.06316208861398684 842
0.632289940955799 -0.07065035745746809 843
0.2080951088964383 0.07683719951982113 844
0.6726132062382287 -0.06089550535386491 845
0.2802797277441372 0.08076961225786905 846
0.7941426512112675 -0.04933237217564909 847
0.03786411057804517 -0.04063803089363267 848
0.03801216744372399 -0.05482260070109923 849
0.4085786866264452 -0.06676091135606424 850
0.4139482839597991 -0.07636229907036676 851
0.4085294911558862 0.06670902935375532 852
0.4885936258733953 0.06258744394028162 853
0.4841045126928249 0.07289805746193127 854
0.4718912144746864 0.0742970933259626 855
0.4783329654240924 0.08549383910255005 856
0.4885906725608736 -0.06253215399231171 857
0.4827248039293021 -0.07391281069193188 858
0.4714469942678046 -0.07342584583130607 859
0.56827247618517 0.05740314281598911 860
0.5743397795398033 0.06669987498489025 861
0.5858620341922 0.06637206403816867 862
0.5817398714297737 0.07815966548255594 863
0.5688032140107481 -0.05758018970651974 864
0.5656345470246505 -0.07029684188238843 865
0.3282469045218764 0.06695975051603789 866
0.3283247176396343 -0.06848021025318041 867
0.4495758347307653 -0.06599354013815861 868
0.4489484753831751 0.06487316293971848 869
0.5285783260072995 -0.05998329218439894 870
0.5253713875631972 -0.07035883963600206 871
0.5285807459246964 0.06002536941753273 872
0.5242460788763308 0.07029332845910105 873
0.3684388128577195 -0.06688556798181609 874
0.368445751537344 0.06808444780703231 875
0.6084218894730938 -0.05364709005061869 876
0.6046495632811973 -0.06665670525275855 877
0.6084261916305084 0.05346674668429696 878
0.6135185314280215 0.06384480271318328 879
0.6483410190759664 0.05021714724321633 880
0.6485148091068693 -0.05077104607047492 881
0.01705773865177607 -0.03382394475422687 882
0.02238318358369484 -0.04801890423972231 883
0.2577486603760486 -0.06870452450133328 884
0.2580789509885958 0.06790203337163063 885
0.2781424844622005 -0.06860376559085221 886
0.2729368304097632 -0.07893733051692718 887
0.2844743710589172 -0.07947227209878913 888
0.8078786469238999 0.1876216571610406 889
0.3182922022438378 0.06862391159982929 890
0.548534248447343 0.05821601645948327 891
0.5442632739784957 0.06879339317637484 892
0.6881852241401943 -0.0461933953700094 893
0.6881866378073492 0.04620794780878527 894
0.4685730757360307 0.06344434715444562 895
0.6284204424698174 -0.05187420131867904 896
0.5085632853207472 -0.06090884000251971 897
0.06782412735867083 -0.04770001442315632 898
0.06750120094572515 0.04938579334791091 899
0.07035550763855875 0.06124246443189439 900
0.08542073490015462 0.06366421338614078 901
0.07537527731565757 0.07758186378709334 902
0.09382546865138675 0.08133948272954725 903
0.05534008263283124 0.05684398600516315 904
0.08258937540214967 0.09949650928060139 905
0.1038646315824388 0.101546514629797 906
0.1170301956246574 0.08119630574387836 907
0.1275203661742323 0.0598508488859389 908
0.1312879362257511 0.07257490238654488 909
0.1275506453568669 -0.05987025267379037 910
0.5483148177128596 -0.05912748057710632 911
0.1326247705991575 -0.5222949142196393 912
0.2775910032843892 0.06903130050865547 913
0.508591855759099 0.06136228441238529 914
0.5042066482067744 0.07339571694878419 915
0.588467929387231 -0.05510343371912737 916
0.8888843441072267 0.03324789169776404 917
0.3884804287626699 -0.06706924091076193 918
0.3884922158201773 0.06746713498796347 919
0.1476468767234155 -0.06117801078541665 920
0.1473463570098594 0.06128225804171743 921
0.4685717227906865 -0.06342030763873653 922
0.3483898776365564 0.06850042026613212 923
0.2979983141629279 0.06950110727688373 924
0.3032442714063054 0.07822684192722899 925
0.7280286573150296 0.04222057468185875 926
0.7280272095101865 -0.0422065129188138 927
0.723655239277192 -0.05436346910057385 928
0.428643875014448 0.06559407424686184 929
0.2380145749184069 0.06818229627843071 930
0.2319951128247458 0.07819225286022242 931
0.6680509605407641 -0.04870714179751982 932
0.4286106181056076 -0.06567144258639956 933
0.5884693310236866 0.05512071508387059 934
0.6284105518437315 0.05213020821496278 935
0.6348722012988416 0.06284565735362772 936
0.2480161405817892 -0.06801060651786951 937
0.6682561947110858 0.04848736470183364 938
0.2171619210285555 0.06727856137850081 939
0.3484971944936349 -0.06853419795038578 940
0.0974547673243934 -0.05530257821795992 941
0.7081483679780916 -0.04462028305811306 942
0.704151704696594 -0.05502088018810178 943
0.3070755118677921 -0.07033049238514433 944
0.08760779124428519 0.05267459838868526 945
0.0576232070133757 -0.04666291525679409 946
0.7080565051608338 0.04490775797999875 947
0.08740724776864767 -0.05375149628434536 948
0.1877311885645372 -0.06647346281172475 949
0.187731940059683 0.06569296748343897 950
0.117437881684527 -0.05874317531250376 951
0.1570916187018382 -0.06314539152881493 952
0.7479404561250665 0.04014193665259073 953
0.7547358343851855 0.05145256895556913 954
0.1776865468430752 -0.06587671129298009 955
0.037715571750362 0.04106222461546411 956
0.03928171747611625 0.05428974653067943 957
0.04387310460390331 0.07059851383463675 958
0.207922445712359 0.06513161014456426 959
0.288182650299389 -0.0686299089028253 960
0.2283318005639923 -0.06777250768849276 961
0.2078357259096965 -0.06646381398289634 962
0.7866321992054921 0.03926782125367465 963
0.7877458003984352 -0.03581762339373138 964
0.7677921388143986 -0.03850303085360387 965
0.7676961873599353 0.03816733944023049 966
0.7492552489286987 -0.0425760765837308 967
0.8070358234316617 -0.03290154749193121 968
0.8063973241287183 0.03546511446275966 969
0.8474196012483368 -0.02901225594174068 970
0.8275738001309197 -0.03166696601113903 971
0.8344670252289625 -0.04099162697153839 972
0.8272028852517503 0.03236767669906115 973
0.8334557025759813 0.04261115705256963 974
0.05805005699622401 0.04533440286524468 975
0.8487127072035211 0.03845708790682931 976
0.9070114161747083 -0.02149168843819148 977
0.9033342830453934 -0.03331744106988781 978
0.916627247998237 -0.03051946012005753 979
0.9068034931981794 0.02383565638788271 980
0.1775381524583025 0.06494944922024187 981
0.8472541921551172 0.02736908928525312 982
0.8675347805316042 0.02817662290191762 983
0.8673214199969255 -0.02681958674210985 984
0.8871893183158182 0.02336536254910152 985
0.8927749768330153 0.06938073656396761 986
0.843440182447143 0.05372769053097846 987
0.1161558944476705 0.05834613139384956 988
0.9175719974727846 0.02280766394090139 989
0.9370108395103062 0.01636535819946771 990
0.5124813476647784 0.4760628248266843 991
0.8872109490059488 -0.024511915338725 992
0.3021799837680117 -0.09862512873631245 993
0.2104320780317998 -0.1143699952376408 994
0.9467096751332844 0.01622273101022547 995
1.136388170752058 0.06844999094138882 996
0.383787988465295 0.07724746232361332 997
0.9765335749529811 0.01339273323727021 998
0.09718347855222309 0.05533323113808012 999
0.1557743299226607 0.06470013047209407 1000
0.2449378644437927 -0.2437616603954662 1001
-0.0275634426070408 0.05196325746443126 1002
0.7738085479186764 -0.04846202288378787 1003
0.9664290919940859 -0.01319423975678272 1004
0.9665481460273879 0.01349854973928626 1005
0.9462566670327173 -0.01728527362994376 1006
0.9541270661553076 -0.02949449345002168 1007
0.9394722992527997 -0.02817517918585649 1008
0.9167681376919213 -0.01987116132363151 1009
0.7748652861137052 0.04606779908585254 1010
0.3435569734504753 -0.078556210648797 1011
0.7376655584212741 -0.05378469401085098 1012
0.7638642667841671 0.07864141353532582 1013
0.6488099380720147 -0.7122103483125353 1014
0.6848594510279713 0.05701973931976992 1015
0.7057703698690159 -0.3802598075015572 1016
0.9007092593238666 0.03405219078412845 1017
0.06604233397421128 0.5071743621316208 1018
0.2118159697322963 0.4377819628874828 1019
0.174290761360633 0.7598402875408863 1020
0.0230235399176304 0.05231801557413078 1021
0.01360521784284274 0.04097116537965001 1022
-0.005020787269652383 0.03617016743878981 1023
0.003535391410675048 0.05738206432492802 1024
0.4595541672755988 -0.07590816441091389 1025
0.975859122379019 -0.01405199614533598 1026
0.9830650032964946 -0.0262497893015514 1027
0.3439918202836212 0.08042551605381154 1028
0.9367895908911328 -0.01757603365474489 1029
0.5021339893649071 -0.201613642341811 1030
0.1989238232677177 -0.4561823518444255 1031
0.9277881803723057 -0.1358449471994831 1032
0.7830327354996507 -0.1603808625230394 1033
0.6628346096523945 0.4080519401404117 1034
-0.1498751315201948 0.27222451597569 1035
0.5595552971557145 -0.1339236097487055 1036
0.5818707723141746 -0.1479751841279088 1037
-0.2198090854875636 -0.005885926934305711 1038
-0.2324431923210003 -0.1069764864092982 1039
0.8835005205321016 -0.03528827486052711 1040
-0.002821991610837071 0.01882111401321796 1041
0.08036957379980253 -0.06304444914823362 1042
0.4038764980083418 0.07688806941198212 1043
0.3308092396693653 0.3666230074202437 1044
0.684296969451391 -0.057252398185904 1045
1.139383703136804 0.557387142887524 1046
0.4460561580978346 -0.1417778453191856 1047
0.1452497972896325 0.07139852847596419 1048
0.7390954460343352 0.05241047657630195 1049
-0.02096337463120657 0.01942152615486807 1050
0.5648404693815314 0.09410099075785212 1051
0.4464672709588493 0.7164901118063834 1052
0.1412291852898359 0.1133219540825491 1053
0.2998274400565812 -0.1913274163804523 1054
0.489943774821291 -0.08591915062589811 1055
0.9099662829130984 -0.7482164533848638 1056
0.9266571137089032 0.03169038532043727 1057
0.5375015026605712 -0.677429182583922 1058
0.8521598219680955 -0.1387613745313828 1059
0.5974519041536511 0.08943069652078786 1060
0.3519251163702735 -0.1576097159545125 1061
1.1266713822835 0.1255108437535031 1062
0.1053707127550305 0.06621095802502271 1063
0.2321394363036188 -0.2085206800428513 1064
0.2904193327903113 -0.2379076817607915 1065
1.136948884547446 -0.5866738953203958 1066
0.8840009718496941 0.4504161756959702 1067
0.2758617475823526 0.2095499222720748 1068
0.9969965041207114 -0.009471435596255249 1069
0.6894229343427916 0.8433877247172467 1070
0.1573902320211668 -0.6414659784654193 1071
0.8500544918793119 0.1231481060840959 1072
0.9428908626588434 -0.3025591188637031 1073
0.3979879054622462 -0.3853013733261819 1074
0.5813914289768815 -0.3453566306302406 1075
0.6690978411853672 -0.1361576333904528 1076
0.1310979640971148 0.1661065633418969 1077
0.5786773187509316 0.2349855680317307 1078
0.5477337793322343 0.1727753511404954 1079
0.7988503242384146 0.04651219131765682 1080
0.6296247993777782 -0.08524696386386714 1081
0.1921775384093819 0.07630456411019712 1082
0.606210622148919 0.1726652422816054 1083
0.6401364530580416 -0.3381968192901119 1084
0.3641276435719671 0.07759116714537677 1085
0.2915446789352037 0.0799259057675501 1086
0.4581013874766241 -0.3815497885973095 1087
0.6013103079670128 -0.1354018961271861 1088
0.7947432306691495 0.1551923819787582 1089
0.3060221199746224 0.1592941680749375 1090
0.371299780868047 0.1193377422093202 1091
0.6574254697697524 -0.1963560059366807 1092
0.256305027336369 0.1514115105241796 1093
1.105320524217366 -0.1938426863006369 1094
0.2667570226399164 -0.4156480021986168 1095
0.1305508089308997 -0.07138574634262318 1096
0.1240408607095839 0.1025457057607801 1097
0.9598399111073862 0.1277259771781553 1098
0.1924493431380585 -0.07588469636402938 1099
0.3147848495834684 0.07956645906207971 1100
-0.1538106800281045 -0.3596337954362903 1101
0.4275280725170786 -0.1906892329500064 1102
0.5114386265980569 0.4028701372579483 1103
0.6061393954322331 0.5003411354603564 1104
0.5888792856415211 0.7111832141897731 1105
0.3053638804176901 -0.4895570521242453 1106
0.6868408347022386 -0.1205975390818522 1107
0.4611442740650293 0.1211922647495338 1108
-0.008564984141080534 -0.007229393351025099 1109
0.5683015806989868 0.07852534673125496 1110
0.687440247939073 -0.8499856762804436 1111
0.1109299353594938 -0.06816925217557637 1112
0.8091750073465306 -0.04399528588476195 1113
0.2975334530694704 -0.07961176957617254 1114
1.191375183170073 -0.2298607042946366 1115
1.18269524719297 -0.332587619426471 1116
0.6529989409106836 0.05887832742202882 1117
0.4008757835062092 0.8566263408010062 1118
0.9563103243431157 0.02340567647910423 1119
0.2305324781022065 0.1632738998712327 1120
0.7675333350397027 -0.05827724934993236 1121
-0.04650727375452546 -0.01682412428146171 1122
0.4596424196699861 0.07307058880990334 1123
0.4856649028327216 -0.1042049013670517 1124
0.8222811455968801 0.04328450410962707 1125
0.5125706980392571 -0.4234088886013291 1126
0.4856665000094148 -0.179876778003929 1127
0.8614309865989752 0.03711597749621592 1128
0.3035587651546643 0.0901426679673544 1129
0.8341440053858151 -0.05279142335906417 1130
0.1993528295868966 0.1880615058885478 1131
0.03688204171265608 -0.5962411742979121 1132
-0.05933538009499328 -0.6670451174324116 1133
0.1693712784898496 -0.07658928967110194 1134
0.3748551180705434 -0.09836886683402711 1135
0.3690511261696814 -0.07997641863357635 1136
0.7266976331759504 -0.1426300733106974 1137
0.2033439604210366 0.3568130138463975 1138
0.5628132674540465 0.06826552562463845 1139
0.5993182217390288 0.06355289737624663 1140
0.1430821376620862 -0.153645282641792 1141
1.168127676864539 -0.03355565517077468 1142
1.178651827500081 0.02802136771952812 1143
0.2788978020670051 -0.09067545049669924 1144
0.9574861288363219 -0.06365759287832902 1145
0.09454178062738927 -0.1552346569618006 1146
1.113788386087776 -0.03126288584127505 1147
0.70324190253047 0.05415681511278864 1148
0.4136818430516921 0.07405446027142355 1149
0.5659137488917722 -0.1703230508192095 1150
0.5758261148768198 -0.06712222871687946 1151
0.8500679306544995 -0.1098736114476494 1152
0.8925495327364419 -0.147938804716959 1153
0.7507525783742226 -0.3164863635671051 1154
0.4944201460153655 -0.07178084924700741 1155
0.4248031616148113 -0.0732737210135796 1156
0.5347862155276368 -0.06695709399814571 1157
0.5434877130840485 -0.06723408819689754 1158
0.8518264925797095 0.1860633325699555 1159
0.6141631200994035 -0.06181211913882091 1160
0.4940517371374617 0.07068426319488422 1161
0.6239686806343766 -0.06195926673444983 1162
0.5581409081870103 0.2027796157721689 1163
0.5341365623844939 0.06799006368898985 1164
0.5132351755934733 -0.07115317275699766 1165
0.6336635675044444 -0.0598589108685889 1166
0.423448409377002 0.07522913883492947 1167
0.6239958598480968 0.06098580086818102 1168
0.9835036433866085 0.02131806385586537 1169
0.5141681126201362 0.0694271218791272 1170
-0.02836123908694554 -0.03488321080218591 1171
0.4331481343391242 -0.07359196192078542 1172
0.1466394751802353 -0.07089367999476619 1173
0.3738634182222439 0.07551006198100182 1174
0.8960747376099272 0.1733705690930691 1175
0.9327757195897346 0.1994062513118958 1176
0.7136590495523091 -0.05270842399579603 1177
0.3546236333943191 -0.07691260189790788 1178
0.997890884762298 0.04664289193755634 1179
0.6742521846190626 0.05674999909255993 1180
0.393735237189775 0.07537091128441278 1181
0.2429702478220972 0.07989564011423647 1182
0.233725095763898 0.09191576525326225 1183
0.07273314563436895 0.3963634755201613 1184
0.7277595056749803 -0.06615978570008729 1185
0.3544254796222139 0.07649289649055703 1186
0.2917275694869915 0.4265673903207824 1187
0.9017543809466699 -0.1183098409076611 1188
0.2622728792867703 -0.07707483251781568 1189
-0.0254169086700784 -0.000984722574317166 1190
0.7618835797826922 -0.04736400269035732 1191
0.01854220015357683 0.03136112758492011 1192
0.7644197053638075 0.04716422841815807 1193
0.2618695036294815 0.1788260867243416 1194
0.8635073197382314 -0.03698537174272528 1195
0.06146760760155556 0.07148065037885643 1196
0.06239406581682705 0.09113642383549447 1197
0.6548866094303238 -0.05781604230769978 1198
-0.1817181934880588 -0.2729303823806818 1199
0.7837302118228464 -0.04513869159737162 1200
0.05127840336086725 -0.05519963118879509 1201
0.6368223032925429 0.07358368891357167 1202
0.2023214994894094 -0.07507399990019703 1203
-0.2477089246305723 0.47109179696816 1204
0.1612001058593783 -0.07193979718934092 1205
0.006871665492634849 0.2296641679756707 1206
0.1203949941904228 -0.0675350843471499 1207
0.2385670372455734 -0.07682744163896188 1208
0.2207558579155128 0.07582942907520007 1209
0.8237421498586065 -0.04270007521912712 1210
0.5008160631381913 0.2127823503969885 1211
0.1002674241114704 -0.06347032374089977 1212
0.9962580564148367 0.009062438325886444 1213
1.009965341839347 0.007665057516145771 1214
0.4130138074119257 -0.2308667278110592 1215
0.8066679730334436 -0.2985933866168988 1216
0.9678012461450657 -0.02353131771702444 1217
0.07390255108743721 -0.2519601739458697 1218
0.1812361970944593 0.07304312380339524 1219
0.8465687549317749 0.6573349008682252 1220
0.09202466874637172 -0.06184034048374082 1221
0.09391567767860753 0.1202478490604069 1222
-0.1489204298763784 0.548479445438749 1223
1.105762077069499 -0.1271140456208866 1224
1.032288470723225 -0.0008359570699684417 1225
0.4043388616502388 -0.07565842025429266 1226
0.2696504405106845 0.07866258304482149 1227
0.006076599718517928 -0.06124194857608447 1228
-0.0632778572711904 0.6550089885927041 1229
0.8723207273634632 -0.034539396727269 1230
0.02064772770846973 0.102464493698032 1231
-0.1187363679671707 -0.1688532020416382 1232
0.1208227773275896 0.06800275699305638 1233
0.1723688423148253 0.07333812361946232 1234
0.1000085564782486 0.609346410604475 1235
0.6918938319216765 0.08407641482593187 1236
0.8927641913869546 -0.03270130556702534 1237
0.9290035605108358 -0.03794921266853817 1238
0.3830475936195784 -0.07697123426352227 1239
0.6442409349861559 0.05891758016421694 1240
1.02917163799523 0.1333363408616298 1241
1.00685556316072 0.03335604495751784 1242
0.953671360033465 -0.08594981551420178 1243
-0.241773498925436 -0.2124387633453366 1244
-0.0847158512774886 0.1076780681325505 1245
0.7712541448108901 -0.4303943690596388 1246
0.9029798760199478 -0.3549122040377052 1247
0.4897550953262285 0.09377563410974352 1248
0.1340448133528134 0.4519879663208941 1249
0.6635797705608675 -0.05680329829453759 1250
0.5943037482871285 0.0748023177853445 1251
-0.04719300296102014 0.08700233744767816 1252
0.9801345228467286 0.1581823717209897 1253
1.009397970070816 -0.008927433440465553 1254
1.080004993971374 0.1577928015770814 1255
0.09390228724419108 0.1480640311636599 1256
-0.1498149199250319 -0.1196793077653313 1257
0.9989629426493654 -0.02090553469909593 1258
0.3654718732800828 0.09941332166122457 1259
0.5884165404441122 0.1999855972688861 1260
0.4340124746871058 0.07426416203772496 1261
0.838474774574948 0.06884995586122653 1262
0.3343272123178731 -0.07726077295857305 1263
0.2955663210826703 -0.1125863665429312 1264
0.2880574715604801 0.1805837190424172 1265
0.6921265349845553 -0.1477753358915322 1266
0.6940841570898499 -0.05372736301276283 1267
1.226879926339476 0.1936602471109528 1268
0.1031647715547547 -0.08891393523045646 1269
0.5473155255883317 -0.08414887131004475 1270
0.8445359880291883 -0.03674409522794844 1271
0.8525377271593105 -0.03540229025179673 1272
0.5044906435293124 0.09104396131902788 1273
0.1442792642171227 0.1404064577615914 1274
0.5840913827384687 -0.06315798184521725 1275
0.9267598605553173 -0.05299018825087379 1276
0.6013753020768966 -0.1639776753001837 1277
0.3493057757974054 -0.1005267242073203 1278
0.08370679388083035 -0.08629106468019468 1279
0.06770931223601001 0.1664650665350059 1280
0.4392466062035845 -0.09078042904533734 1281
0.6939806277539897 0.0538987461221202 1282
0.3750077389757084 -0.2282155063860594 1283
0.3703947952020624 0.1366205142251219 1284
0.1203631019047182 -0.1736689414518614 1285
0.3484029357190241 0.09730055624324496 1286
0.553577389592118 0.06647780342420663 1287
1.149398458579683 -0.4375719234622728 1288
0.289904232353931 -0.09027624721740345 1289
1.284385036255699 -0.152285285980422 1290
0.503624316516222 -0.06909171300318086 1291
0.7583045502385876 -0.144120968990197 1292
0.8028387081413991 -0.1300731572568148 1293
0.2718790863396732 -0.1026562353125509 1294
0.04170336386691326 0.1245560096443662 1295
-0.2729699684131828 0.2433184853987261 1296
0.1307214448024566 0.2026589266515802 1297
NMARK= 2
MARKER_TAG= farfield
MARKER_ELEMS= 31
3 0 1 
3 1 2 
3 2 3 
3 3 4 
3 4 5 
3 5 6 
3 6 7 
3 7 8 
3 8 9 
3 9 10 
3 10 11 
3 11 12 
3 12 13 
3 13 14 
3 14 15 
3 15 16 
3 16 17 
3 17 18 
3 18 19 
3 19 20 
3 20 21 
3 21 22 
3 22 23 
3 23 24 
3 24 25 
3 25 26 
3 26 27 
3 27 28 
3 28 29 
3 29 30 
3 30 0 
MARKER_TAG= airfoil
MARKER_ELEMS= 204
3 31 33 
3 33 34 
3 34 35 
3 35 36 
3 36 37 
3 37 38 
3 38 39 
3 39 40 
3 40 41 
3 41 42 
3 42 43 
3 43 44 
3 44 45 
3 45 46 
3 46 47 
3 47 48 
3 48 49 
3 49 50 
3 50 51 
3 51 52 
3 52 53 
3 53 54 
3 54 55 
3 55 56 
3 56 57 
3 57 58 
3 58 59 
3 59 60 
3 60 61 
3 61 62 
3 62 63 
3 63 64 
3 64 65 
3 65 66 
3 66 67 
3 67 68 
3 68 69 
3 69 70 
3 70 71 
3 71 72 
3 72 73 
3 73 74 
3 74 75 
3 75 76 
3 76 77 
3 77 78 
3 78 79 
3 79 80 
3 80 81 
3 81 82 
3 82 83 
3 83 84 
3 84 85 
3 85 86 
3 86 87 
3 87 88 
3 88 89 
3 89 90 
3 90 91 
3 91 92 
3 92 93 
3 93 94 
3 94 95 
3 95 96 
3 96 97 
3 97 98 
3 98 99 
3 99 100 
3 100 101 
3 101 102 
3 102 103 
3 103 104 
3 104 105 
3 105 106 
3 106 107 
3 107 108 
3 108 109 
3 109 110 
3 110 111 
3 111 112 
3 112 113 
3 113 114 
3 114 115 
3 115 116 
3 116 117 
3 117 118 
3 118 119 
3 119 120 
3 120 121 
3 121 122 
3 122 123 
3 123 124 
3 124 125 
3 125 126 
3 126 127 
3 127 128 
3 128 129 
3 129 130 
3 130 131 
3 131 132 
3 132 133 
3 133 32 
3 32 134 
3 134 135 
3 135 136 
3 136 137 
3 137 138 
3 138 139 
3 139 140 
3 140 141 
3 141 142 
3 142 143 
3 143 144 
3 144 145 
3 145 146 
3 146 147 
3 147 148 
3 148 149 
3 149 150 
3 150 151 
3 151 152 
3 152 153 
3 153 154 
3 154 155 
3 155 156 
3 156 157 
3 157 158 
3 158 159 
3 159 160 
3 160 161 
3 161 162 
3 162 163 
3 163 164 
3 164 165 
3 165 166 
3 166 167 
3 167 168 
3 168 169 
3 169 170 
3 170 171 
3 171 172 
3 172 173 
3 173 174 
3 174 175 
3 175 176 
3 176 177 
3 177 178 
3 178 179 
3 179 180 
3 180 181 
3 181 182 
3 182 183 
3 183 184 
3 184 185 
3 185 186 
3 186 187 
3 187 188 
3 188 189 
3 189 190 
3 190 191 
3 191 192 
3 192 193 
3 193 194 
3 194 195 
3 195 196 
3 196 197 
3 197 198 
3 198 199 
3 199 200 
3 200 201 
3 201 202 
3 202 203 
3 203 204 
3 204 205 
3 205 206 
3 206 207 
3 207 208 
3 208 209 
3 209 210 
3 210 211 
3 211 212 
3 212 213 
3 213 214 
3 214 215 
3 215 216 
3 216 217 
3 217 218 
3 218 219 
3 219 220 
3 220 221 
3 221 222 
3 222 223 
3 223 224 
3 224 225 
3 225 226 
3 226 227 
3 227 228 
3 228 229 
3 229 230 
3 230 231 
3 231 232 
3 232 233 
3 233 234 
3 234 31 
